qr_plot,qr_spalte,qr_reihe,qr_condition,qr_sample_id,qr_text,original_filename,output_basename,count,input_path,scale_factor,original_image_height_px,original_image_width_px,working_image_height_px,working_image_width_px,qr_raw,qr_format,qr_detected,qr_method,qr_points,qr_bbox_xyxy,qr_bbox_xyxy_working,qr_points_working,qr_text_file,qr_json_file,roi_source,roi_y0,roi_y1,roi_x0,roi_x1,crop_height_px,crop_width_px,coordinate_scale,n_raw_masks_initial,n_raw_masks_after_exclusion,n_rescue_candidates,n_rescue_added,n_raw_masks,valid_region_fraction,n_kept_worms,n_rejected_masks,labels_tif,overlay_png,stats_csv,qr_token_count,qr_token_0,qr_token_1,qr_token_2,qr_token_3,qr_token_4,qr_token_5,count_from_worm_rows,mean_area_px,median_area_px,std_area_px,min_area_px,max_area_px,sum_area_px,mean_skeleton_length_px,median_skeleton_length_px,std_skeleton_length_px,min_skeleton_length_px,max_skeleton_length_px,sum_skeleton_length_px,mean_axis_major_px,median_axis_major_px,std_axis_major_px,min_axis_major_px,max_axis_major_px,sum_axis_major_px,mean_axis_minor_px,median_axis_minor_px,std_axis_minor_px,min_axis_minor_px,max_axis_minor_px,sum_axis_minor_px,mean_aspect_ratio,median_aspect_ratio,std_aspect_ratio,min_aspect_ratio,max_aspect_ratio,sum_aspect_ratio,mean_eccentricity,median_eccentricity,std_eccentricity,min_eccentricity,max_eccentricity,sum_eccentricity,mean_solidity,median_solidity,std_solidity,min_solidity,max_solidity,sum_solidity,mean_perimeter_px,median_perimeter_px,std_perimeter_px,min_perimeter_px,max_perimeter_px,sum_perimeter_px,mean_orientation_rad,median_orientation_rad,std_orientation_rad,min_orientation_rad,max_orientation_rad,sum_orientation_rad,mean_equivalent_diameter_area_px,median_equivalent_diameter_area_px,std_equivalent_diameter_area_px,min_equivalent_diameter_area_px,max_equivalent_diameter_area_px,sum_equivalent_diameter_area_px
180.0,3.0,60.0,R4S,274.0,Plot180_Spalte3_Reihe60_R4S_274_,20260512_154701.jpg,20260512-154701__qr-Plot180-Spalte3-Reihe60-R4S-274__b9015a58,14,images/20260512_154701.jpg,0.5,4000,3000,2000,1500,Plot180_Spalte3_Reihe60_R4S_274_,plot_spalte_reihe_condition_sample,True,opencv_right_strip_full_height_rgb_scale_1,"[[2834.3853759765625, 1118.9864501953125], [2835.0, 1525.0], [2424.0, 1538.0], [2424.0, 1123.0]]","[2424, 1118, 2835, 1538]","[1212, 559, 1418, 769]","[[1417.1926879882812, 559.4932250976562], [1417.5, 762.5], [1212.0, 769.0], [1212.0, 561.5]]",output/metadata/20260512-154701__qr-Plot180-Spalte3-Reihe60-R4S-274__b9015a58__qr.txt,output/metadata/20260512-154701__qr-Plot180-Spalte3-Reihe60-R4S-274__b9015a58__qr.json,auto,160,1840,120,1380,1680,1260,working_pixels,16,16,0,0,16,0.8384915910808768,14,2,output/labels/20260512-154701__qr-Plot180-Spalte3-Reihe60-R4S-274__b9015a58__labels.tif,output/overlays/20260512-154701__qr-Plot180-Spalte3-Reihe60-R4S-274__b9015a58__labeled.png,output/stats/20260512-154701__qr-Plot180-Spalte3-Reihe60-R4S-274__b9015a58__worms.csv,,,,,,,,14,580.9285714285714,495.5,284.67078537137604,194,1148,8133,41.214285714285715,39.5,12.447913457706454,21.0,60.0,577.0,56.71194017730465,55.79731362057651,14.916227648276253,33.5577785022308,78.44564383047312,793.967162482265,14.49024063738012,13.262672734348154,4.6385442552396166,7.511373020585038,23.141342956658143,202.86336892332167,3.9953710005039107,4.131362536451243,0.46607326602917454,3.117332342522462,4.512056795418185,55.93519400705475,0.9667400371140067,0.9702390345067232,0.008878812859518926,0.9471513273302156,0.9751311938747312,13.534360519596094,0.8216236479134528,0.8420949296956526,0.06271018468445579,0.7112403100775194,0.9159049360146252,11.50273107078834,122.85048693430694,118.27564927611034,33.81359769111633,72.59797974644667,174.99494936611666,1719.9068170802973,-0.07563610897236031,-0.15261223844546196,0.8758825086240601,-1.3626732812946212,1.2941968349383708,-1.0589055256130444,26.419112811155475,25.117140784248953,6.7006538896258165,15.716503163191918,38.23191072070512,369.86757935617663
203.0,4.0,23.0,R4S,448.0,Plot203_Spalte4_Reihe23_R4S_448_,20260512_155150.jpg,20260512-155150__qr-Plot203-Spalte4-Reihe23-R4S-448__1ee0c963,85,images/20260512_155150.jpg,0.5,4000,3000,2000,1500,Plot203_Spalte4_Reihe23_R4S_448_,plot_spalte_reihe_condition_sample,True,opencv_right_strip_full_height_rgb_scale_1.5,"[[2886.666666666667, 1078.6666666666667], [2884.666666666667, 1483.3333333333333], [2475.3333333333335, 1491.3333333333333], [2475.3333333333335, 1078.6666666666667]]","[2475, 1078, 2887, 1492]","[1237, 539, 1444, 746]","[[1443.3333333333335, 539.3333333333334], [1442.3333333333335, 741.6666666666666], [1237.6666666666667, 745.6666666666666], [1237.6666666666667, 539.3333333333334]]",output/metadata/20260512-155150__qr-Plot203-Spalte4-Reihe23-R4S-448__1ee0c963__qr.txt,output/metadata/20260512-155150__qr-Plot203-Spalte4-Reihe23-R4S-448__1ee0c963__qr.json,auto,237,1985,30,1485,1748,1455,working_pixels,87,87,0,0,87,0.8647282706991594,85,2,output/labels/20260512-155150__qr-Plot203-Spalte4-Reihe23-R4S-448__1ee0c963__labels.tif,output/overlays/20260512-155150__qr-Plot203-Spalte4-Reihe23-R4S-448__1ee0c963__labeled.png,output/stats/20260512-155150__qr-Plot203-Spalte4-Reihe23-R4S-448__1ee0c963__worms.csv,,,,,,,,85,583.7647058823529,578.0,198.73514601928196,165,1066,49620,41.141176470588235,42.0,11.008819993398873,17.0,61.0,3497.0,55.45035163295523,57.26568754874632,12.852831391367848,24.895702504123893,75.79495913608781,4713.279888801195,14.991011894199792,14.606192699459456,3.2544139934855205,8.346723388488968,25.18014077062059,1274.2360110069824,3.719528184349204,3.7810481356049688,0.5764981096907595,1.9157300721335009,4.807911671857906,316.1598956696823,0.9588110613620465,0.964392012580796,0.021737787535984772,0.8529490299926841,0.9781308439096724,81.49894021577396,0.8362762940263593,0.8465346534653465,0.05693266050175234,0.700377358490566,0.9538216560509554,71.08348499224054,121.38018836236184,123.6812408671319,27.355002594147564,57.4558441227157,170.36753236814712,10317.316010800756,0.1069065746933163,0.1358737952598099,0.9833665915533271,-1.5617693496433582,1.5645268775568122,9.087058848931886,26.82872902186663,27.128075067297424,4.875578879934778,14.494292838262302,36.84119100528216,2280.4419668586634
203.0,4.0,23.0,R4S,448.0,Plot203_Spalte4_Reihe23_R4S_448_,20260512_155321.jpg,20260512-155321__qr-Plot203-Spalte4-Reihe23-R4S-448__48c5d81c,86,images/20260512_155321.jpg,0.5,4000,3000,2000,1500,Plot203_Spalte4_Reihe23_R4S_448_,plot_spalte_reihe_condition_sample,True,opencv_right_strip_full_height_rgb_scale_1.5,"[[2926.666666666667, 1178.6666666666667], [2911.333333333333, 1590.0], [2497.6318359375, 1578.5237630208333], [2509.3333333333335, 1168.0]]","[2497, 1168, 2927, 1590]","[1248, 584, 1464, 795]","[[1463.3333333333335, 589.3333333333334], [1455.6666666666665, 795.0], [1248.81591796875, 789.2618815104166], [1254.6666666666667, 584.0]]",output/metadata/20260512-155321__qr-Plot203-Spalte4-Reihe23-R4S-448__48c5d81c__qr.txt,output/metadata/20260512-155321__qr-Plot203-Spalte4-Reihe23-R4S-448__48c5d81c__qr.json,auto,160,1840,120,1380,1680,1260,working_pixels,87,87,0,0,87,0.8644893235071807,86,1,output/labels/20260512-155321__qr-Plot203-Spalte4-Reihe23-R4S-448__48c5d81c__labels.tif,output/overlays/20260512-155321__qr-Plot203-Spalte4-Reihe23-R4S-448__48c5d81c__labeled.png,output/stats/20260512-155321__qr-Plot203-Spalte4-Reihe23-R4S-448__48c5d81c__worms.csv,,,,,,,,86,584.2790697674419,581.5,192.92324905868603,151,970,50248,42.13953488372093,41.5,10.799959466914865,21.0,64.0,3624.0,57.18272676415264,59.775505346732245,12.432352793836921,25.803070252147094,75.36561902505055,4917.714501717127,14.717308367634304,14.151608035207833,3.398763174186503,7.715825507657408,24.952563844679485,1265.6885196165501,3.9450596598479466,3.949460030480645,0.7494364588836088,2.189554393391953,8.10797731965008,339.2751307469234,0.9638931652533296,0.9674141277700143,0.014581308531060709,0.8896136143223636,0.992365052865644,82.89481221178634,0.8277296280412764,0.8317094739478174,0.05827260423552679,0.690527838033261,0.9351464435146444,71.18474801154977,123.89000420377496,127.12489168102783,26.67857073454675,57.79898987322333,169.92388155425118,10654.540361524647,-0.04073630791929575,-0.049453163985567046,0.976513482654926,-1.5655278682485303,1.5588393597287564,-3.5033224810594343,26.864119008830674,27.210063646082922,4.744264764806077,13.86575534383214,35.1431694414876,2310.314234759438
109.0,2.0,49.0,R4S,143.0,Plot109_Spalte2_Reihe49_R4S_143_,20260512_155716.jpg,20260512-155716__qr-Plot109-Spalte2-Reihe49-R4S-143__c83ee37f,23,images/20260512_155716.jpg,0.5,4000,3000,2000,1500,Plot109_Spalte2_Reihe49_R4S_143_,plot_spalte_reihe_condition_sample,True,opencv_right_strip_full_height_rgb_scale_1,"[[2908.769287109375, 1094.0], [2909.0, 1501.0], [2500.0, 1501.0], [2500.0, 1094.0]]","[2500, 1094, 2909, 1501]","[1250, 547, 1455, 751]","[[1454.3846435546875, 547.0], [1454.5, 750.5], [1250.0, 750.5], [1250.0, 547.0]]",output/metadata/20260512-155716__qr-Plot109-Spalte2-Reihe49-R4S-143__c83ee37f__qr.txt,output/metadata/20260512-155716__qr-Plot109-Spalte2-Reihe49-R4S-143__c83ee37f__qr.json,auto,221,1985,28,1485,1764,1457,working_pixels,25,25,0,0,25,0.850223800341459,23,2,output/labels/20260512-155716__qr-Plot109-Spalte2-Reihe49-R4S-143__c83ee37f__labels.tif,output/overlays/20260512-155716__qr-Plot109-Spalte2-Reihe49-R4S-143__c83ee37f__labeled.png,output/stats/20260512-155716__qr-Plot109-Spalte2-Reihe49-R4S-143__c83ee37f__worms.csv,,,,,,,,23,507.7826086956522,537.0,120.42725322848685,251,814,11679,37.56521739130435,38.0,7.011847681256228,24.0,50.0,864.0,53.90139294906523,55.31821195279973,8.183681643113765,37.28320172605103,69.87745715340273,1239.7320378285003,13.123342973800709,13.023910900819676,1.9071019619850547,9.24798122722241,17.766045429189983,301.8368883974163,4.123192860090012,4.161529970893277,0.4489516432728756,3.221829857756177,4.913434277461982,94.83343578207027,0.9690146458389982,0.9706996021319922,0.007300341824018758,0.950611712396917,0.9790700334336392,22.28733685429696,0.8510666339633586,0.8541666666666666,0.04905857246173959,0.7547649301143583,0.923529411764706,19.574532581157246,114.95931669888816,116.32590180780451,17.025641876012376,80.18376618407356,150.22539674441617,2644.0642840744276,-0.13248507285752267,-0.1543737704140396,0.8856453569154407,-1.295335150560246,1.558324935104305,-3.0471566757230213,25.244179983796354,26.148224328293928,3.1114620409716482,17.876888032555495,32.19343084255579,580.6161396273161
109.0,2.0,49.0,R4S,143.0,Plot109_Spalte2_Reihe49_R4S_143_,20260512_155734.jpg,20260512-155734__qr-Plot109-Spalte2-Reihe49-R4S-143__14e499e6,24,images/20260512_155734.jpg,0.5,4000,3000,2000,1500,Plot109_Spalte2_Reihe49_R4S_143_,plot_spalte_reihe_condition_sample,True,opencv_right_strip_full_height_rgb_scale_1,"[[2916.0, 1100.0], [2935.0, 1504.0], [2526.173828125, 1525.6143798828125], [2506.521240234375, 1117.0465087890625]]","[2506, 1100, 2935, 1526]","[1253, 550, 1468, 763]","[[1458.0, 550.0], [1467.5, 752.0], [1263.0869140625, 762.8071899414062], [1253.2606201171875, 558.5232543945312]]",output/metadata/20260512-155734__qr-Plot109-Spalte2-Reihe49-R4S-143__14e499e6__qr.txt,output/metadata/20260512-155734__qr-Plot109-Spalte2-Reihe49-R4S-143__14e499e6__qr.json,auto,274,1985,28,1485,1711,1457,working_pixels,26,26,0,0,26,0.878975597761186,24,2,output/labels/20260512-155734__qr-Plot109-Spalte2-Reihe49-R4S-143__14e499e6__labels.tif,output/overlays/20260512-155734__qr-Plot109-Spalte2-Reihe49-R4S-143__14e499e6__labeled.png,output/stats/20260512-155734__qr-Plot109-Spalte2-Reihe49-R4S-143__14e499e6__worms.csv,,,,,,,,24,516.375,509.0,160.61669535290207,206,861,12393,36.75,38.0,7.519539763899752,22.0,51.0,882.0,53.51552690776009,54.021033700823075,10.536636162962433,28.475856532807963,71.29300969564702,1284.3726457862422,13.34668070703991,12.979573131120274,2.5118597243848146,9.33652241508554,18.42856945068116,320.32033696895786,4.016351887512095,4.090087388584283,0.4539364587006981,3.0499425018032333,5.189109016200264,96.39244530029028,0.9672725596083526,0.9696498981106239,0.0077774527846853295,0.9447211029700844,0.9812554971663408,23.214541430600462,0.8563318002400121,0.8607185241126335,0.05277939358510887,0.7297297297297297,0.9300970873786408,20.55196320576029,113.78719629996557,114.07463914933368,22.110953296417396,63.4558441227157,152.22539674441617,2730.892711199174,-0.18828387060983198,-0.35963939176607673,1.0255604121921167,-1.556216463642937,1.418920697842241,-4.518812894635968,25.309432290124764,25.45424906995716,4.1995909197311505,16.195287778099022,33.109805919349256,607.4263749629944
147.0,3.0,27.0,R4S,495.0,Plot147_Spalte3_Reihe27_R4S_495_,20260512_160216.jpg,20260512-160216__qr-Plot147-Spalte3-Reihe27-R4S-495__6b05dbfb,31,images/20260512_160216.jpg,0.5,4000,3000,2000,1500,Plot147_Spalte3_Reihe27_R4S_495_,plot_spalte_reihe_condition_sample,True,opencv_right_strip_full_height_rgb_scale_1,"[[2893.0, 1094.0], [2900.0, 1499.0], [2489.03955078125, 1504.5582275390625], [2489.0, 1097.0]]","[2489, 1094, 2900, 1505]","[1244, 547, 1450, 753]","[[1446.5, 547.0], [1450.0, 749.5], [1244.519775390625, 752.2791137695312], [1244.5, 548.5]]",output/metadata/20260512-160216__qr-Plot147-Spalte3-Reihe27-R4S-495__6b05dbfb__qr.txt,output/metadata/20260512-160216__qr-Plot147-Spalte3-Reihe27-R4S-495__6b05dbfb__qr.json,auto,244,1985,32,1485,1741,1453,working_pixels,34,34,0,0,34,0.8685043481904579,31,3,output/labels/20260512-160216__qr-Plot147-Spalte3-Reihe27-R4S-495__6b05dbfb__labels.tif,output/overlays/20260512-160216__qr-Plot147-Spalte3-Reihe27-R4S-495__6b05dbfb__labeled.png,output/stats/20260512-160216__qr-Plot147-Spalte3-Reihe27-R4S-495__6b05dbfb__worms.csv,,,,,,,,31,698.1290322580645,689.0,207.07772163054844,238,1014,21642,44.87096774193548,45.0,10.397890604938006,20.0,62.0,1391.0,61.45528479793212,62.06546999715936,11.5170801192454,27.6351505167705,78.74577426234929,1905.1138287358958,16.756696471262824,15.894827574346316,3.6034608573904094,10.995098561858526,23.87778330326886,519.4575906091476,3.7086286029636413,3.8324341452144326,0.47026197445734175,2.50831847589294,4.350674937385121,114.96748669187288,0.9606452614573872,0.965357515247022,0.01306132829614884,0.91709294734013,0.9732262100100626,29.780003105179002,0.8232538048931636,0.8076923076923077,0.06134797105241427,0.7268331990330379,0.955453149001536,25.52086795168807,134.43672895577814,139.4386001800126,25.77568267787838,63.79898987322333,171.88225099390854,4167.538597629122,0.1977259896901082,0.1769238670885384,0.7733793569141244,-1.445507833726234,1.543332224539249,6.129505680393355,29.46275025091665,29.61860979726305,4.639637214171797,17.407785949022028,35.93139154501889,913.3452577784161
147.0,3.0,27.0,R4S,495.0,Plot147_Spalte3_Reihe27_R4S_495_,20260512_160323.jpg,20260512-160323__qr-Plot147-Spalte3-Reihe27-R4S-495__33f20026,33,images/20260512_160323.jpg,0.5,4000,3000,2000,1500,Plot147_Spalte3_Reihe27_R4S_495_,plot_spalte_reihe_condition_sample,True,opencv_right_strip_full_height_rgb_scale_1,"[[2911.0, 1097.0], [2913.0, 1501.0], [2500.0, 1501.0], [2502.0, 1094.0]]","[2500, 1094, 2913, 1501]","[1250, 547, 1457, 751]","[[1455.5, 548.5], [1456.5, 750.5], [1250.0, 750.5], [1251.0, 547.0]]",output/metadata/20260512-160323__qr-Plot147-Spalte3-Reihe27-R4S-495__33f20026__qr.txt,output/metadata/20260512-160323__qr-Plot147-Spalte3-Reihe27-R4S-495__33f20026__qr.json,auto,235,1985,24,1485,1750,1461,working_pixels,34,34,0,0,34,0.8639898308399335,33,1,output/labels/20260512-160323__qr-Plot147-Spalte3-Reihe27-R4S-495__33f20026__labels.tif,output/overlays/20260512-160323__qr-Plot147-Spalte3-Reihe27-R4S-495__33f20026__labeled.png,output/stats/20260512-160323__qr-Plot147-Spalte3-Reihe27-R4S-495__33f20026__worms.csv,,,,,,,,33,652.6969696969697,624.0,221.61657271745338,204,1029,21539,42.18181818181818,44.0,11.375561924182431,19.0,61.0,1392.0,58.75627269205285,60.47719842091087,13.319732134005461,27.788849590551084,77.2173464338568,1938.956998837744,16.2103879425612,15.46764498211588,3.450883330902568,9.050802254568278,22.025895371351684,534.9428021045196,3.642892195626701,3.7112747982493945,0.5502332396407842,2.186223780846203,4.406020310334847,120.21544245568113,0.9579815363494365,0.9630146064847646,0.017885955149810902,0.8892560661410822,0.9739035713298884,31.613390699531404,0.8213390051455924,0.8309677419354838,0.060310638609686135,0.7019122609673791,0.9313099041533548,27.10418716980455,128.89012628572135,132.12489168102783,28.399089154090383,65.01219330881976,168.2670273047588,4253.374167428805,-0.13407372356199168,-0.2372144369791791,0.7592196415754847,-1.43254731152022,1.2362819696943,-4.424432877545725,28.373457706334285,28.18690255978371,5.176733348047042,16.11647812414279,36.19618062078487,936.3241043090314
147.0,3.0,27.0,R4S,495.0,Plot147_Spalte3_Reihe27_R4S_495_,20260512_160401.jpg,20260512-160401__qr-Plot147-Spalte3-Reihe27-R4S-495__95c7a35a,33,images/20260512_160401.jpg,0.5,4000,3000,2000,1500,Plot147_Spalte3_Reihe27_R4S_495_,plot_spalte_reihe_condition_sample,True,opencv_right_strip_full_height_rgb_scale_1,"[[2951.0, 1094.0], [2958.0, 1499.0], [2546.3189697265625, 1505.9315185546875], [2542.0, 1099.0]]","[2542, 1094, 2958, 1506]","[1271, 547, 1479, 753]","[[1475.5, 547.0], [1479.0, 749.5], [1273.1594848632812, 752.9657592773438], [1271.0, 549.5]]",output/metadata/20260512-160401__qr-Plot147-Spalte3-Reihe27-R4S-495__95c7a35a__qr.txt,output/metadata/20260512-160401__qr-Plot147-Spalte3-Reihe27-R4S-495__95c7a35a__qr.json,auto,233,1985,24,1485,1752,1461,working_pixels,35,35,0,0,35,0.8683624308114477,33,2,output/labels/20260512-160401__qr-Plot147-Spalte3-Reihe27-R4S-495__95c7a35a__labels.tif,output/overlays/20260512-160401__qr-Plot147-Spalte3-Reihe27-R4S-495__95c7a35a__labeled.png,output/stats/20260512-160401__qr-Plot147-Spalte3-Reihe27-R4S-495__95c7a35a__worms.csv,,,,,,,,33,701.0909090909091,762.0,255.8107654639905,199,1336,23136,46.09090909090909,47.0,18.10449467046035,22.0,125.0,1521.0,59.7817727367515,62.38550308523104,13.46197953306284,26.87873940987125,77.846555183869,1972.7985003127994,17.21218823286601,16.62192520785406,5.070242684061789,9.12762504328422,36.02050229726609,568.0022116845782,3.5593714782803576,3.629018044767896,0.6198937558248104,1.648034575046999,4.721132330603096,117.4592587832518,0.9529945402652867,0.9612848386531904,0.03230354461246074,0.7948672356108522,0.9773100848745566,31.448819828754463,0.81883364191318,0.8231644260599793,0.05756606934567903,0.6951092611862643,0.9044684129429892,27.02151018313494,134.9720832997894,143.29646455628165,34.88667389202385,64.2842712474619,238.10155108391487,4454.07874889305,-0.00025229800181863544,-0.1261758106558916,0.9875947604608085,-1.4982310368239589,1.5523512521787202,-0.00832583406001497,29.3136862664109,31.14817062185505,5.865757153942851,15.91774699517169,41.24376354997416,967.3516467915597
197.0,4.0,17.0,R4S,183.0,Plot197_Spalte4_Reihe17_R4S_183_,20260512_160900.jpg,20260512-160900__qr-Plot197-Spalte4-Reihe17-R4S-183__27dabfa2,36,images/20260512_160900.jpg,0.5,4000,3000,2000,1500,Plot197_Spalte4_Reihe17_R4S_183_,plot_spalte_reihe_condition_sample,True,opencv_right_strip_full_height_rgb_scale_1,"[[2936.0, 1103.0], [2932.4749755859375, 1508.0], [2527.0, 1508.0], [2529.0, 1099.0]]","[2527, 1099, 2936, 1508]","[1263, 549, 1468, 754]","[[1468.0, 551.5], [1466.2374877929688, 754.0], [1263.5, 754.0], [1264.5, 549.5]]",output/metadata/20260512-160900__qr-Plot197-Spalte4-Reihe17-R4S-183__27dabfa2__qr.txt,output/metadata/20260512-160900__qr-Plot197-Spalte4-Reihe17-R4S-183__27dabfa2__qr.json,auto,253,1985,36,1485,1732,1449,working_pixels,41,41,0,0,41,0.8723349064497774,36,5,output/labels/20260512-160900__qr-Plot197-Spalte4-Reihe17-R4S-183__27dabfa2__labels.tif,output/overlays/20260512-160900__qr-Plot197-Spalte4-Reihe17-R4S-183__27dabfa2__labeled.png,output/stats/20260512-160900__qr-Plot197-Spalte4-Reihe17-R4S-183__27dabfa2__worms.csv,,,,,,,,36,481.72222222222223,462.5,206.98469385938537,167,891,17342,34.638888888888886,31.5,10.902562681125616,20.0,56.0,1247.0,48.84085360687601,47.97668735811108,12.627081131962925,27.53834496540251,71.03913856040334,1758.2707298475364,13.529452435969292,12.66653140417564,3.9818514982269884,7.036388096305116,26.424109366450296,487.0602876948945,3.673842800046801,3.627825340583346,0.5479238334887846,1.8328826976253307,4.914381561247217,132.25834080168482,0.9583841957229446,0.9612576807036279,0.02221117962068919,0.8380531146475577,0.9790781876738812,34.501831046026005,0.8581562462995924,0.8680237391018577,0.052385437097061546,0.7224299065420561,0.9230769230769232,30.893624866785327,106.95805067760676,104.27564927611036,28.38131683862436,58.970562748477136,157.0538238691624,3850.4898243938433,0.09382771409826225,0.09123039122537535,0.9827711307332803,-1.5295089667088442,1.5448159405455075,3.3777977075374412,24.18078062634929,24.266622919632702,5.427324317379208,14.581872443920645,33.681692866586,870.5081025485744
197.0,4.0,17.0,R4S,183.0,Plot197_Spalte4_Reihe17_R4S_183_,20260512_160955.jpg,20260512-160955__qr-Plot197-Spalte4-Reihe17-R4S-183__1348a6e0,35,images/20260512_160955.jpg,0.5,4000,3000,2000,1500,Plot197_Spalte4_Reihe17_R4S_183_,plot_spalte_reihe_condition_sample,True,opencv_right_strip_full_height_rgb_scale_1,"[[2951.0, 1099.0], [2944.0, 1505.0], [2536.0, 1505.0], [2538.0, 1094.0]]","[2536, 1094, 2951, 1505]","[1268, 547, 1476, 753]","[[1475.5, 549.5], [1472.0, 752.5], [1268.0, 752.5], [1269.0, 547.0]]",output/metadata/20260512-160955__qr-Plot197-Spalte4-Reihe17-R4S-183__1348a6e0__qr.txt,output/metadata/20260512-160955__qr-Plot197-Spalte4-Reihe17-R4S-183__1348a6e0__qr.json,auto,232,1985,15,1485,1753,1470,working_pixels,36,36,0,0,36,0.8565013912010897,35,1,output/labels/20260512-160955__qr-Plot197-Spalte4-Reihe17-R4S-183__1348a6e0__labels.tif,output/overlays/20260512-160955__qr-Plot197-Spalte4-Reihe17-R4S-183__1348a6e0__labeled.png,output/stats/20260512-160955__qr-Plot197-Spalte4-Reihe17-R4S-183__1348a6e0__worms.csv,,,,,,,,35,442.42857142857144,399.0,205.30856056681324,132,851,15485,34.285714285714285,32.0,10.393921947242925,18.0,55.0,1200.0,48.069094558971955,45.17298694792561,13.624276531723996,23.17695463825033,70.74667486920322,1682.4183095640185,12.575264348823197,11.831417949443203,3.472512564871996,6.126785007349038,19.67792380678782,440.13425220881186,3.8418391249307344,3.8270207202177646,0.5089403821322273,2.9229096339518006,4.835431848329282,134.4643693725757,0.963609558262224,0.965257675553918,0.010116256868665425,0.939654506567718,0.978381808643238,33.72633453917784,0.8461176384077863,0.8532608695652174,0.059132277267709435,0.6731328806983511,0.9302325581395348,29.614117344272522,103.2457265921428,96.8111831820431,29.323527329556924,50.14213562373095,153.63961030678928,3613.600430724998,-0.16980244821529655,-0.1759676773357978,0.9890943446459031,-1.516931718293972,1.5433413414924155,-5.94308568753538,23.08145065710989,22.539356209735228,5.609200936442157,12.964089628857147,32.91696906717907,807.8507729988462
,,,,,Plot72_Spalte2_Reihe12_R4S_197_S,20260512_161303.jpg,20260512-161303__qr-Plot72-Spalte2-Reihe12-R4S-197-S__a255e0be,40,images/20260512_161303.jpg,0.5,4000,3000,2000,1500,Plot72_Spalte2_Reihe12_R4S_197_S,generic_underscore_tokens,True,opencv_right_strip_full_height_rgb_scale_1,"[[2959.85205078125, 1069.003173828125], [2963.0, 1474.0], [2551.0, 1484.2203369140625], [2551.0, 1070.0]]","[2551, 1069, 2963, 1485]","[1275, 534, 1482, 743]","[[1479.926025390625, 534.5015869140625], [1481.5, 737.0], [1275.5, 742.1101684570312], [1275.5, 535.0]]",output/metadata/20260512-161303__qr-Plot72-Spalte2-Reihe12-R4S-197-S__a255e0be__qr.txt,output/metadata/20260512-161303__qr-Plot72-Spalte2-Reihe12-R4S-197-S__a255e0be__qr.json,auto,190,1985,15,1485,1795,1470,working_pixels,43,43,0,0,43,0.8378333617569591,40,3,output/labels/20260512-161303__qr-Plot72-Spalte2-Reihe12-R4S-197-S__a255e0be__labels.tif,output/overlays/20260512-161303__qr-Plot72-Spalte2-Reihe12-R4S-197-S__a255e0be__labeled.png,output/stats/20260512-161303__qr-Plot72-Spalte2-Reihe12-R4S-197-S__a255e0be__worms.csv,6.0,Plot72,Spalte2,Reihe12,R4S,197.0,S,40,511.05,473.0,245.6975365915977,197,1206,20442,40.65,35.0,20.938922167543907,18.0,104.0,1626.0,54.08614180196862,47.76904863645241,21.60220103723086,26.82541865199394,123.00708928275132,2163.445672078745,12.978390818600294,12.683533517830163,2.8605318946364786,8.96668667864673,19.616453056113617,519.1356327440118,4.179686592773404,3.7148704219791595,1.4961179551350436,2.8185652175216074,8.873205253017998,167.18746371093616,0.9637792816752319,0.96307532493407,0.014593116191834062,0.9349458498206462,0.99362919135641,38.55117126700927,0.856644393701932,0.8725715347454478,0.055039199936515695,0.7099903006789525,0.92809364548495,34.26577574807728,115.94671260125708,108.44722215136414,41.88691685851324,60.62741699796952,236.76955262170048,4637.868504050283,0.10970918848937736,0.0294644291361607,0.8313351131405141,-1.5276810874843123,1.5666194647174034,4.3883675395750945,24.82706127914087,24.540406213300017,5.931756999940891,15.837556323903858,39.1857996084118,993.0824511656348
,,,,,Plot72_Spalte2_Reihe12_R4S_197_S,20260512_161407.jpg,20260512-161407__qr-Plot72-Spalte2-Reihe12-R4S-197-S__3c678941,34,images/20260512_161407.jpg,0.5,4000,3000,2000,1500,Plot72_Spalte2_Reihe12_R4S_197_S,generic_underscore_tokens,True,opencv_right_strip_full_height_rgb_scale_1,"[[2910.94921875, 893.9905395507812], [2913.0, 1303.0], [2496.0, 1311.0291748046875], [2498.0, 896.0]]","[2496, 893, 2913, 1312]","[1248, 446, 1457, 656]","[[1455.474609375, 446.9952697753906], [1456.5, 651.5], [1248.0, 655.5145874023438], [1249.0, 448.0]]",output/metadata/20260512-161407__qr-Plot72-Spalte2-Reihe12-R4S-197-S__3c678941__qr.txt,output/metadata/20260512-161407__qr-Plot72-Spalte2-Reihe12-R4S-197-S__3c678941__qr.json,auto,160,1840,120,1380,1680,1260,working_pixels,36,36,0,0,36,0.9043405139833712,34,2,output/labels/20260512-161407__qr-Plot72-Spalte2-Reihe12-R4S-197-S__3c678941__labels.tif,output/overlays/20260512-161407__qr-Plot72-Spalte2-Reihe12-R4S-197-S__3c678941__labeled.png,output/stats/20260512-161407__qr-Plot72-Spalte2-Reihe12-R4S-197-S__3c678941__worms.csv,6.0,Plot72,Spalte2,Reihe12,R4S,197.0,S,34,453.88235294117646,438.0,198.78186075191286,127,852,15432,34.705882352941174,34.5,11.13424804380122,16.0,55.0,1180.0,48.76079268009224,49.30152217507877,13.504372022295792,20.95888794293987,71.14735830558465,1657.866951123136,12.852022087101078,12.781467396585265,3.414142703083341,6.196091660199097,20.54321907975092,436.9687509614367,3.8082392096367585,3.729222350966351,0.5664009612922549,2.606714649738274,5.323062319863964,129.4801331276498,0.9626203978787821,0.9633425086917874,0.011104557883165004,0.9234891046929208,0.9821954739080938,32.72909352787859,0.8414024179107749,0.8455960142698979,0.0625895299828298,0.7173489278752436,0.9492753623188406,28.607682208966345,105.62402060101985,105.86143571373724,29.432917733416943,47.49137802864845,156.71067811865476,3591.2167004346747,0.14994012675511914,0.3472197600463176,0.8144097254673703,-1.4575772643014293,1.3676334416852691,5.097964309674051,23.42042716144569,23.61484176592264,5.502271618812373,12.716187407449045,32.9363035587535,796.2945234891534
144.0,3.0,24.0,R4S,220.0,Plot144_Spalte3_Reihe24_R4S_220_,20260512_162358.jpg,20260512-162358__qr-Plot144-Spalte3-Reihe24-R4S-220__8697ffad,95,images/20260512_162358.jpg,0.5,4000,3000,2000,1500,Plot144_Spalte3_Reihe24_R4S_220_,plot_spalte_reihe_condition_sample,True,opencv_right_strip_full_height_gray_scale_1,"[[2835.0, 1090.0], [2838.0, 1496.0], [2430.6482543945312, 1498.9144287109375], [2427.0, 1094.0]]","[2427, 1090, 2838, 1499]","[1213, 545, 1419, 750]","[[1417.5, 545.0], [1419.0, 748.0], [1215.3241271972656, 749.4572143554688], [1213.5, 547.0]]",output/metadata/20260512-162358__qr-Plot144-Spalte3-Reihe24-R4S-220__8697ffad__qr.txt,output/metadata/20260512-162358__qr-Plot144-Spalte3-Reihe24-R4S-220__8697ffad__qr.json,auto,225,1985,15,1485,1760,1470,working_pixels,97,97,0,0,97,0.8733715986394558,95,2,output/labels/20260512-162358__qr-Plot144-Spalte3-Reihe24-R4S-220__8697ffad__labels.tif,output/overlays/20260512-162358__qr-Plot144-Spalte3-Reihe24-R4S-220__8697ffad__labeled.png,output/stats/20260512-162358__qr-Plot144-Spalte3-Reihe24-R4S-220__8697ffad__worms.csv,,,,,,,,95,772.7684210526315,806.0,224.0100421681163,221,1158,73413,46.536842105263155,49.0,10.297500756810177,17.0,64.0,4421.0,63.73562933283826,66.86213848808433,11.639417188876644,24.52723261823358,79.96140242615805,6054.884786619635,17.413878168325564,18.04997937956404,3.1894429620218205,9.93620660356594,25.409137787414863,1654.3184259909285,3.6698325374276926,3.703831624803559,0.38638698975494434,2.0772360154655822,4.504336695853298,348.6340910556308,0.9604650649308168,0.9628629370170694,0.012012519239080059,0.876496107852906,0.975044782453494,91.2441811684276,0.8318360075979568,0.8302828618968386,0.05007180139865372,0.7203619909502262,0.9456066945606696,79.0244207218059,140.21859070743747,146.95331880577402,25.91552759078869,59.21320343559643,178.0243866176395,13320.76611720656,-0.014426154106088687,-0.0814459211520268,0.8236668129985306,-1.5425367987279883,1.5687291768953875,-1.3704846400784252,30.972384601834918,32.03484154879717,4.989261814738085,16.774562271083887,38.39806496170502,2942.376537174317
144.0,3.0,24.0,R4S,220.0,Plot144_Spalte3_Reihe24_R4S_220_,20260512_162534.jpg,20260512-162534__qr-Plot144-Spalte3-Reihe24-R4S-220__64d78fc6,98,images/20260512_162534.jpg,0.5,4000,3000,2000,1500,Plot144_Spalte3_Reihe24_R4S_220_,plot_spalte_reihe_condition_sample,True,opencv_right_card_middle_large_gray_scale_2,"[[2956.5, 1091.5], [2935.2686767578125, 1504.4290771484375], [2515.7662353515625, 1482.4943237304688], [2541.0, 1071.5]]","[2515, 1071, 2957, 1505]","[1257, 535, 1479, 753]","[[1478.25, 545.75], [1467.6343383789062, 752.2145385742188], [1257.8831176757812, 741.2471618652344], [1270.5, 535.75]]",output/metadata/20260512-162534__qr-Plot144-Spalte3-Reihe24-R4S-220__64d78fc6__qr.txt,output/metadata/20260512-162534__qr-Plot144-Spalte3-Reihe24-R4S-220__64d78fc6__qr.json,auto,160,1840,120,1380,1680,1260,working_pixels,99,99,0,0,99,0.8869524754346183,98,1,output/labels/20260512-162534__qr-Plot144-Spalte3-Reihe24-R4S-220__64d78fc6__labels.tif,output/overlays/20260512-162534__qr-Plot144-Spalte3-Reihe24-R4S-220__64d78fc6__labeled.png,output/stats/20260512-162534__qr-Plot144-Spalte3-Reihe24-R4S-220__64d78fc6__worms.csv,,,,,,,,98,738.2755102040817,780.0,243.24400292931628,112,1160,72351,47.03061224489796,50.0,10.879332606911479,15.0,72.0,4609.0,63.483248503005484,66.34009989350722,12.57764433286379,19.119132705023905,79.67071256452111,6221.358353294538,16.863152071647487,17.613789987418926,3.8906482082069744,7.638582073160385,24.69073850661785,1652.5889030214537,3.8418307357004515,3.7478467013256322,0.765001603996736,2.209330828860693,7.907236615375021,376.49941209864426,0.9623450215238055,0.9637462345501453,0.013062477922010117,0.8917005887793518,0.9919708874923736,94.30981210933294,0.8217762482443788,0.8198946464912159,0.05832960163459824,0.6045454545454545,0.9680851063829788,80.53407232794912,138.94654149563956,146.88225099390854,28.26903668103682,45.04163056034261,176.2670273047588,13616.761066572677,-0.08066430036737304,-0.0655209927933549,0.832199746170517,-1.5519703445237554,1.547073603037421,-7.905101436002559,30.131711116042936,31.513908624663834,5.6931799066759545,11.941642642883693,38.43120960746342,2952.9076893722076
173.0,3.0,53.0,R4S,396.0,Plot173_Spalte3_Reihe53_R4S_396_,20260512_163004.jpg,20260512-163004__qr-Plot173-Spalte3-Reihe53-R4S-396__719e59d0,33,images/20260512_163004.jpg,0.5,4000,3000,2000,1500,Plot173_Spalte3_Reihe53_R4S_396_,plot_spalte_reihe_condition_sample,True,opencv_right_strip_full_height_rgb_scale_1,"[[2764.7033081054688, 1198.99658203125], [2766.0, 1603.0], [2362.0264282226562, 1606.0], [2353.105926513672, 1201.00927734375]]","[2353, 1198, 2766, 1606]","[1176, 599, 1383, 803]","[[1382.3516540527344, 599.498291015625], [1383.0, 801.5], [1181.0132141113281, 803.0], [1176.552963256836, 600.504638671875]]",output/metadata/20260512-163004__qr-Plot173-Spalte3-Reihe53-R4S-396__719e59d0__qr.txt,output/metadata/20260512-163004__qr-Plot173-Spalte3-Reihe53-R4S-396__719e59d0__qr.json,auto,160,1840,120,1380,1680,1260,working_pixels,33,33,0,0,33,0.8199069349962207,33,0,output/labels/20260512-163004__qr-Plot173-Spalte3-Reihe53-R4S-396__719e59d0__labels.tif,output/overlays/20260512-163004__qr-Plot173-Spalte3-Reihe53-R4S-396__719e59d0__labeled.png,output/stats/20260512-163004__qr-Plot173-Spalte3-Reihe53-R4S-396__719e59d0__worms.csv,,,,,,,,33,469.90909090909093,469.0,146.0514386347246,116,861,15507,34.90909090909091,34.0,8.776259298398564,20.0,54.0,1152.0,49.30789368558325,50.459696752133055,10.462312910969384,21.86923345426504,71.38738731966755,1627.1604916242472,12.949357291688571,12.786971235713612,2.0808150481644816,6.859166276675546,18.56676528146833,427.32879062572283,3.800875064252448,3.913126143553344,0.5084180439142939,2.296187847594447,4.722368753645886,125.42887712033078,0.9622427946296688,0.9667957991750116,0.014170446436951896,0.9001865827510501,0.9773221026182688,31.75401222277907,0.8649451410002005,0.8686131386861314,0.041938680354690894,0.7591377694470478,0.9322344322344324,28.543189653006614,106.83013242316177,106.08326112068522,21.547654430244357,47.59188309203678,154.75230867899737,3525.3943699643382,0.011278004135205511,0.0105673907318809,0.8370925583025292,-1.5475921901712326,1.5510317630216248,0.3721741364617819,24.14744809676335,24.43663942690957,3.960154605071199,12.153015559492998,33.109805919349256,796.8657871931905
173.0,3.0,53.0,R4S,396.0,Plot173_Spalte3_Reihe53_R4S_396_,20260512_163052.jpg,20260512-163052__qr-Plot173-Spalte3-Reihe53-R4S-396__74451c2a,32,images/20260512_163052.jpg,0.5,4000,3000,2000,1500,Plot173_Spalte3_Reihe53_R4S_396_,plot_spalte_reihe_condition_sample,True,opencv_full_gray_scale_1,"[[2825.0, 1139.0], [2828.711181640625, 1551.9302978515625], [2411.29541015625, 1559.7763671875], [2408.0, 1146.0]]","[2408, 1139, 2829, 1560]","[1204, 569, 1415, 780]","[[1412.5, 569.5], [1414.3555908203125, 775.9651489257812], [1205.647705078125, 779.88818359375], [1204.0, 573.0]]",output/metadata/20260512-163052__qr-Plot173-Spalte3-Reihe53-R4S-396__74451c2a__qr.txt,output/metadata/20260512-163052__qr-Plot173-Spalte3-Reihe53-R4S-396__74451c2a__qr.json,auto,160,1840,120,1380,1680,1260,working_pixels,32,32,0,0,32,0.8390178571428571,32,0,output/labels/20260512-163052__qr-Plot173-Spalte3-Reihe53-R4S-396__74451c2a__labels.tif,output/overlays/20260512-163052__qr-Plot173-Spalte3-Reihe53-R4S-396__74451c2a__labeled.png,output/stats/20260512-163052__qr-Plot173-Spalte3-Reihe53-R4S-396__74451c2a__worms.csv,,,,,,,,32,475.875,461.0,146.05693763823086,199,982,15228,34.59375,34.5,7.770329735188104,18.0,52.0,1107.0,50.69737279345098,51.37415553292094,9.967696253853534,25.59850813841666,73.3986066081802,1622.3159293904314,12.89520782544713,12.762380955642119,1.8206312171423131,9.120256888741778,19.637826472980095,412.64665041430817,3.9251133907879785,4.077149669416151,0.5350771210264099,2.53188146975221,4.683358916406566,125.60362850521531,0.9644152940993287,0.9694548314679758,0.013984337283679118,0.9186969429184356,0.9769382633195126,30.861289411178518,0.8587619593119609,0.8630961349541655,0.0422314410286026,0.7591397849462366,0.9567307692307692,27.480382697982748,108.61067363193601,109.12489168102783,20.612911750777798,57.55634918610404,161.4386001800126,3475.5415562219523,-0.016855684960653664,-0.06438335757544435,0.841190071795415,-1.497085409180606,1.4994618741647847,-0.5393819187409172,24.3451919708287,24.227313917253007,3.6933413499247583,15.91774699517169,35.35988168715967,779.0461430665184
,,,,,Plot89_Spalte2_Reihe29_R4S_263_A,20260512_163957.jpg,20260512-163957__qr-Plot89-Spalte2-Reihe29-R4S-263-A__7f6f0f66,53,images/20260512_163957.jpg,0.5,4000,3000,2000,1500,Plot89_Spalte2_Reihe29_R4S_263_A,generic_underscore_tokens,True,opencv_right_strip_full_height_rgb_scale_1,"[[2811.0, 1252.0], [2809.0, 1657.0], [2404.0, 1657.0], [2404.0, 1247.19482421875]]","[2404, 1247, 2811, 1657]","[1202, 623, 1406, 829]","[[1405.5, 626.0], [1404.5, 828.5], [1202.0, 828.5], [1202.0, 623.597412109375]]",output/metadata/20260512-163957__qr-Plot89-Spalte2-Reihe29-R4S-263-A__7f6f0f66__qr.txt,output/metadata/20260512-163957__qr-Plot89-Spalte2-Reihe29-R4S-263-A__7f6f0f66__qr.json,auto,160,1840,120,1380,1680,1260,working_pixels,57,57,0,0,57,0.808421201814059,53,4,output/labels/20260512-163957__qr-Plot89-Spalte2-Reihe29-R4S-263-A__7f6f0f66__labels.tif,output/overlays/20260512-163957__qr-Plot89-Spalte2-Reihe29-R4S-263-A__7f6f0f66__labeled.png,output/stats/20260512-163957__qr-Plot89-Spalte2-Reihe29-R4S-263-A__7f6f0f66__worms.csv,6.0,Plot89,Spalte2,Reihe29,R4S,263.0,A,53,558.7735849056604,517.0,219.2913974170716,139,1064,29615,38.41509433962264,39.0,11.072200049368536,16.0,63.0,2036.0,53.04931092251155,51.25741993122073,13.400731739038227,22.12897364631365,78.8322768905733,2811.613478893112,15.000995544563226,14.981409792717244,3.9871117308550685,8.059554667125719,27.249357327832367,795.052763861851,3.5949024265607807,3.7919418769196014,0.6448278358176053,1.861094022511576,4.602619387777447,190.52982860772138,0.9543351233993771,0.9646000618730456,0.02644564090777396,0.8433794952850657,0.9761120818938772,50.579761540166984,0.8394223218093588,0.8391038696537678,0.06855083099104216,0.7090719499478624,0.9551166965888688,44.48938305589602,116.87366651143803,110.8700576850888,29.05587763860161,50.04163056034261,177.92388155425118,6194.304325106215,-0.08965930738778942,-0.0645936788057827,0.9013875175383543,-1.55691806708287,1.4066281587330374,-4.7519432915528395,26.143554920858453,25.65667251667837,5.3390065530722435,13.303394180365686,36.80661456312185,1385.608410805498
,,,,,Plot89_Spalte2_Reihe29_R4S_263_A,20260512_164118.jpg,20260512-164118__qr-Plot89-Spalte2-Reihe29-R4S-263-A__cdfcaa58,45,images/20260512_164118.jpg,0.5,4000,3000,2000,1500,Plot89_Spalte2_Reihe29_R4S_263_A,generic_underscore_tokens,True,opencv_right_strip_full_height_rgb_scale_1,"[[2893.0, 1284.0], [2881.8407592773438, 1688.706787109375], [2472.0, 1679.0], [2489.0, 1266.0]]","[2472, 1266, 2893, 1689]","[1236, 633, 1447, 845]","[[1446.5, 642.0], [1440.9203796386719, 844.3533935546875], [1236.0, 839.5], [1244.5, 633.0]]",output/metadata/20260512-164118__qr-Plot89-Spalte2-Reihe29-R4S-263-A__cdfcaa58__qr.txt,output/metadata/20260512-164118__qr-Plot89-Spalte2-Reihe29-R4S-263-A__cdfcaa58__qr.json,auto,160,1840,120,1380,1680,1260,working_pixels,47,47,0,0,47,0.8210525321239607,45,2,output/labels/20260512-164118__qr-Plot89-Spalte2-Reihe29-R4S-263-A__cdfcaa58__labels.tif,output/overlays/20260512-164118__qr-Plot89-Spalte2-Reihe29-R4S-263-A__cdfcaa58__labeled.png,output/stats/20260512-164118__qr-Plot89-Spalte2-Reihe29-R4S-263-A__cdfcaa58__worms.csv,6.0,Plot89,Spalte2,Reihe29,R4S,263.0,A,45,552.9555555555555,570.0,211.30933330885873,142,982,24883,40.2,40.0,10.861943572943941,18.0,62.0,1809.0,54.36343398297951,57.550887695277154,13.158866487518141,23.412790937277432,79.54341659783206,2446.3545292340777,14.679420665880441,14.60291635674787,3.641107552638897,6.776088169161459,22.52237179798613,660.5739299646199,3.75002068104281,3.8023529929384727,0.5827050926630838,2.0626736044096625,4.969868545619415,168.75093064692643,0.9599429976107919,0.9647971837744104,0.01892456633892102,0.8746207839094574,0.9795476014498272,43.19743489248564,0.8220382609134771,0.8189655172413793,0.06038256321713284,0.6749482401656315,0.929245283018868,36.99172174110647,118.62061240049063,124.46803743153546,28.40692949746455,53.79898987322333,173.53910524340094,5337.927558022078,-0.08216689551187896,-0.0758202388367508,0.9229381502447151,-1.5249747392360766,1.544372108153404,-3.697510298034553,26.00296753292776,26.939683377854365,5.340827243365225,13.446189622059965,35.35988168715967,1170.133538981749
160.0,3.0,40.0,R4S,515.0,Plot160_Spalte3_Reihe40_R4S_515_,20260512_164552.jpg,20260512-164552__qr-Plot160-Spalte3-Reihe40-R4S-515__991b224f,80,images/20260512_164552.jpg,0.5,4000,3000,2000,1500,Plot160_Spalte3_Reihe40_R4S_515_,plot_spalte_reihe_condition_sample,True,opencv_full_rgb_scale_1,"[[2793.0, 1182.0], [2789.64306640625, 1589.141357421875], [2380.82275390625, 1586.9725341796875], [2383.09619140625, 1176.6173095703125]]","[2380, 1176, 2793, 1590]","[1190, 588, 1397, 795]","[[1396.5, 591.0], [1394.821533203125, 794.5706787109375], [1190.411376953125, 793.4862670898438], [1191.548095703125, 588.3086547851562]]",output/metadata/20260512-164552__qr-Plot160-Spalte3-Reihe40-R4S-515__991b224f__qr.txt,output/metadata/20260512-164552__qr-Plot160-Spalte3-Reihe40-R4S-515__991b224f__qr.json,auto,160,1840,120,1380,1680,1260,working_pixels,83,83,0,0,83,0.8106982237339381,80,3,output/labels/20260512-164552__qr-Plot160-Spalte3-Reihe40-R4S-515__991b224f__labels.tif,output/overlays/20260512-164552__qr-Plot160-Spalte3-Reihe40-R4S-515__991b224f__labeled.png,output/stats/20260512-164552__qr-Plot160-Spalte3-Reihe40-R4S-515__991b224f__worms.csv,,,,,,,,80,485.8125,500.5,125.98915904236574,214,802,38865,36.975,36.5,7.468033140482291,19.0,51.0,2958.0,52.27804725279918,53.34842048270448,8.401340766422182,31.315344835203412,69.38787654975319,4182.243780223935,13.315327128719783,12.847091748466415,2.236913982509473,9.540615668991522,20.80051898392548,1065.2261702975827,3.946899980134277,3.943116474106173,0.4348289202902884,3.090676417820021,4.862526070915256,315.75199841074215,0.9660846207693966,0.9673056531163405,0.00793793252057148,0.946209786120403,0.978624676648484,77.28676966155173,0.8335003441642902,0.8196695095948827,0.055882924275538294,0.6976047904191617,0.932367149758454,66.68002753314322,112.50781919022043,114.39696961966999,17.95640941488867,68.66904755831213,149.92388155425118,9000.625535217634,0.18178056485399768,0.28320401407488127,0.853100834467785,-1.5672235731385091,1.5433047531746182,14.542445188319816,24.656588711672562,25.243934581280357,3.277590876620146,16.50676414605009,31.955251757380985,1972.527096933805
160.0,3.0,40.0,R4S,515.0,Plot160_Spalte3_Reihe40_R4S_515_,20260512_164641.jpg,20260512-164641__qr-Plot160-Spalte3-Reihe40-R4S-515__2ae3d7bd,84,images/20260512_164641.jpg,0.5,4000,3000,2000,1500,Plot160_Spalte3_Reihe40_R4S_515_,plot_spalte_reihe_condition_sample,True,opencv_right_strip_full_height_rgb_scale_1,"[[2826.0, 1181.0], [2811.0, 1585.0], [2402.9199829101562, 1570.1341552734375], [2420.0, 1166.0]]","[2402, 1166, 2826, 1585]","[1201, 583, 1413, 793]","[[1413.0, 590.5], [1405.5, 792.5], [1201.4599914550781, 785.0670776367188], [1210.0, 583.0]]",output/metadata/20260512-164641__qr-Plot160-Spalte3-Reihe40-R4S-515__2ae3d7bd__qr.txt,output/metadata/20260512-164641__qr-Plot160-Spalte3-Reihe40-R4S-515__2ae3d7bd__qr.json,auto,160,1840,120,1380,1680,1260,working_pixels,85,85,0,0,85,0.8159977324263038,84,1,output/labels/20260512-164641__qr-Plot160-Spalte3-Reihe40-R4S-515__2ae3d7bd__labels.tif,output/overlays/20260512-164641__qr-Plot160-Spalte3-Reihe40-R4S-515__2ae3d7bd__labeled.png,output/stats/20260512-164641__qr-Plot160-Spalte3-Reihe40-R4S-515__2ae3d7bd__worms.csv,,,,,,,,84,479.2738095238095,488.5,123.47072734301794,126,759,40259,37.095238095238095,37.0,7.29848812140503,15.0,53.0,3116.0,51.73233623009539,53.42940543040261,9.249796650327038,18.796874958485297,69.47084616270375,4345.516243328013,13.271240494203575,13.127835385488748,2.11968231336098,8.254030704141378,19.222813926112053,1114.7842015131002,3.903248768797605,3.9721998667803984,0.49704538769566864,2.1803303394931524,4.769558846763729,327.87289657899885,0.9643007289384362,0.9677918301980659,0.013658792706832953,0.8886190172769255,0.9777737099557688,81.00126123082865,0.8315811295633777,0.8354278285534195,0.05476458112583079,0.6894273127753304,0.943579766536965,69.85281488332373,111.64671452413656,114.7193000900063,19.18293001354459,45.21320343559643,148.40916292848976,9378.32402002747,-0.03758635967603186,0.0021295908899987503,0.879099732627234,-1.5663414535900473,1.543251338557992,-3.1572542127866763,24.469313824544287,24.93944769806531,3.409017156516268,12.666024736934256,31.086794856562303,2055.42236126172
,,,,,Plot84_Spalte2_Reihe24_R4S_243_S,20260512_165114.jpg,20260512-165114__qr-Plot84-Spalte2-Reihe24-R4S-243-S__464281ce,76,images/20260512_165114.jpg,0.5,4000,3000,2000,1500,Plot84_Spalte2_Reihe24_R4S_243_S,generic_underscore_tokens,True,opencv_right_strip_full_height_rgb_scale_1,"[[2869.0, 1183.0], [2858.0, 1583.0], [2451.5416259765625, 1576.586181640625], [2465.0, 1166.0]]","[2451, 1166, 2869, 1583]","[1225, 583, 1435, 792]","[[1434.5, 591.5], [1429.0, 791.5], [1225.7708129882812, 788.2930908203125], [1232.5, 583.0]]",output/metadata/20260512-165114__qr-Plot84-Spalte2-Reihe24-R4S-243-S__464281ce__qr.txt,output/metadata/20260512-165114__qr-Plot84-Spalte2-Reihe24-R4S-243-S__464281ce__qr.json,auto,160,1840,120,1380,1680,1260,working_pixels,77,77,0,0,77,0.8239795918367347,76,1,output/labels/20260512-165114__qr-Plot84-Spalte2-Reihe24-R4S-243-S__464281ce__labels.tif,output/overlays/20260512-165114__qr-Plot84-Spalte2-Reihe24-R4S-243-S__464281ce__labeled.png,output/stats/20260512-165114__qr-Plot84-Spalte2-Reihe24-R4S-243-S__464281ce__worms.csv,6.0,Plot84,Spalte2,Reihe24,R4S,243.0,S,76,603.5,573.5,213.8057997342448,178,1011,45866,40.88157894736842,41.0,11.671009216873697,16.0,65.0,3107.0,56.629911812171045,58.81140634770948,13.616284863625117,25.83643177377018,76.95000151631194,4303.873297724999,15.308867797271967,14.8626566777731,3.349521965078159,9.106611382159324,23.57559827607401,1163.4739525926695,3.715182635042687,3.7478059660855214,0.593298866122327,1.941081540220392,4.674529168459956,282.3538802632442,0.9589958441307612,0.9637449911659104,0.01932102062223761,0.8570839856123771,0.976850024839262,72.88368415393785,0.8340107705760478,0.8346874765388432,0.06695493720766663,0.6946564885496184,0.9547511312217196,63.38481856377963,123.975878059238,123.91168824543144,29.066653828375447,58.2842712474619,170.71067811865476,9422.166732502088,-0.07185973052943137,-0.11814478574500051,0.9531066229960179,-1.473815358856084,1.5318975117214348,-5.461339520236784,27.265467591897817,27.022058385117802,5.032653389556245,15.054455784347004,35.878199226372125,2072.175536984234
,,,,,Plot84_Spalte2_Reihe24_R4S_243_S,20260512_165202.jpg,20260512-165202__qr-Plot84-Spalte2-Reihe24-R4S-243-S__498ca50f,77,images/20260512_165202.jpg,0.5,4000,3000,2000,1500,Plot84_Spalte2_Reihe24_R4S_243_S,generic_underscore_tokens,True,opencv_right_strip_full_height_rgb_scale_1.5,"[[2869.3333333333335, 1181.3333333333333], [2858.0, 1583.3333333333333], [2447.2639973958335, 1576.3056640625], [2466.6666666666665, 1165.3333333333333]]","[2447, 1165, 2870, 1584]","[1223, 582, 1435, 792]","[[1434.6666666666667, 590.6666666666666], [1429.0, 791.6666666666666], [1223.6319986979167, 788.15283203125], [1233.3333333333333, 582.6666666666666]]",output/metadata/20260512-165202__qr-Plot84-Spalte2-Reihe24-R4S-243-S__498ca50f__qr.txt,output/metadata/20260512-165202__qr-Plot84-Spalte2-Reihe24-R4S-243-S__498ca50f__qr.json,auto,160,1840,120,1380,1680,1260,working_pixels,79,78,0,0,78,0.8384089191232048,77,1,output/labels/20260512-165202__qr-Plot84-Spalte2-Reihe24-R4S-243-S__498ca50f__labels.tif,output/overlays/20260512-165202__qr-Plot84-Spalte2-Reihe24-R4S-243-S__498ca50f__labeled.png,output/stats/20260512-165202__qr-Plot84-Spalte2-Reihe24-R4S-243-S__498ca50f__worms.csv,6.0,Plot84,Spalte2,Reihe24,R4S,243.0,S,77,597.4675324675325,585.0,198.2079307202669,133,1070,46005,41.16883116883117,41.0,11.107610711630157,17.0,65.0,3170.0,55.909934482159805,57.28565373853629,12.91471373231808,25.74631562950524,76.55501709467282,4305.064955126305,15.347859688151633,15.281218149344634,3.3482177516729767,6.771709239430692,23.45125939028856,1181.7851959876757,3.6869156833208003,3.7521083969062734,0.6919569740583861,1.9900618154923664,6.402395501470168,283.8925076157016,0.957201459366689,0.9638302674262108,0.022282518429224383,0.8645789793314551,0.9877267858420298,73.70451237123505,0.8374462252856968,0.8458498023715415,0.06265697479375237,0.6869948567229978,0.9382716049382716,64.48335934699865,122.96400734542812,123.1543289325507,27.18365257294665,54.970562748477136,170.0243866176395,9468.228565597965,0.1751595073487422,0.2389057643168475,0.9575203083258569,-1.538704245761875,1.5609583114202268,13.48728206585315,27.171422617553482,27.29185104880338,4.767415872619727,13.013103375051497,36.910246719124274,2092.199541551618
227.0,4.0,47.0,R4S,368.0,Plot227_Spalte4_Reihe47_R4S_368_,20260512_170254.jpg,20260512-170254__qr-Plot227-Spalte4-Reihe47-R4S-368__823b6237,88,images/20260512_170254.jpg,0.5,4000,3000,2000,1500,Plot227_Spalte4_Reihe47_R4S_368_,plot_spalte_reihe_condition_sample,True,opencv_right_strip_full_height_rgb_scale_2,"[[2840.5, 1181.0], [2836.0, 1588.0], [2434.31689453125, 1585.68017578125], [2431.0, 1179.0]]","[2431, 1179, 2841, 1588]","[1215, 589, 1421, 794]","[[1420.25, 590.5], [1418.0, 794.0], [1217.158447265625, 792.840087890625], [1215.5, 589.5]]",output/metadata/20260512-170254__qr-Plot227-Spalte4-Reihe47-R4S-368__823b6237__qr.txt,output/metadata/20260512-170254__qr-Plot227-Spalte4-Reihe47-R4S-368__823b6237__qr.json,auto,160,1840,120,1380,1680,1260,working_pixels,89,89,0,0,89,0.8382681405895691,88,1,output/labels/20260512-170254__qr-Plot227-Spalte4-Reihe47-R4S-368__823b6237__labels.tif,output/overlays/20260512-170254__qr-Plot227-Spalte4-Reihe47-R4S-368__823b6237__labeled.png,output/stats/20260512-170254__qr-Plot227-Spalte4-Reihe47-R4S-368__823b6237__worms.csv,,,,,,,,88,565.75,553.0,169.82704183354028,182,938,49786,41.13636363636363,41.0,10.164375266385234,18.0,63.0,3620.0,56.499197594671976,58.08820247233061,11.873782853737094,25.59481826189023,76.34997140531488,4971.929388331134,14.352810204477295,13.8219216934108,2.6185993159984564,8.696065352037529,20.1613756359798,1263.047297994002,3.957497060816638,4.090110907783219,0.6198033871797062,1.7956676796499296,5.022477378498572,348.25974135186414,0.9634787189422274,0.969651110959152,0.02078440561828459,0.8305822879533069,0.9799781769991556,84.78612726691601,0.8353798157740983,0.8404492039791347,0.05828492215266539,0.6861510791366906,0.951951951951952,73.51342378812065,122.18933237036723,123.63961030678925,24.628198769825296,61.79898987322333,166.06601717798213,10752.661248592316,0.015105013642692912,0.03757733615189185,0.8753071646435265,-1.5483457765577169,1.530901178607425,1.3292412005569763,26.52259182869815,26.534899521808892,4.132977511686062,15.222667215103916,34.558626896356614,2333.9880809254373
227.0,4.0,47.0,R4S,368.0,Plot227_Spalte4_Reihe47_R4S_368_,20260512_170401.jpg,20260512-170401__qr-Plot227-Spalte4-Reihe47-R4S-368__605e555a,93,images/20260512_170401.jpg,0.5,4000,3000,2000,1500,Plot227_Spalte4_Reihe47_R4S_368_,plot_spalte_reihe_condition_sample,True,opencv_right_card_upper_large_rgb_scale_1,"[[2884.0, 1163.0], [2867.0, 1573.0], [2451.8014526367188, 1561.361083984375], [2467.153839111328, 1146.84619140625]]","[2451, 1146, 2884, 1573]","[1225, 573, 1442, 787]","[[1442.0, 581.5], [1433.5, 786.5], [1225.9007263183594, 780.6805419921875], [1233.576919555664, 573.423095703125]]",output/metadata/20260512-170401__qr-Plot227-Spalte4-Reihe47-R4S-368__605e555a__qr.txt,output/metadata/20260512-170401__qr-Plot227-Spalte4-Reihe47-R4S-368__605e555a__qr.json,auto,160,1840,120,1380,1680,1260,working_pixels,93,93,0,0,93,0.8550070861678004,93,0,output/labels/20260512-170401__qr-Plot227-Spalte4-Reihe47-R4S-368__605e555a__labels.tif,output/overlays/20260512-170401__qr-Plot227-Spalte4-Reihe47-R4S-368__605e555a__labeled.png,output/stats/20260512-170401__qr-Plot227-Spalte4-Reihe47-R4S-368__605e555a__worms.csv,,,,,,,,93,553.9784946236559,522.0,165.75538410132793,243,923,51520,40.02150537634409,40.0,8.983049853236464,18.0,60.0,3722.0,55.08599857331285,56.800038899076014,12.347613528404784,27.815868876271413,74.46373353333368,5122.997867318095,14.29026283944719,13.812772762884302,2.465975452628984,9.332532036623927,20.611560523467283,1328.9944440685886,3.88149214931804,4.086270229989943,0.746440044801658,1.9563055716560471,5.671280629809543,360.9787698865777,0.9606955643656666,0.9695933010562746,0.02168282233460194,0.8594810627440931,0.9843316427041532,89.34468748600699,0.842714342546086,0.8429394812680115,0.054943961413437735,0.7128309572301426,0.9311827956989248,78.372433856786,119.47783860117721,119.53910524340094,24.495910601345166,69.25483399593904,161.29646455628165,11111.43898990948,-0.04465576620169923,0.0262104547670698,0.9574950218746172,-1.5584001109843486,1.5666914100472369,-4.1529862567580285,26.2621553884775,25.780439141949365,3.977007859643904,17.58969042850512,34.28119163317628,2442.3804511284075
,,,,,Plot7_Spalte1_Reihe7_R4S_406_S30,20260512_170742.jpg,20260512-170742__qr-Plot7-Spalte1-Reihe7-R4S-406-S30__f41f4db3,80,images/20260512_170742.jpg,0.5,4000,3000,2000,1500,Plot7_Spalte1_Reihe7_R4S_406_S30,generic_underscore_tokens,True,opencv_right_strip_full_height_rgb_scale_1,"[[2833.0, 1152.0], [2824.0, 1557.0], [2415.758544921875, 1557.0], [2423.46484375, 1142.1412353515625]]","[2415, 1142, 2833, 1557]","[1207, 571, 1417, 779]","[[1416.5, 576.0], [1412.0, 778.5], [1207.8792724609375, 778.5], [1211.732421875, 571.0706176757812]]",output/metadata/20260512-170742__qr-Plot7-Spalte1-Reihe7-R4S-406-S30__f41f4db3__qr.txt,output/metadata/20260512-170742__qr-Plot7-Spalte1-Reihe7-R4S-406-S30__f41f4db3__qr.json,auto,160,1840,120,1380,1680,1260,working_pixels,99,99,0,0,99,0.8454213907785336,80,19,output/labels/20260512-170742__qr-Plot7-Spalte1-Reihe7-R4S-406-S30__f41f4db3__labels.tif,output/overlays/20260512-170742__qr-Plot7-Spalte1-Reihe7-R4S-406-S30__f41f4db3__labeled.png,output/stats/20260512-170742__qr-Plot7-Spalte1-Reihe7-R4S-406-S30__f41f4db3__worms.csv,6.0,Plot7,Spalte1,Reihe7,R4S,406.0,S30,80,662.975,609.5,250.13191329902895,203,1164,53038,37.825,38.0,14.632004976087629,15.0,61.0,3026.0,52.47368732766686,52.278681352428194,17.76041312142774,26.799194094361383,80.60377217256885,4197.894986213349,17.577291655285794,17.727516667133195,2.77295360863173,9.980509409280002,22.70256086964721,1406.1833324228635,2.98406006759759,3.2611514931671484,0.8623373838564443,1.527504560669008,4.58531086453088,238.7248054078072,0.9186724341985466,0.9518246959987664,0.060843502802631066,0.7559212737110643,0.9759291703900396,73.49379473588372,0.8769227860213098,0.8795458751249121,0.059057451952456146,0.7168272794662713,0.965432098765432,70.15382288170478,120.3575405080131,115.9827560572969,34.53677517361384,60.87005768508881,178.40916292848974,9628.603240641049,0.030081812762002523,-0.02179851209145635,0.8428810258662609,-1.4841386381802588,1.5550471225835587,2.406545020960202,28.51710885701788,27.855514434788198,5.593892655911457,16.07692842495848,38.49741329065797,2281.3687085614306
,,,,,Plot7_Spalte1_Reihe7_R4S_406_S30,20260512_170852.jpg,20260512-170852__qr-Plot7-Spalte1-Reihe7-R4S-406-S30__32db0214,69,images/20260512_170852.jpg,0.5,4000,3000,2000,1500,Plot7_Spalte1_Reihe7_R4S_406_S30,generic_underscore_tokens,True,opencv_right_strip_full_height_rgb_scale_1.5,"[[2904.666666666667, 1136.6666666666667], [2891.333333333333, 1545.3333333333333], [2471.180704752604, 1556.7615559895833], [2488.6666666666665, 1128.0]]","[2471, 1128, 2905, 1557]","[1235, 564, 1453, 779]","[[1452.3333333333335, 568.3333333333334], [1445.6666666666665, 772.6666666666666], [1235.590352376302, 778.3807779947916], [1244.3333333333333, 564.0]]",output/metadata/20260512-170852__qr-Plot7-Spalte1-Reihe7-R4S-406-S30__32db0214__qr.txt,output/metadata/20260512-170852__qr-Plot7-Spalte1-Reihe7-R4S-406-S30__32db0214__qr.json,auto,247,1933,15,1485,1686,1470,working_pixels,86,86,0,0,86,0.8932118042946716,69,17,output/labels/20260512-170852__qr-Plot7-Spalte1-Reihe7-R4S-406-S30__32db0214__labels.tif,output/overlays/20260512-170852__qr-Plot7-Spalte1-Reihe7-R4S-406-S30__32db0214__labeled.png,output/stats/20260512-170852__qr-Plot7-Spalte1-Reihe7-R4S-406-S30__32db0214__worms.csv,6.0,Plot7,Spalte1,Reihe7,R4S,406.0,S30,69,640.7826086956521,615.0,255.00056917844307,163,1051,44214,41.710144927536234,43.0,15.454012851488804,15.0,86.0,2878.0,56.93377409639438,59.034183934457765,17.724658814164442,21.598220077001464,95.01554022995823,3928.430412651212,15.952276706563538,16.163520953235697,3.507713742340148,4.0312599199106565,21.704455526331117,1100.7070927528841,3.761818369949109,3.7340359772347367,1.8334444023332404,1.662196040372481,12.920603799704574,259.56546752648853,0.9455529531700372,0.9634726515644602,0.042733845781713645,0.7987871373553375,0.9970004492194784,65.24315376873257,0.8480939490637442,0.8621340887629839,0.06267456839377261,0.7344357976653697,0.9501246882793016,58.51848248539835,125.94985771095502,124.76955262170048,34.947864467878674,51.79898987322333,184.94112549695427,8690.540182055896,0.044099703073244616,0.0438215738454287,0.9757574718765119,-1.5522174860694296,1.567588952409833,3.0428795120538785,27.929737792604378,27.982893345973448,6.0271027117095795,14.406180819073164,36.58107108214104,1927.151907689702
,,,,,Plot7_Spalte1_Reihe7_R4S_406_S30,20260512_171049.jpg,20260512-171049__qr-Plot7-Spalte1-Reihe7-R4S-406-S30__5649256a,62,images/20260512_171049.jpg,0.5,4000,3000,2000,1500,Plot7_Spalte1_Reihe7_R4S_406_S30,generic_underscore_tokens,True,opencv_right_strip_full_height_rgb_scale_2,"[[2902.5, 1136.5], [2891.5, 1546.0], [2476.3228759765625, 1546.0], [2487.0, 1128.0]]","[2476, 1128, 2903, 1546]","[1238, 564, 1452, 773]","[[1451.25, 568.25], [1445.75, 773.0], [1238.1614379882812, 773.0], [1243.5, 564.0]]",output/metadata/20260512-171049__qr-Plot7-Spalte1-Reihe7-R4S-406-S30__5649256a__qr.txt,output/metadata/20260512-171049__qr-Plot7-Spalte1-Reihe7-R4S-406-S30__5649256a__qr.json,auto,160,1840,120,1380,1680,1260,working_pixels,64,64,0,0,64,0.8579086356764928,62,2,output/labels/20260512-171049__qr-Plot7-Spalte1-Reihe7-R4S-406-S30__5649256a__labels.tif,output/overlays/20260512-171049__qr-Plot7-Spalte1-Reihe7-R4S-406-S30__5649256a__labeled.png,output/stats/20260512-171049__qr-Plot7-Spalte1-Reihe7-R4S-406-S30__5649256a__worms.csv,6.0,Plot7,Spalte1,Reihe7,R4S,406.0,S30,62,658.2903225806451,636.5,266.17733439839543,142,1068,40814,43.37096774193548,43.0,14.08549291020845,16.0,71.0,2689.0,59.19007647493465,61.34131341752929,16.59174447673678,23.02935166720059,81.26067651002141,3669.7847414459484,15.475205679705939,16.456617598265442,3.9239352879644067,6.426914823694951,21.395567975763417,959.4627521417682,4.047594544671123,3.7984874515954665,1.7642279516757176,2.1753899979411875,10.231156774693794,250.9508617696096,0.9577878609798743,0.9647229634853386,0.023101014543760682,0.8880806432590889,0.9952119189816596,59.38284738075221,0.8568531560078235,0.869996081405179,0.05199236354462835,0.736318407960199,0.9391891891891893,53.12489567248506,129.20381456511578,130.1959594928933,34.11346748148529,52.21320343559643,177.1370849898476,8010.636503037179,0.014305459228855255,0.018356010165423348,0.8984024759890736,-1.5654217546048153,1.5444496409764503,0.8869384721890259,28.26684917291254,28.466450832291493,6.307793156272452,13.446189622059965,36.87573502694087,1752.5446487205775
281.0,5.0,41.0,R4S,202.0,Plot281_Spalte5_Reihe41_R4S_202_,20260513_150329.jpg,20260513-150329__qr-Plot281-Spalte5-Reihe41-R4S-202__8cd9629e,65,images/20260513_150329.jpg,0.5,4000,3000,2000,1500,Plot281_Spalte5_Reihe41_R4S_202_,plot_spalte_reihe_condition_sample,True,opencv_full_rgb_scale_1,"[[2873.0, 1249.0], [2864.0, 1660.0], [2442.0, 1656.0], [2453.056640625, 1241.8819580078125]]","[2442, 1241, 2873, 1660]","[1221, 620, 1437, 830]","[[1436.5, 624.5], [1432.0, 830.0], [1221.0, 828.0], [1226.5283203125, 620.9409790039062]]",output/metadata/20260513-150329__qr-Plot281-Spalte5-Reihe41-R4S-202__8cd9629e__qr.txt,output/metadata/20260513-150329__qr-Plot281-Spalte5-Reihe41-R4S-202__8cd9629e__qr.json,auto,160,1840,120,1380,1680,1260,working_pixels,65,65,0,0,65,0.8310024565381708,65,0,output/labels/20260513-150329__qr-Plot281-Spalte5-Reihe41-R4S-202__8cd9629e__labels.tif,output/overlays/20260513-150329__qr-Plot281-Spalte5-Reihe41-R4S-202__8cd9629e__labeled.png,output/stats/20260513-150329__qr-Plot281-Spalte5-Reihe41-R4S-202__8cd9629e__worms.csv,,,,,,,,65,492.55384615384617,479.0,199.4971045191846,148,941,32016,38.61538461538461,38.0,10.941166967713484,17.0,60.0,2510.0,52.54535257923611,52.35011274833887,14.153717181991334,25.764479042765977,82.6027229914772,3415.447917650347,13.291654338489737,13.17547413029891,3.0414182292170517,7.306631243856103,23.95647197745697,863.9575320018329,3.9385452430918453,4.04567016568133,0.5377952625804111,2.443787005955933,4.994109603018553,256.00544080096995,0.9647258226805562,0.96897013214542,0.013306920511795281,0.9124442835640132,0.9797477159155716,62.70717847423615,0.8229788990845692,0.8333333333333334,0.060111165293949775,0.6576642335766424,0.9681978798586572,53.493628440497,113.10961143083458,115.25483399593904,29.681656397844232,57.21320343559643,176.3086578651014,7352.124743004248,0.1881537746165293,0.2042988886649237,0.8678902969507252,-1.4893018439160293,1.5578834448903691,12.229995350074404,24.507110089859193,24.69578388972788,5.191848090501296,13.727325035155395,34.61384710770804,1592.9621558408476
281.0,5.0,41.0,R4S,202.0,Plot281_Spalte5_Reihe41_R4S_202_,20260513_150415.jpg,20260513-150415__qr-Plot281-Spalte5-Reihe41-R4S-202__01a116bb,65,images/20260513_150415.jpg,0.5,4000,3000,2000,1500,Plot281_Spalte5_Reihe41_R4S_202_,plot_spalte_reihe_condition_sample,True,opencv_full_rgb_scale_1,"[[2957.0, 1259.0], [2941.0, 1671.0], [2523.888916015625, 1660.776611328125], [2538.0, 1246.0]]","[2523, 1246, 2957, 1671]","[1261, 623, 1479, 836]","[[1478.5, 629.5], [1470.5, 835.5], [1261.9444580078125, 830.3883056640625], [1269.0, 623.0]]",output/metadata/20260513-150415__qr-Plot281-Spalte5-Reihe41-R4S-202__01a116bb__qr.txt,output/metadata/20260513-150415__qr-Plot281-Spalte5-Reihe41-R4S-202__01a116bb__qr.json,auto,160,1840,120,1380,1680,1260,working_pixels,66,66,0,0,66,0.8465877739984883,65,1,output/labels/20260513-150415__qr-Plot281-Spalte5-Reihe41-R4S-202__01a116bb__labels.tif,output/overlays/20260513-150415__qr-Plot281-Spalte5-Reihe41-R4S-202__01a116bb__labeled.png,output/stats/20260513-150415__qr-Plot281-Spalte5-Reihe41-R4S-202__01a116bb__worms.csv,,,,,,,,65,513.8615384615384,516.0,203.23369222116236,159,990,33401,38.46153846153846,38.0,11.838862016518053,16.0,65.0,2500.0,52.76802221868205,54.516865984217,14.49243825102795,22.41858724840569,80.93070944014562,3429.921444214333,13.80937850617387,13.72576732643054,2.920511768712221,8.288034013230183,22.70563754053787,897.6096029013015,3.8051031304431646,3.868805521346855,0.6250039345003119,2.1482788803357744,5.10698367435223,247.3317034788057,0.9607781245045621,0.9660172215389397,0.018620273838195284,0.8850537114961187,0.9806417933301133,62.45057809279654,0.8280882811519749,0.827485380116959,0.05753284975914965,0.6185064935064936,0.9587628865979382,53.82573827487837,114.44254460510098,116.81118318204308,30.006992955001852,52.62741699796952,176.2670273047588,7438.7653993315635,-0.09983383211882065,-0.1718194055044903,0.9638292584004222,-1.5662458219108124,1.5364682034853163,-6.489199087723342,25.05806844593119,25.631847476983477,5.174354440465205,14.228319915327,35.50362163621919,1628.7744489855274
,,,,,Plot41_Spalte1_Reihe41_R4S_471_H,20260513_153034.jpg,20260513-153034__qr-Plot41-Spalte1-Reihe41-R4S-471-H__1a12f251,23,images/20260513_153034.jpg,0.5,4000,3000,2000,1500,Plot41_Spalte1_Reihe41_R4S_471_H,generic_underscore_tokens,True,opencv_right_strip_full_height_rgb_scale_1,"[[2783.6719970703125, 1235.0126953125], [2784.0, 1637.0], [2375.0277099609375, 1641.0491943359375], [2375.0, 1235.0]]","[2375, 1235, 2784, 1642]","[1187, 617, 1392, 821]","[[1391.8359985351562, 617.50634765625], [1392.0, 818.5], [1187.5138549804688, 820.5245971679688], [1187.5, 617.5]]",output/metadata/20260513-153034__qr-Plot41-Spalte1-Reihe41-R4S-471-H__1a12f251__qr.txt,output/metadata/20260513-153034__qr-Plot41-Spalte1-Reihe41-R4S-471-H__1a12f251__qr.json,auto,160,1840,120,1380,1680,1260,working_pixels,23,23,0,0,23,0.7982270408163266,23,0,output/labels/20260513-153034__qr-Plot41-Spalte1-Reihe41-R4S-471-H__1a12f251__labels.tif,output/overlays/20260513-153034__qr-Plot41-Spalte1-Reihe41-R4S-471-H__1a12f251__labeled.png,output/stats/20260513-153034__qr-Plot41-Spalte1-Reihe41-R4S-471-H__1a12f251__worms.csv,6.0,Plot41,Spalte1,Reihe41,R4S,471.0,H,23,588.7391304347826,646.0,244.27875607988662,156,994,13541,39.30434782608695,42.0,11.585393557126915,17.0,60.0,904.0,56.40104002377539,62.32132549658989,15.386269729018634,23.411200979049227,79.74073874696808,1297.2239205468338,14.609543197357393,14.830156910916235,3.0881949004365286,8.296171741111166,19.426381693133635,336.01949353922004,3.8114933488845937,3.8410876930307407,0.44958873449235887,2.719748746196407,4.480404782415473,87.66434702434566,0.9632324864477171,0.9655162153507956,0.01055930703841724,0.9299519695545424,0.9747740174327318,22.154347188297493,0.8235345625563496,0.8171641791044776,0.04289369019271359,0.7542533081285444,0.9454545454545454,18.94129493879604,122.10860146176334,132.02438661763952,32.87803814457137,53.21320343559643,172.99494936611666,2808.497833620557,0.24374797628299263,0.3377450450372455,0.764778082058943,-1.1572032030343256,1.307676304967469,5.60620345450883,26.705358454415226,28.679483013103894,6.1713589233810335,14.093451279891855,35.575273821388244,614.2232444515502
,,,,,Plot41_Spalte1_Reihe41_R4S_471_H,20260513_153113.jpg,20260513-153113__qr-Plot41-Spalte1-Reihe41-R4S-471-H__986415fd,24,images/20260513_153113.jpg,0.5,4000,3000,2000,1500,Plot41_Spalte1_Reihe41_R4S_471_H,generic_underscore_tokens,True,opencv_right_strip_full_height_rgb_scale_1,"[[2786.0, 1246.0], [2782.0, 1650.0], [2378.0, 1647.3013916015625], [2380.0, 1239.0]]","[2378, 1239, 2786, 1650]","[1189, 619, 1393, 825]","[[1393.0, 623.0], [1391.0, 825.0], [1189.0, 823.6506958007812], [1190.0, 619.5]]",output/metadata/20260513-153113__qr-Plot41-Spalte1-Reihe41-R4S-471-H__986415fd__qr.txt,output/metadata/20260513-153113__qr-Plot41-Spalte1-Reihe41-R4S-471-H__986415fd__qr.json,auto,335,1985,15,1485,1650,1470,working_pixels,25,25,0,0,25,0.8909160997732426,24,1,output/labels/20260513-153113__qr-Plot41-Spalte1-Reihe41-R4S-471-H__986415fd__labels.tif,output/overlays/20260513-153113__qr-Plot41-Spalte1-Reihe41-R4S-471-H__986415fd__labeled.png,output/stats/20260513-153113__qr-Plot41-Spalte1-Reihe41-R4S-471-H__986415fd__worms.csv,6.0,Plot41,Spalte1,Reihe41,R4S,471.0,H,24,702.0416666666666,711.5,453.9883621537171,154,2510,16849,46.166666666666664,48.0,24.928884358557223,18.0,148.0,1108.0,58.582179272943165,64.94163901360048,14.698040394751278,28.142682125288697,80.7526867289525,1405.972302550636,16.404738731094827,15.85920091571159,7.360998612461398,8.181544072209975,48.28033386556552,393.71372954627583,3.7260295819221976,3.814348326869549,0.6377934509518642,1.5047941772678068,4.618462513450663,89.42470996613274,0.9547456946262173,0.9650057844212597,0.04498434268077166,0.7472502840915909,0.9762776784323876,22.913896671029214,0.8318619564274098,0.8293980343980345,0.043111197160407747,0.7495361781076066,0.9428571428571428,19.964686954257836,131.8220552924743,138.88225099390854,42.3178689926843,62.38477631085024,269.5218613006978,3163.7293270193827,-0.3458689088075239,-0.5209775111702553,0.9153962223796812,-1.5603334911387186,1.5477109850242172,-8.300853811380573,28.770479817998595,30.09766699196412,8.306730833575784,14.002817212590296,56.531683658681686,690.4915156319663
261.0,5.0,21.0,R4S,540.0,Plot261_Spalte5_Reihe21_R4S_540_,20260513_153414.jpg,20260513-153414__qr-Plot261-Spalte5-Reihe21-R4S-540__30c37a35,87,images/20260513_153414.jpg,0.5,4000,3000,2000,1500,Plot261_Spalte5_Reihe21_R4S_540_,plot_spalte_reihe_condition_sample,True,opencv_right_strip_full_height_gray_scale_1.5,"[[2780.0, 1308.0], [2773.3333333333335, 1714.6666666666667], [2363.69482421875, 1708.3984375], [2370.6666666666665, 1303.3333333333333]]","[2363, 1303, 2780, 1715]","[1181, 651, 1390, 858]","[[1390.0, 654.0], [1386.6666666666667, 857.3333333333334], [1181.847412109375, 854.19921875], [1185.3333333333333, 651.6666666666666]]",output/metadata/20260513-153414__qr-Plot261-Spalte5-Reihe21-R4S-540__30c37a35__qr.txt,output/metadata/20260513-153414__qr-Plot261-Spalte5-Reihe21-R4S-540__30c37a35__qr.json,auto,160,1840,120,1380,1680,1260,working_pixels,89,89,0,0,89,0.802521730914588,87,2,output/labels/20260513-153414__qr-Plot261-Spalte5-Reihe21-R4S-540__30c37a35__labels.tif,output/overlays/20260513-153414__qr-Plot261-Spalte5-Reihe21-R4S-540__30c37a35__labeled.png,output/stats/20260513-153414__qr-Plot261-Spalte5-Reihe21-R4S-540__30c37a35__worms.csv,,,,,,,,87,761.0689655172414,805.0,177.54552597320912,294,1044,66213,47.50574712643678,48.0,8.305046887030592,24.0,63.0,4133.0,64.6175763505822,67.36919677106475,8.779076464916555,36.86274163425873,78.40999583908489,5621.7291425006515,17.508286758448723,17.354437573483786,3.0801393872024514,9.200058597099527,24.45139244541769,1523.2209479850387,3.7386171108935664,3.730359022858382,0.4414375548880385,2.6911410212505578,5.538513155677568,325.2596886477403,0.9619216683920152,0.9633992387703888,0.009684206073190286,0.9283970990304784,0.9835650964753784,83.68718515010532,0.8136259192756742,0.8165467625899281,0.05341480046323782,0.6805970149253732,0.9400584795321636,70.78545497698366,141.95939724838192,147.9827560572969,20.04731281146645,83.698484809835,175.19595949289334,12350.467560609226,-0.14176229242015437,-0.1896516120669632,0.8204932550460291,-1.519583596238841,1.4752677435906838,-12.33331944055343,30.884373293972338,32.01496265048276,3.9185564473988093,19.347672370394783,36.45904667847899,2686.9404765755935
261.0,5.0,21.0,R4S,540.0,Plot261_Spalte5_Reihe21_R4S_540_,20260513_153505.jpg,20260513-153505__qr-Plot261-Spalte5-Reihe21-R4S-540__7bdb6258,90,images/20260513_153505.jpg,0.5,4000,3000,2000,1500,Plot261_Spalte5_Reihe21_R4S_540_,plot_spalte_reihe_condition_sample,True,opencv_full_gray_scale_1,"[[2864.0, 1293.0], [2848.0, 1700.0], [2435.793212890625, 1685.943115234375], [2444.087158203125, 1279.5634765625]]","[2435, 1279, 2864, 1700]","[1217, 639, 1432, 850]","[[1432.0, 646.5], [1424.0, 850.0], [1217.8966064453125, 842.9715576171875], [1222.0435791015625, 639.78173828125]]",output/metadata/20260513-153505__qr-Plot261-Spalte5-Reihe21-R4S-540__7bdb6258__qr.txt,output/metadata/20260513-153505__qr-Plot261-Spalte5-Reihe21-R4S-540__7bdb6258__qr.json,auto,160,1840,120,1380,1680,1260,working_pixels,92,92,0,0,92,0.8274683484504913,90,2,output/labels/20260513-153505__qr-Plot261-Spalte5-Reihe21-R4S-540__7bdb6258__labels.tif,output/overlays/20260513-153505__qr-Plot261-Spalte5-Reihe21-R4S-540__7bdb6258__labeled.png,output/stats/20260513-153505__qr-Plot261-Spalte5-Reihe21-R4S-540__7bdb6258__worms.csv,,,,,,,,90,769.5777777777778,820.0,179.08173877742416,308,1103,69262,48.333333333333336,49.0,9.359247064693694,25.0,66.0,4350.0,64.67858725936374,67.31207537338715,9.815275817877607,38.213016646498055,82.32940930079481,5821.072853342736,17.77052948943204,17.626160341241167,2.98021823180025,10.874081133659852,25.950513602596036,1599.3476540488834,3.6777241702155345,3.7304534070659234,0.47948280902682794,2.2699183963478413,4.818010370920457,330.99517531939813,0.9599098368813048,0.9634011243724931,0.013247505279917034,0.8977307885633069,0.9782234440920908,86.39188531931744,0.8113080835163612,0.80742634497929,0.05625481944851079,0.6259259259259259,0.9604651162790696,73.0177275164725,142.91021555687317,149.07463914933368,21.628645860409705,87.84062043356595,181.82337649086284,12861.919400118584,-0.15042690423166058,-0.23640680078229975,0.8392068031552792,-1.5478744471045314,1.566131571886164,-13.538421380849453,31.06568694598786,32.311856005186414,3.866008392220455,19.80297401347661,37.47510130530516,2795.9118251389073
110.0,2.0,50.0,R4S,382.0,Plot110_Spalte2_Reihe50_R4S_382_,20260513_153855.jpg,20260513-153855__qr-Plot110-Spalte2-Reihe50-R4S-382__cdc4fafe,24,images/20260513_153855.jpg,0.5,4000,3000,2000,1500,Plot110_Spalte2_Reihe50_R4S_382_,plot_spalte_reihe_condition_sample,True,opencv_full_gray_scale_1,"[[2786.0, 1303.0], [2785.0, 1702.0], [2376.83642578125, 1698.56982421875], [2380.0, 1293.0]]","[2376, 1293, 2786, 1702]","[1188, 646, 1393, 851]","[[1393.0, 651.5], [1392.5, 851.0], [1188.418212890625, 849.284912109375], [1190.0, 646.5]]",output/metadata/20260513-153855__qr-Plot110-Spalte2-Reihe50-R4S-382__cdc4fafe__qr.txt,output/metadata/20260513-153855__qr-Plot110-Spalte2-Reihe50-R4S-382__cdc4fafe__qr.json,auto,160,1840,120,1380,1680,1260,working_pixels,28,28,0,0,28,0.7997538737717309,24,4,output/labels/20260513-153855__qr-Plot110-Spalte2-Reihe50-R4S-382__cdc4fafe__labels.tif,output/overlays/20260513-153855__qr-Plot110-Spalte2-Reihe50-R4S-382__cdc4fafe__labeled.png,output/stats/20260513-153855__qr-Plot110-Spalte2-Reihe50-R4S-382__cdc4fafe__worms.csv,,,,,,,,24,555.6666666666666,541.5,190.01502610300992,218,991,13336,37.125,38.5,10.318040343095154,15.0,59.0,891.0,53.97826750196782,55.52656567704905,12.172914654648428,26.47760448591906,76.86501416674285,1295.4784200472277,14.436471488333929,13.712653665453693,2.747057946201314,10.612851370374964,21.40553597736457,346.4753157200143,3.728383399273893,3.8177048451394335,0.49574540720470167,2.4948624607925303,4.463939279561575,89.48120158257343,0.9609066869008838,0.9650677874817948,0.013423181218470135,0.9161552064633764,0.9745851484810985,23.06176048562121,0.8491142564817844,0.8544869855926132,0.05740992704295147,0.7333333333333333,0.9361022364217252,20.378742155562826,117.00792590733259,117.22539674441617,25.756352568616734,61.11269837220809,167.68124086713186,2808.190221775982,0.17296312599339644,0.2586932794557329,0.8977767428832789,-1.4195269244569493,1.4277084193669092,4.151115023841514,26.223507162521756,26.256925685555416,4.548228030114854,16.66031874701878,35.52154823248202,629.3641719005221
110.0,2.0,50.0,R4S,382.0,Plot110_Spalte2_Reihe50_R4S_382_,20260513_153927.jpg,20260513-153927__qr-Plot110-Spalte2-Reihe50-R4S-382__ffc08081,25,images/20260513_153927.jpg,0.5,4000,3000,2000,1500,Plot110_Spalte2_Reihe50_R4S_382_,plot_spalte_reihe_condition_sample,True,opencv_right_strip_full_height_rgb_scale_1,"[[2806.0, 1299.0], [2800.0, 1710.0], [2383.2012939453125, 1702.1912841796875], [2395.0, 1293.0]]","[2383, 1293, 2806, 1710]","[1191, 646, 1403, 855]","[[1403.0, 649.5], [1400.0, 855.0], [1191.6006469726562, 851.0956420898438], [1197.5, 646.5]]",output/metadata/20260513-153927__qr-Plot110-Spalte2-Reihe50-R4S-382__ffc08081__qr.txt,output/metadata/20260513-153927__qr-Plot110-Spalte2-Reihe50-R4S-382__ffc08081__qr.json,auto,160,1840,120,1380,1680,1260,working_pixels,25,25,0,0,25,0.817104119425548,25,0,output/labels/20260513-153927__qr-Plot110-Spalte2-Reihe50-R4S-382__ffc08081__labels.tif,output/overlays/20260513-153927__qr-Plot110-Spalte2-Reihe50-R4S-382__ffc08081__labeled.png,output/stats/20260513-153927__qr-Plot110-Spalte2-Reihe50-R4S-382__ffc08081__worms.csv,,,,,,,,25,492.24,495.0,183.68026567925034,115,919,12306,38.64,38.0,10.69610521015321,17.0,61.0,966.0,52.293553996064695,53.14754437802148,12.668948095634255,18.70069424320426,74.82516679642671,1307.3388499016173,13.486935911445805,12.977719595564992,3.1287102528886694,7.965893081856116,19.701782942091103,337.17339778614513,3.8982955348909796,4.066977869648998,0.628522703943485,2.232755909327521,4.976107652041604,97.4573883722745,0.9623565234767351,0.969299560153302,0.02012014781738134,0.8940951852311961,0.9795993899638332,24.058913086918377,0.8202543992886351,0.8371335504885994,0.08769987639703637,0.4964234620886981,0.9161425576519916,20.506359982215876,114.58515287823978,116.71067811865476,27.289188249816696,44.38477631085024,163.23759005323592,2864.6288219559947,-0.14135825004539387,-0.5667064524147615,0.8480168042149844,-1.3143198041929456,1.3657894519507738,-3.533956251134847,24.565217984072024,25.104851615652017,4.925433451258051,12.100518486599809,34.20682887394876,614.1304496018006
193.0,4.0,13.0,R4S,504.0,Plot193_Spalte4_Reihe13_R4S_504_,20260513_154233.jpg,20260513-154233__qr-Plot193-Spalte4-Reihe13-R4S-504__c2bbbb74,100,images/20260513_154233.jpg,0.5,4000,3000,2000,1500,Plot193_Spalte4_Reihe13_R4S_504_,plot_spalte_reihe_condition_sample,True,opencv_right_strip_full_height_rgb_scale_1.5,"[[2780.0, 1239.3333333333333], [2771.3333333333335, 1643.3333333333333], [2367.5397135416665, 1640.1857096354167], [2368.6666666666665, 1232.0]]","[2367, 1232, 2780, 1644]","[1183, 616, 1390, 822]","[[1390.0, 619.6666666666666], [1385.6666666666667, 821.6666666666666], [1183.7698567708333, 820.0928548177084], [1184.3333333333333, 616.0]]",output/metadata/20260513-154233__qr-Plot193-Spalte4-Reihe13-R4S-504__c2bbbb74__qr.txt,output/metadata/20260513-154233__qr-Plot193-Spalte4-Reihe13-R4S-504__c2bbbb74__qr.json,auto,160,1840,120,1380,1680,1260,working_pixels,104,104,0,0,104,0.8054072184429327,100,4,output/labels/20260513-154233__qr-Plot193-Spalte4-Reihe13-R4S-504__c2bbbb74__labels.tif,output/overlays/20260513-154233__qr-Plot193-Spalte4-Reihe13-R4S-504__c2bbbb74__labeled.png,output/stats/20260513-154233__qr-Plot193-Spalte4-Reihe13-R4S-504__c2bbbb74__worms.csv,,,,,,,,100,625.17,622.5,230.0007050933417,185,1175,62517,42.87,44.5,11.121600604229588,19.0,62.0,4287.0,57.057282764335596,59.55318783381168,13.828602546840074,25.413783392321804,77.95736517459532,5705.72827643356,15.66120859003138,15.261025545724094,3.483388706858643,7.95793874250137,22.706428759545567,1566.120859003138,3.6557249576319855,3.735219350310928,0.5529935958480565,1.947465597321795,4.703708289679491,365.57249576319856,0.9580003685847959,0.9634946138289486,0.019068740438373165,0.85809684013106,0.977139702262356,95.80003685847959,0.8310853346589389,0.8327153415049959,0.05897947918994068,0.6812993854258121,0.9377593360995852,83.10853346589388,125.4986958086278,129.63961030678928,29.614033811645218,60.52691193458119,174.75230867899734,12549.86958086278,0.05529277393997348,0.006246281163933099,0.9418245880449585,-1.5599948601782243,1.5301997603503186,5.529277393997348,27.675203725295283,28.152619981873137,5.5116281985887445,15.347615963921076,38.678889139475245,2767.5203725295282
193.0,4.0,13.0,R4S,504.0,Plot193_Spalte4_Reihe13_R4S_504_,20260513_154320.jpg,20260513-154320__qr-Plot193-Spalte4-Reihe13-R4S-504__2690193f,98,images/20260513_154320.jpg,0.5,4000,3000,2000,1500,Plot193_Spalte4_Reihe13_R4S_504_,plot_spalte_reihe_condition_sample,True,opencv_right_strip_full_height_rgb_scale_1,"[[2869.0, 1210.0], [2854.8218994140625, 1619.37451171875], [2438.769775390625, 1611.8916015625], [2449.0, 1201.0]]","[2438, 1201, 2869, 1620]","[1219, 600, 1435, 810]","[[1434.5, 605.0], [1427.4109497070312, 809.687255859375], [1219.3848876953125, 805.94580078125], [1224.5, 600.5]]",output/metadata/20260513-154320__qr-Plot193-Spalte4-Reihe13-R4S-504__2690193f__qr.txt,output/metadata/20260513-154320__qr-Plot193-Spalte4-Reihe13-R4S-504__2690193f__qr.json,auto,160,1840,120,1380,1680,1260,working_pixels,99,98,0,0,98,0.8334448223733938,98,0,output/labels/20260513-154320__qr-Plot193-Spalte4-Reihe13-R4S-504__2690193f__labels.tif,output/overlays/20260513-154320__qr-Plot193-Spalte4-Reihe13-R4S-504__2690193f__labeled.png,output/stats/20260513-154320__qr-Plot193-Spalte4-Reihe13-R4S-504__2690193f__worms.csv,,,,,,,,98,573.4285714285714,562.5,225.36421838400852,160,1179,56196,40.96938775510204,42.0,12.063794415678927,16.0,64.0,4015.0,54.29131697530805,57.02252226929488,14.70598379128604,20.76083834151688,79.98221298914457,5320.549063580189,15.065188617680922,14.921597076175019,3.4040164685908043,7.2983275304962145,23.1842846430964,1476.3884845327304,3.6309623933898587,3.699089041520787,0.734103875182802,1.6351036011547802,5.463973169627252,355.83431455220614,0.9534165912048835,0.9627638895400192,0.03162976787692786,0.7911810193384046,0.983109747794952,93.43482593807859,0.8308895102201517,0.8329142967260946,0.058205410754795614,0.6819541375872383,0.9446494464944648,81.42717200157486,120.07075006122152,123.68986283848344,30.843422799345902,51.698484809834994,180.12489168102783,11766.933505999708,0.05370391737127858,0.08813986743219565,0.8597860713343496,-1.5465044156230958,1.550776577651091,5.262983902385301,26.456209410504332,26.761795663212702,5.521961637324716,14.27299292922217,38.7446696107059,2592.7085222294245
,,,,,Plot58_Spalte1_Reihe58_R4S_398_B,20260513_154544.jpg,20260513-154544__qr-Plot58-Spalte1-Reihe58-R4S-398-B__a5bf431c,29,images/20260513_154544.jpg,0.5,4000,3000,2000,1500,Plot58_Spalte1_Reihe58_R4S_398_B,generic_underscore_tokens,True,working_image_mapped_to_original:opencv_full_rgb_scale_2,"[[2755.0, 1237.0], [2759.0, 1642.0], [2348.0, 1650.0155029296875], [2348.0, 1235.143798828125]]","[2348, 1234, 2760, 1652]","[1174, 617, 1380, 826]","[[1377.5, 618.5], [1379.5, 821.0], [1174.0, 825.0077514648438], [1174.0, 617.5718994140625]]",output/metadata/20260513-154544__qr-Plot58-Spalte1-Reihe58-R4S-398-B__a5bf431c__qr.txt,output/metadata/20260513-154544__qr-Plot58-Spalte1-Reihe58-R4S-398-B__a5bf431c__qr.json,auto,160,1840,120,1380,1680,1260,working_pixels,32,32,0,0,32,0.7991170634920635,29,3,output/labels/20260513-154544__qr-Plot58-Spalte1-Reihe58-R4S-398-B__a5bf431c__labels.tif,output/overlays/20260513-154544__qr-Plot58-Spalte1-Reihe58-R4S-398-B__a5bf431c__labeled.png,output/stats/20260513-154544__qr-Plot58-Spalte1-Reihe58-R4S-398-B__a5bf431c__worms.csv,6.0,Plot58,Spalte1,Reihe58,R4S,398.0,B,29,565.4137931034483,548.0,188.39974924941217,249,953,16397,40.758620689655174,39.0,8.765415695520145,27.0,56.0,1182.0,56.022061010966304,55.32840308830653,9.85203882061735,38.734345993948885,75.69852764651606,1624.639769318023,14.27275835810583,13.344356751781527,3.4500032308411246,8.917929952078612,23.423892297585777,413.9099923850691,4.0011641557128765,4.172580063596742,0.49378498089552647,2.833909775318157,4.807104009061681,116.03376051567342,0.9665320618321568,0.9708569133537904,0.010033956666497007,0.9356725907178464,0.9781234124388564,28.029429793132547,0.8379665351796494,0.8455284552845529,0.04912967358918633,0.6862903225806452,0.900398406374502,24.30102952020983,120.98114636094428,120.42640687119284,22.661089381387967,79.45584412271572,160.89444430272832,3508.453244467384,-0.07109445450254982,0.0123589980566599,0.8031235184376343,-1.437879770035702,1.4397483569235712,-2.061739180573945,26.46753580595313,26.414679072721466,4.479818704397454,17.805522925178455,34.833852588144914,767.5585383726408
,,,,,,20260513_154612.jpg,20260513-154612__qr-NOQR__1a79c67b,28,images/20260513_154612.jpg,0.5,4000,3000,2000,1500,,,False,none,,,,,output/metadata/20260513-154612__qr-NOQR__1a79c67b__qr.txt,output/metadata/20260513-154612__qr-NOQR__1a79c67b__qr.json,auto,160,1840,120,1380,1680,1260,working_pixels,28,28,0,0,28,0.7908267195767196,28,0,output/labels/20260513-154612__qr-NOQR__1a79c67b__labels.tif,output/overlays/20260513-154612__qr-NOQR__1a79c67b__labeled.png,output/stats/20260513-154612__qr-NOQR__1a79c67b__worms.csv,,,,,,,,28,560.0357142857143,518.0,181.5034908638597,284,920,15681,41.92857142857143,41.0,7.133273994709432,30.0,56.0,1174.0,57.09050401662416,56.50726225885202,9.911075555621455,40.30512540932104,75.87616873096765,1598.5341124654765,14.154217328512475,13.021473423693791,3.313281562444391,10.83799568207351,24.725918778938063,396.3180851983493,4.09219859688369,4.0987814497786506,0.4553386179674841,2.7722804364763616,4.86618640600919,114.58156071274331,0.9683202033846748,0.9697815324367172,0.008966868116056929,0.9326765276783248,0.9786571720178256,27.112965694770896,0.8201174627523607,0.826431570910479,0.05207440591768314,0.6666666666666666,0.904645476772616,22.9632889570661,123.13681707511778,118.86143571373728,22.238169064446886,86.07716446627535,164.61017305526642,3447.830878103298,0.3619523999978308,0.449551050202101,0.8686810311992169,-1.4586915310009592,1.41701066341481,10.134667199939262,26.37372457968619,25.681174454621807,4.2583928077954525,19.015783725757565,34.225434710991614,738.4642882312133
108.0,2.0,48.0,R4S,211.0,Plot108_Spalte2_Reihe48_R4S_211_,20260513_154927.jpg,20260513-154927__qr-Plot108-Spalte2-Reihe48-R4S-211__3f96026d,41,images/20260513_154927.jpg,0.5,4000,3000,2000,1500,Plot108_Spalte2_Reihe48_R4S_211_,plot_spalte_reihe_condition_sample,True,opencv_right_strip_full_height_rgb_scale_1,"[[2867.0, 1333.0], [2869.0, 1741.0], [2451.0, 1744.0], [2453.0, 1335.0]]","[2451, 1333, 2869, 1744]","[1225, 666, 1435, 872]","[[1433.5, 666.5], [1434.5, 870.5], [1225.5, 872.0], [1226.5, 667.5]]",output/metadata/20260513-154927__qr-Plot108-Spalte2-Reihe48-R4S-211__3f96026d__qr.txt,output/metadata/20260513-154927__qr-Plot108-Spalte2-Reihe48-R4S-211__3f96026d__qr.json,auto,160,1840,120,1380,1680,1260,working_pixels,45,45,0,0,45,0.8103524187452759,41,4,output/labels/20260513-154927__qr-Plot108-Spalte2-Reihe48-R4S-211__3f96026d__labels.tif,output/overlays/20260513-154927__qr-Plot108-Spalte2-Reihe48-R4S-211__3f96026d__labeled.png,output/stats/20260513-154927__qr-Plot108-Spalte2-Reihe48-R4S-211__3f96026d__worms.csv,,,,,,,,41,512.3170731707318,527.0,266.2251339584967,177,1022,21005,35.1219512195122,35.0,14.52445372802575,16.0,63.0,1440.0,49.42062615806459,51.436768736123504,16.850200608756793,26.151207970100717,78.76344203344229,2026.2456724806484,14.14527176078548,13.24024666282246,4.265505206782154,8.317580580884194,22.767623472916966,579.9561421922047,3.471604038394577,3.411553539568753,0.4987479775969391,2.077157082667606,4.537417898551504,142.33576557417766,0.9542895390421241,0.956075171266901,0.01723132216394753,0.8764860599086214,0.9754119112423768,39.12587110072709,0.8528673915934218,0.8762376237623762,0.06542718158547697,0.7227866473149492,0.9487179487179488,34.967563055330295,108.96930975114518,116.02438661763952,36.62280870174525,59.941125496954285,174.2670273047588,4467.741699796952,0.12969515822204772,0.2607436938843735,0.8914695363844684,-1.3582950468566584,1.4915758967382418,5.317501487103956,24.66190133936125,25.903614421069328,6.722745258810164,15.012108426804138,36.07285426355026,1011.1379549138112
,,,,,Plot50_Spalte1_Reihe50_R4S_275_H,20260513_155503.jpg,20260513-155503__qr-Plot50-Spalte1-Reihe50-R4S-275-H__0c5eef2e,27,images/20260513_155503.jpg,0.5,4000,3000,2000,1500,Plot50_Spalte1_Reihe50_R4S_275_H,generic_underscore_tokens,True,opencv_right_strip_full_height_rgb_scale_1,"[[2754.3005981445312, 1466.0113525390625], [2753.0, 1873.0], [2332.9596557617188, 1875.0], [2341.2828979492188, 1462.4041748046875]]","[2332, 1462, 2755, 1875]","[1166, 731, 1378, 938]","[[1377.1502990722656, 733.0056762695312], [1376.5, 936.5], [1166.4798278808594, 937.5], [1170.6414489746094, 731.2020874023438]]",output/metadata/20260513-155503__qr-Plot50-Spalte1-Reihe50-R4S-275-H__0c5eef2e__qr.txt,output/metadata/20260513-155503__qr-Plot50-Spalte1-Reihe50-R4S-275-H__0c5eef2e__qr.json,auto,160,1840,120,1380,1680,1260,working_pixels,28,28,0,0,28,0.7396830120937263,27,1,output/labels/20260513-155503__qr-Plot50-Spalte1-Reihe50-R4S-275-H__0c5eef2e__labels.tif,output/overlays/20260513-155503__qr-Plot50-Spalte1-Reihe50-R4S-275-H__0c5eef2e__labeled.png,output/stats/20260513-155503__qr-Plot50-Spalte1-Reihe50-R4S-275-H__0c5eef2e__worms.csv,6.0,Plot50,Spalte1,Reihe50,R4S,275.0,H,27,617.5185185185185,577.0,203.471481723223,292,958,16673,42.25925925925926,43.0,8.609442904306128,29.0,57.0,1141.0,60.064984600464406,60.16018290939247,10.240026512892179,43.11689225756094,74.93815044880552,1621.754584212539,14.766980517221734,13.756201338157576,3.484390504319452,10.16672078186594,21.179731983975707,398.7084739649868,4.131233359147247,4.218251475566568,0.35937337550689874,3.441250136476942,4.876620636955222,111.54330069697566,0.9695515384703536,0.9714937785326652,0.0056469018410385055,0.9568470352911336,0.9787493968934506,26.177891538699548,0.8277097158295434,0.8342490842490843,0.057543167458623604,0.7198019801980198,0.9292364990689012,22.348162327397674,128.86228413304187,129.0538238691624,23.987478399670458,90.2842712474619,166.99494936611666,3479.2816715921304,0.03189566467582214,-0.1091397646446575,0.8766133980638446,-1.462249662134492,1.3899122397446255,0.8611829462471978,27.664701497632088,27.104597715372734,4.660219488211733,19.281751659604677,34.92511251028815,746.9469404360664
,,,,,Plot50_Spalte1_Reihe50_R4S_275_H,20260513_155530.jpg,20260513-155530__qr-Plot50-Spalte1-Reihe50-R4S-275-H__436a6dad,29,images/20260513_155530.jpg,0.5,4000,3000,2000,1500,Plot50_Spalte1_Reihe50_R4S_275_H,generic_underscore_tokens,True,opencv_right_strip_full_height_rgb_scale_1,"[[2833.0, 1477.0], [2830.5303344726562, 1885.1036376953125], [2407.8150634765625, 1880.5089111328125], [2419.5542602539062, 1467.29052734375]]","[2407, 1467, 2833, 1886]","[1203, 733, 1417, 943]","[[1416.5, 738.5], [1415.2651672363281, 942.5518188476562], [1203.9075317382812, 940.2544555664062], [1209.7771301269531, 733.645263671875]]",output/metadata/20260513-155530__qr-Plot50-Spalte1-Reihe50-R4S-275-H__436a6dad__qr.txt,output/metadata/20260513-155530__qr-Plot50-Spalte1-Reihe50-R4S-275-H__436a6dad__qr.json,auto,160,1840,120,1380,1680,1260,working_pixels,30,30,0,0,30,0.7506519274376418,29,1,output/labels/20260513-155530__qr-Plot50-Spalte1-Reihe50-R4S-275-H__436a6dad__labels.tif,output/overlays/20260513-155530__qr-Plot50-Spalte1-Reihe50-R4S-275-H__436a6dad__labeled.png,output/stats/20260513-155530__qr-Plot50-Spalte1-Reihe50-R4S-275-H__436a6dad__worms.csv,6.0,Plot50,Spalte1,Reihe50,R4S,275.0,H,29,558.448275862069,509.0,199.76889973289786,223,966,16195,41.6551724137931,40.0,10.135777727820557,25.0,62.0,1208.0,56.390574487239775,55.80621771357936,11.705886677383596,36.53025339638263,76.27087370343598,1635.3266601299536,14.270404136922025,13.79611978937878,3.6793554325601465,6.597271015373345,22.01720985584208,413.8417199707387,4.062436139523466,4.104645768319837,0.7666889642937618,2.549224009601136,6.804110457591581,117.8106480461805,0.9658196129264359,0.9698691590867056,0.014329255125042803,0.919847462585872,0.9891409525556896,28.008768774866642,0.8273847896938855,0.8228388473852721,0.06371757628332692,0.7087378640776699,0.9474940334128878,23.99415890112268,121.85770878221265,116.76955262170048,25.855662369296418,85.63961030678928,168.61017305526642,3533.873554684167,0.04734933813200648,-0.1001580387229562,0.8231029511512818,-1.3673053872093657,1.5385611445466656,1.373130805828188,26.253655737721836,25.45739437315213,4.749946160357793,16.85029431422316,35.070634442709576,761.3560163939333
,,,,,Plot31_Spalte1_Reihe31_R4S_181_E,20260513_155752.jpg,20260513-155752__qr-Plot31-Spalte1-Reihe31-R4S-181-E__a9362d69,72,images/20260513_155752.jpg,0.5,4000,3000,2000,1500,Plot31_Spalte1_Reihe31_R4S_181_E,generic_underscore_tokens,True,opencv_right_strip_full_height_rgb_scale_1,"[[2840.0, 1273.0], [2849.0, 1675.0], [2440.630859375, 1691.4774169921875], [2431.4423217773438, 1276.681884765625]]","[2431, 1273, 2849, 1692]","[1215, 636, 1425, 846]","[[1420.0, 636.5], [1424.5, 837.5], [1220.3154296875, 845.7387084960938], [1215.7211608886719, 638.3409423828125]]",output/metadata/20260513-155752__qr-Plot31-Spalte1-Reihe31-R4S-181-E__a9362d69__qr.txt,output/metadata/20260513-155752__qr-Plot31-Spalte1-Reihe31-R4S-181-E__a9362d69__qr.json,auto,160,1840,120,1380,1680,1260,working_pixels,74,74,0,0,74,0.807468820861678,72,2,output/labels/20260513-155752__qr-Plot31-Spalte1-Reihe31-R4S-181-E__a9362d69__labels.tif,output/overlays/20260513-155752__qr-Plot31-Spalte1-Reihe31-R4S-181-E__a9362d69__labeled.png,output/stats/20260513-155752__qr-Plot31-Spalte1-Reihe31-R4S-181-E__a9362d69__worms.csv,6.0,Plot31,Spalte1,Reihe31,R4S,181.0,E,72,617.2638888888889,610.0,196.13131509814625,105,1070,44443,42.916666666666664,45.0,10.269262216871924,16.0,66.0,3090.0,58.74150538224972,61.58790720506704,12.000378684705508,21.145527669488004,76.52897458794067,4229.38838752198,15.356141444110527,14.522191322054553,3.448957338781404,6.453425828998963,22.71750637304705,1105.642183975958,3.8555989438061116,3.8439586444042657,0.4964707720753668,2.5422589399046145,4.907131106554727,277.60312395404003,0.9638598752080948,0.9655685781143495,0.010436405258064461,0.9193883948527296,0.9790156535522264,69.39791101498282,0.8196317756243006,0.8189231796129677,0.06628423998429771,0.672886937431394,0.9542981501632208,59.013487844949644,127.47801920022114,130.9827560572969,26.425679563943483,47.79898987322333,170.95331880577402,9178.417382415922,-0.14696388045064562,-0.2635593205779799,0.8514312523066209,-1.555046995237708,1.4854263990152918,-10.581399392446485,27.631002408439215,27.868872151647928,4.771659161370011,11.562445770562215,36.910246719124274,1989.4321734076234
,,,,,Plot188_Spalte4_Reihe8_R4S_436_R,20260513_161256.jpg,20260513-161256__qr-Plot188-Spalte4-Reihe8-R4S-436-R__51a99777,138,images/20260513_161256.jpg,0.5,4000,3000,2000,1500,Plot188_Spalte4_Reihe8_R4S_436_R,generic_underscore_tokens,True,opencv_right_strip_full_height_rgb_scale_1,"[[2889.0, 1277.0], [2882.0, 1681.0], [2470.93115234375, 1676.9329833984375], [2480.0, 1270.0]]","[2470, 1270, 2889, 1681]","[1235, 635, 1445, 841]","[[1444.5, 638.5], [1441.0, 840.5], [1235.465576171875, 838.4664916992188], [1240.0, 635.0]]",output/metadata/20260513-161256__qr-Plot188-Spalte4-Reihe8-R4S-436-R__51a99777__qr.txt,output/metadata/20260513-161256__qr-Plot188-Spalte4-Reihe8-R4S-436-R__51a99777__qr.json,auto,341,1985,28,1485,1644,1457,working_pixels,142,142,0,0,142,0.8748520023312242,138,4,output/labels/20260513-161256__qr-Plot188-Spalte4-Reihe8-R4S-436-R__51a99777__labels.tif,output/overlays/20260513-161256__qr-Plot188-Spalte4-Reihe8-R4S-436-R__51a99777__labeled.png,output/stats/20260513-161256__qr-Plot188-Spalte4-Reihe8-R4S-436-R__51a99777__worms.csv,6.0,Plot188,Spalte4,Reihe8,R4S,436.0,R,138,691.6376811594203,707.5,229.21930155377987,181,1966,95446,46.32608695652174,47.0,13.48324889018664,17.0,140.0,6393.0,61.15218541723881,62.86630920329307,15.357082984671731,22.236338469676536,168.53449511050218,8439.001587578956,16.539194350739166,16.550957395649064,3.1716492315390923,9.624645889222355,23.80472482270813,2282.408820402005,3.729861028962043,3.8201374005296973,0.8522710811607568,1.573351088619677,10.922512789568,514.720821996762,0.9577192387977463,0.9651300461359158,0.024577757962235644,0.7720300356966627,0.9958001107939084,132.165254954089,0.8228774150972298,0.8272267046353425,0.05918015726832211,0.6825075834175935,0.9432624113475178,113.55708328341771,134.72345548458622,138.5538238691624,30.715732901334313,55.79898987322333,321.25483399593907,18591.8368568729,-0.09166449310212876,-0.17508019757438495,0.9091833656250043,-1.5387832758977944,1.567844245023528,-12.64970004809377,29.256523673513062,30.013461432691578,4.985618073298554,15.180789096653193,50.03187928660416,4037.4002669448028
,,,,,Plot9_Spalte1_Reihe9_R4S_209_Fal,20260513_162344.jpg,20260513-162344__qr-Plot9-Spalte1-Reihe9-R4S-209-Fal__478a58a7,69,images/20260513_162344.jpg,0.5,4000,3000,2000,1500,Plot9_Spalte1_Reihe9_R4S_209_Fal,generic_underscore_tokens,True,opencv_right_strip_full_height_rgb_scale_1,"[[2860.0, 1357.0], [2851.0, 1759.0], [2446.9047241210938, 1753.4306640625], [2451.0, 1346.0]]","[2446, 1346, 2860, 1759]","[1223, 673, 1430, 880]","[[1430.0, 678.5], [1425.5, 879.5], [1223.4523620605469, 876.71533203125], [1225.5, 673.0]]",output/metadata/20260513-162344__qr-Plot9-Spalte1-Reihe9-R4S-209-Fal__478a58a7__qr.txt,output/metadata/20260513-162344__qr-Plot9-Spalte1-Reihe9-R4S-209-Fal__478a58a7__qr.json,auto,160,1840,120,1380,1680,1260,working_pixels,73,73,0,0,73,0.80036470143613,69,4,output/labels/20260513-162344__qr-Plot9-Spalte1-Reihe9-R4S-209-Fal__478a58a7__labels.tif,output/overlays/20260513-162344__qr-Plot9-Spalte1-Reihe9-R4S-209-Fal__478a58a7__labeled.png,output/stats/20260513-162344__qr-Plot9-Spalte1-Reihe9-R4S-209-Fal__478a58a7__worms.csv,6.0,Plot9,Spalte1,Reihe9,R4S,209.0,Fal,69,496.95652173913044,497.0,167.39276064733372,155,858,34290,38.405797101449274,40.0,10.360159606679515,19.0,61.0,2650.0,52.26065511165973,54.34140440639936,12.439230923237647,29.74072921290764,74.49945224583179,3605.9852027045213,13.330323221269603,12.968010709233887,2.623360105721955,7.226435105653002,19.192486904072503,919.7923022676026,3.919971466125452,3.981204004794813,0.5772852745982743,2.081204490213563,4.913082005016113,270.4780311626562,0.963812030660442,0.9679403178641092,0.01594527436344549,0.8769996643390863,0.9790669998439252,66.5030301155705,0.8415438712364383,0.853448275862069,0.056024261700915456,0.7207729468599033,0.9473684210526316,58.06652711531424,113.04575823648334,116.31980515339464,26.00660853699999,65.31370849898477,160.8528137423857,7800.1573183173505,-0.16369142252220564,-0.4547917217341368,0.9386884901204698,-1.546961385930269,1.564118039512351,-11.29470815403219,24.765164308369314,25.15551736167189,4.440392680621913,14.048207338801282,33.05207299675423,1708.7963372774827
,,,,,Plot9_Spalte1_Reihe9_R4S_209_Fal,20260513_162447.jpg,20260513-162447__qr-Plot9-Spalte1-Reihe9-R4S-209-Fal__b720bfe3,75,images/20260513_162447.jpg,0.5,4000,3000,2000,1500,Plot9_Spalte1_Reihe9_R4S_209_Fal,generic_underscore_tokens,True,opencv_right_strip_full_height_rgb_scale_1,"[[2858.0, 1348.0], [2851.0, 1752.0], [2441.9520263671875, 1746.441650390625], [2449.9954223632812, 1337.3770751953125]]","[2441, 1337, 2858, 1752]","[1220, 668, 1429, 876]","[[1429.0, 674.0], [1425.5, 876.0], [1220.9760131835938, 873.2208251953125], [1224.9977111816406, 668.6885375976562]]",output/metadata/20260513-162447__qr-Plot9-Spalte1-Reihe9-R4S-209-Fal__b720bfe3__qr.txt,output/metadata/20260513-162447__qr-Plot9-Spalte1-Reihe9-R4S-209-Fal__b720bfe3__qr.json,auto,160,1840,120,1380,1680,1260,working_pixels,76,76,0,0,76,0.7944765684051398,75,1,output/labels/20260513-162447__qr-Plot9-Spalte1-Reihe9-R4S-209-Fal__b720bfe3__labels.tif,output/overlays/20260513-162447__qr-Plot9-Spalte1-Reihe9-R4S-209-Fal__b720bfe3__labeled.png,output/stats/20260513-162447__qr-Plot9-Spalte1-Reihe9-R4S-209-Fal__b720bfe3__worms.csv,6.0,Plot9,Spalte1,Reihe9,R4S,209.0,Fal,75,469.4,467.0,172.23138113784216,152,854,35205,35.74666666666667,35.0,10.575460290708877,15.0,62.0,2681.0,49.07635901687404,51.801035139425295,13.537269779516242,21.78644907321616,71.95474305984457,3680.7269262655527,13.21681037665668,13.068372116802264,2.5143390092997118,8.169476054111323,20.6517467319071,991.260778249251,3.703941246857652,3.929960210431968,0.7368149138816131,1.811073246840761,4.719599658456482,277.7955935143239,0.9556702105560418,0.9670844830039194,0.02781835482326617,0.8337389749164001,0.9772951743404178,71.67526579170314,0.8569275474020737,0.8735177865612648,0.05998771667915277,0.7051971326164874,0.9471544715447154,64.26956605515552,107.3117974280376,111.19595949289332,27.29739907075636,49.79898987322333,155.29646455628165,8048.38480710282,0.02030761885511893,0.2313064955906584,0.9623044888109541,-1.567726287949706,1.547870793175625,1.5230714141339197,24.017430973642398,24.384480051691096,4.5938029340588535,13.911592676604096,32.97493853222215,1801.3073230231798
162.0,3.0,42.0,R4S,226.0,Plot162_Spalte3_Reihe42_R4S_226_,20260513_162737.jpg,20260513-162737__qr-Plot162-Spalte3-Reihe42-R4S-226__ee4047f3,32,images/20260513_162737.jpg,0.5,4000,3000,2000,1500,Plot162_Spalte3_Reihe42_R4S_226_,plot_spalte_reihe_condition_sample,True,opencv_full_rgb_scale_1,"[[2872.0, 1324.0], [2858.0, 1735.0], [2444.43359375, 1726.4049072265625], [2452.169189453125, 1314.486083984375]]","[2444, 1314, 2872, 1735]","[1222, 657, 1436, 868]","[[1436.0, 662.0], [1429.0, 867.5], [1222.216796875, 863.2024536132812], [1226.0845947265625, 657.2430419921875]]",output/metadata/20260513-162737__qr-Plot162-Spalte3-Reihe42-R4S-226__ee4047f3__qr.txt,output/metadata/20260513-162737__qr-Plot162-Spalte3-Reihe42-R4S-226__ee4047f3__qr.json,auto,160,1840,120,1380,1680,1260,working_pixels,34,34,0,0,34,0.7976166855631142,32,2,output/labels/20260513-162737__qr-Plot162-Spalte3-Reihe42-R4S-226__ee4047f3__labels.tif,output/overlays/20260513-162737__qr-Plot162-Spalte3-Reihe42-R4S-226__ee4047f3__labeled.png,output/stats/20260513-162737__qr-Plot162-Spalte3-Reihe42-R4S-226__ee4047f3__worms.csv,,,,,,,,32,641.40625,590.0,227.9425308691475,278,1010,20525,42.5,41.0,10.76433777535504,25.0,59.0,1360.0,58.91819198630107,58.2883220175337,12.85984939726725,35.242879335666444,78.43275844262344,1885.3821435616342,15.895348088174245,15.294120542393784,3.7952965866931145,9.502669338903043,22.211544666394484,508.65113882157584,3.7444489534748877,3.6703575086185034,0.43189494337402506,2.750697941970892,4.423963973474768,119.8223665111964,0.962040560557604,0.9621688913539486,0.009987979439773321,0.9315769905846376,0.9741176439886428,30.78529793784333,0.8176671091894585,0.8245978395626283,0.05778883950415686,0.7089487402258905,0.9106029106029108,26.165347494062672,128.6007777853168,124.51828996322962,28.534824071466318,78.59797974644665,172.50966799187808,4115.224889130138,-0.10426076022331614,-0.03870912691150426,0.9199404697946725,-1.442793572531366,1.5203495540636964,-3.3363443271461164,28.109485971461286,27.408146157444246,5.232217827221386,18.81384047546846,35.86045091995518,899.5035510867611
162.0,3.0,42.0,R4S,226.0,Plot162_Spalte3_Reihe42_R4S_226_,20260513_162810.jpg,20260513-162810__qr-Plot162-Spalte3-Reihe42-R4S-226__afc1910c,32,images/20260513_162810.jpg,0.5,4000,3000,2000,1500,Plot162_Spalte3_Reihe42_R4S_226_,plot_spalte_reihe_condition_sample,True,opencv_right_strip_full_height_rgb_scale_1,"[[2917.0, 1314.0], [2903.0, 1724.0], [2486.9790649414062, 1714.2276611328125], [2495.8002319335938, 1301.8388671875]]","[2486, 1301, 2917, 1724]","[1243, 650, 1459, 862]","[[1458.5, 657.0], [1451.5, 862.0], [1243.4895324707031, 857.1138305664062], [1247.9001159667969, 650.91943359375]]",output/metadata/20260513-162810__qr-Plot162-Spalte3-Reihe42-R4S-226__afc1910c__qr.txt,output/metadata/20260513-162810__qr-Plot162-Spalte3-Reihe42-R4S-226__afc1910c__qr.json,auto,160,1840,120,1380,1680,1260,working_pixels,33,33,0,0,33,0.8110548941798942,32,1,output/labels/20260513-162810__qr-Plot162-Spalte3-Reihe42-R4S-226__afc1910c__labels.tif,output/overlays/20260513-162810__qr-Plot162-Spalte3-Reihe42-R4S-226__afc1910c__labeled.png,output/stats/20260513-162810__qr-Plot162-Spalte3-Reihe42-R4S-226__afc1910c__worms.csv,,,,,,,,32,657.125,599.0,227.33955703649195,294,1007,21028,42.15625,43.0,10.75267221100966,23.0,59.0,1349.0,59.590536229577,57.95496687236479,12.421168488590224,37.32242930413977,78.70037255844014,1906.897159346464,16.116861301851625,16.08423970287081,3.8233511860587748,10.03598345522705,22.316464194419023,515.739561659252,3.738794981071352,3.748895637421454,0.3943005864945683,2.815325042856942,4.580512763201196,119.64143939428327,0.9622244671958383,0.9637649629575384,0.008898258556355525,0.9347907957751532,0.9758780918802634,30.791182950266826,0.8186192246036094,0.8296170096769797,0.05302438318453906,0.7117181883537024,0.8946700507614214,26.1958151873155,130.15997916977705,125.46803743153546,27.92269428458332,84.2842712474619,173.78174593052023,4165.1193334328655,0.037487983429730684,-0.01038231447591335,0.7001386842990358,-1.048612235104841,1.418279245339647,1.199615469751382,28.47812252539151,27.616479788232333,5.148035467495202,19.347672370394783,35.80715321759479,911.2999208125283
,,,,,Plot44_Spalte1_Reihe44_R4S_189_C,20260513_163016.jpg,20260513-163016__qr-Plot44-Spalte1-Reihe44-R4S-189-C__79ee986f,55,images/20260513_163016.jpg,0.5,4000,3000,2000,1500,Plot44_Spalte1_Reihe44_R4S_189_C,generic_underscore_tokens,True,opencv_right_strip_full_height_rgb_scale_1,"[[2907.0, 1350.0], [2898.0, 1757.0], [2477.961181640625, 1748.818115234375], [2493.0, 1339.0]]","[2477, 1339, 2907, 1757]","[1238, 669, 1454, 879]","[[1453.5, 675.0], [1449.0, 878.5], [1238.9805908203125, 874.4090576171875], [1246.5, 669.5]]",output/metadata/20260513-163016__qr-Plot44-Spalte1-Reihe44-R4S-189-C__79ee986f__qr.txt,output/metadata/20260513-163016__qr-Plot44-Spalte1-Reihe44-R4S-189-C__79ee986f__qr.json,auto,160,1840,120,1380,1680,1260,working_pixels,56,56,0,0,56,0.8120077475434618,55,1,output/labels/20260513-163016__qr-Plot44-Spalte1-Reihe44-R4S-189-C__79ee986f__labels.tif,output/overlays/20260513-163016__qr-Plot44-Spalte1-Reihe44-R4S-189-C__79ee986f__labeled.png,output/stats/20260513-163016__qr-Plot44-Spalte1-Reihe44-R4S-189-C__79ee986f__worms.csv,6.0,Plot44,Spalte1,Reihe44,R4S,189.0,C,55,484.07272727272726,448.0,186.4997124956035,198,973,26624,37.163636363636364,35.0,10.96587912802731,19.0,74.0,2044.0,51.07260285648767,50.729962382625175,13.558160853087479,29.11721083592327,83.68693579894878,2808.993157106822,13.3167183633137,12.581426635334427,2.979561934498648,8.453131800587967,22.10025353453736,732.4195099822535,3.8551332255650874,4.054101799265198,0.695770361912844,2.3141158597054807,5.267294961674936,212.03232740607982,0.9613864887636715,0.9691011240726064,0.017643947215651636,0.9018110928684016,0.9818129584802489,52.87625688200193,0.8388033897258703,0.8533333333333334,0.058290464362466744,0.6973180076628352,0.9329501915708812,46.13418643492287,110.52741564636243,107.35533905932738,27.981718082601745,64.52691193458118,181.9177848998413,6079.007860549934,0.10258960351285494,0.1108904369511733,0.8147319014254889,-1.5084709896725157,1.4250897920994967,5.642428193207022,24.39379695195331,23.883285285767386,4.655893325801289,15.877702285203682,35.19747259431156,1341.658832357432
,,,,,Plot44_Spalte1_Reihe44_R4S_189_C,20260513_163040.jpg,20260513-163040__qr-Plot44-Spalte1-Reihe44-R4S-189-C__f2e6b227,52,images/20260513_163040.jpg,0.5,4000,3000,2000,1500,Plot44_Spalte1_Reihe44_R4S_189_C,generic_underscore_tokens,True,opencv_right_strip_full_height_rgb_scale_1,"[[2907.0, 1350.0], [2898.0, 1757.0], [2478.8231811523438, 1748.8455810546875], [2493.0, 1339.0]]","[2478, 1339, 2907, 1757]","[1239, 669, 1454, 879]","[[1453.5, 675.0], [1449.0, 878.5], [1239.4115905761719, 874.4227905273438], [1246.5, 669.5]]",output/metadata/20260513-163040__qr-Plot44-Spalte1-Reihe44-R4S-189-C__f2e6b227__qr.txt,output/metadata/20260513-163040__qr-Plot44-Spalte1-Reihe44-R4S-189-C__f2e6b227__qr.json,auto,160,1840,120,1380,1680,1260,working_pixels,53,53,0,0,53,0.8142167422524565,52,1,output/labels/20260513-163040__qr-Plot44-Spalte1-Reihe44-R4S-189-C__f2e6b227__labels.tif,output/overlays/20260513-163040__qr-Plot44-Spalte1-Reihe44-R4S-189-C__f2e6b227__labeled.png,output/stats/20260513-163040__qr-Plot44-Spalte1-Reihe44-R4S-189-C__f2e6b227__worms.csv,6.0,Plot44,Spalte1,Reihe44,R4S,189.0,C,52,529.25,499.5,205.86554483210543,169,988,27521,38.26923076923077,36.0,10.433947957744328,20.0,62.0,1990.0,53.81114342141116,53.088403649082075,13.02017616624548,27.835109999137984,81.1220230379854,2798.1794579133802,13.861467950417929,12.928389945886629,3.1785419910652393,8.38476189004874,21.332359906019093,720.7963334217322,3.8951412536213565,4.025866408321008,0.5130487772934132,2.486476196139653,5.074139978096988,202.54734518831054,0.9643391480091138,0.9686575402739114,0.011661814762742596,0.9155625619815168,0.9803878658221884,50.14563569647392,0.8318734229610167,0.845329436122275,0.05434149005950059,0.704126426690079,0.929539295392954,43.25741799397287,116.36920710401816,113.83199846221439,28.08878607883955,60.45584412271571,175.8233764908628,6051.198769408944,0.026956125961181424,-0.013904902688363549,0.9277715021597069,-1.5692392492789595,1.526905647707166,1.401718549981434,25.47275364451656,25.21862743516857,5.048867554013287,14.668929172241665,35.467741261579384,1324.583189514861
253.0,5.0,13.0,R4S,244.0,Plot253_Spalte5_Reihe13_R4S_244_,20260513_163345.jpg,20260513-163345__qr-Plot253-Spalte5-Reihe13-R4S-244__7dc7d249,83,images/20260513_163345.jpg,0.5,4000,3000,2000,1500,Plot253_Spalte5_Reihe13_R4S_244_,plot_spalte_reihe_condition_sample,True,opencv_right_strip_full_height_rgb_scale_1,"[[2806.0, 1339.0], [2798.0, 1750.0], [2380.6129760742188, 1743.97607421875], [2387.0, 1335.0]]","[2380, 1335, 2806, 1750]","[1190, 667, 1403, 875]","[[1403.0, 669.5], [1399.0, 875.0], [1190.3064880371094, 871.988037109375], [1193.5, 667.5]]",output/metadata/20260513-163345__qr-Plot253-Spalte5-Reihe13-R4S-244__7dc7d249__qr.txt,output/metadata/20260513-163345__qr-Plot253-Spalte5-Reihe13-R4S-244__7dc7d249__qr.json,auto,160,1840,120,1380,1680,1260,working_pixels,83,83,0,0,83,0.8103358843537415,83,0,output/labels/20260513-163345__qr-Plot253-Spalte5-Reihe13-R4S-244__7dc7d249__labels.tif,output/overlays/20260513-163345__qr-Plot253-Spalte5-Reihe13-R4S-244__7dc7d249__labeled.png,output/stats/20260513-163345__qr-Plot253-Spalte5-Reihe13-R4S-244__7dc7d249__worms.csv,,,,,,,,83,515.9518072289156,472.0,200.7072193346208,147,1049,42824,40.036144578313255,38.0,12.797146960174583,16.0,86.0,3323.0,52.38472031442396,52.61431835499668,13.987215311694387,25.547972639970308,92.9553664760594,4347.931786097189,14.033224222345673,13.62632723962018,3.0503282278559105,6.920967063412364,23.26535588455,1164.7576104546908,3.7385582273552296,3.812405784697245,0.6096707839687492,2.0815520022366587,5.314136947816758,310.30033287048406,0.9595450604157242,0.9649859530134868,0.01832695245208674,0.8770436090386291,0.982135072026525,79.6422400145051,0.8244033152209066,0.8346281908990011,0.06468548547562727,0.5936615732880589,0.9260869565217392,68.42547516333525,115.44897765692079,112.18376618407356,29.986201297593468,58.31980515339464,213.89444430272832,9582.265145524425,-0.02414585216691249,-0.0031756493172058,0.8719438230542923,-1.5187692153772785,1.5519322425294388,-2.0041057298537366,25.149170593557542,24.514670406003766,4.97469866178734,13.680870333281758,36.54624854109086,2087.381159265276
253.0,5.0,13.0,R4S,244.0,Plot253_Spalte5_Reihe13_R4S_244_,20260513_163439.jpg,20260513-163439__qr-Plot253-Spalte5-Reihe13-R4S-244__9733336d,91,images/20260513_163439.jpg,0.5,4000,3000,2000,1500,Plot253_Spalte5_Reihe13_R4S_244_,plot_spalte_reihe_condition_sample,True,opencv_right_strip_full_height_rgb_scale_1,"[[2818.0, 1333.0], [2814.7750244140625, 1744.0], [2398.0, 1744.0], [2398.0, 1333.0]]","[2398, 1333, 2818, 1744]","[1199, 666, 1409, 872]","[[1409.0, 666.5], [1407.3875122070312, 872.0], [1199.0, 872.0], [1199.0, 666.5]]",output/metadata/20260513-163439__qr-Plot253-Spalte5-Reihe13-R4S-244__9733336d__qr.txt,output/metadata/20260513-163439__qr-Plot253-Spalte5-Reihe13-R4S-244__9733336d__qr.json,auto,160,1840,120,1380,1680,1260,working_pixels,92,92,0,0,92,0.8063629062736205,91,1,output/labels/20260513-163439__qr-Plot253-Spalte5-Reihe13-R4S-244__9733336d__labels.tif,output/overlays/20260513-163439__qr-Plot253-Spalte5-Reihe13-R4S-244__9733336d__labeled.png,output/stats/20260513-163439__qr-Plot253-Spalte5-Reihe13-R4S-244__9733336d__worms.csv,,,,,,,,91,502.3956043956044,483.0,215.07987555639153,161,1025,45718,36.94505494505494,36.0,11.4836721163017,17.0,64.0,3362.0,50.617729854897625,50.81904560977852,14.390488436577817,22.86367414882728,77.34353643351362,4606.213416795684,13.81898048609754,13.087180885410568,3.155568387145456,8.244827837015153,23.699795604649218,1257.5272242348763,3.6566956632903325,3.666403721870596,0.6358238023163048,1.813654533447168,4.817001788874775,332.75930535942024,0.9566521930276225,0.9620858410921442,0.02315757630419153,0.8342588930573062,0.9782142224469058,87.05534956551365,0.8442982946784963,0.8452830188679246,0.054490036628728124,0.6997776130467013,0.9428571428571428,76.83114481574316,110.75057990627923,108.5685424949238,30.139860681277998,55.55634918610404,172.46803743153546,10078.30277147141,0.12619249367753424,0.1161206795925214,0.908656871775098,-1.53929604675885,1.5535510030875277,11.483516924655616,24.72596860663337,24.79868343495444,5.34890940535882,14.317526556719258,36.12575996921783,2250.0631432036366
153.0,3.0,33.0,R4S,160.0,Plot153_Spalte3_Reihe33_R4S_160_,20260513_163705.jpg,20260513-163705__qr-Plot153-Spalte3-Reihe33-R4S-160__ac97e3e8,35,images/20260513_163705.jpg,0.5,4000,3000,2000,1500,Plot153_Spalte3_Reihe33_R4S_160_,plot_spalte_reihe_condition_sample,True,opencv_full_rgb_scale_1,"[[2944.0, 992.0], [2935.0, 1404.0], [2516.75830078125, 1397.7999267578125], [2527.0, 985.0]]","[2516, 985, 2944, 1404]","[1258, 492, 1472, 702]","[[1472.0, 496.0], [1467.5, 702.0], [1258.379150390625, 698.8999633789062], [1263.5, 492.5]]",output/metadata/20260513-163705__qr-Plot153-Spalte3-Reihe33-R4S-160__ac97e3e8__qr.txt,output/metadata/20260513-163705__qr-Plot153-Spalte3-Reihe33-R4S-160__ac97e3e8__qr.json,auto,150,1985,25,1485,1835,1460,working_pixels,36,36,0,0,36,0.8690332574371991,35,1,output/labels/20260513-163705__qr-Plot153-Spalte3-Reihe33-R4S-160__ac97e3e8__labels.tif,output/overlays/20260513-163705__qr-Plot153-Spalte3-Reihe33-R4S-160__ac97e3e8__labeled.png,output/stats/20260513-163705__qr-Plot153-Spalte3-Reihe33-R4S-160__ac97e3e8__worms.csv,,,,,,,,35,583.8857142857142,575.0,187.54431185072775,265,1017,20436,44.542857142857144,46.0,9.053250495695735,21.0,61.0,1559.0,57.30086734940697,59.025330151673785,11.87904940205966,33.98260973223616,78.88550119520536,2005.530357229244,14.575531858111232,14.610108107967507,2.685979988489791,10.009380810727652,20.763717513907,510.1436150338931,3.9602629232050512,3.95032929726195,0.65854974619503,2.452648395702627,5.0781104875557945,138.6092023121768,0.9640401317627781,0.9674287529575096,0.015890297035953974,0.9131058764210752,0.9804188289338096,33.741404611697234,0.8249275603395902,0.828693790149893,0.05317068121925038,0.6736111111111112,0.9150259067357512,28.872464611885658,126.09675316393212,127.63961030678928,23.796428315854968,77.21320343559643,171.47413408594537,4413.386360737624,-0.054573361909920654,-0.1011729236354309,0.7555770033951865,-1.1761969382259,1.5573885010677793,-1.910067666847223,26.920845857339863,27.05758189903005,4.3868298133864005,18.36868202552426,35.98450523483212,942.2296050068952
153.0,3.0,33.0,R4S,160.0,Plot153_Spalte3_Reihe33_R4S_160_,20260513_163733.jpg,20260513-163733__qr-Plot153-Spalte3-Reihe33-R4S-160__69ee1607,38,images/20260513_163733.jpg,0.5,4000,3000,2000,1500,Plot153_Spalte3_Reihe33_R4S_160_,plot_spalte_reihe_condition_sample,True,opencv_full_gray_scale_1,"[[2944.0, 991.0], [2936.832275390625, 1405.0728759765625], [2516.49658203125, 1398.2542724609375], [2527.0, 985.0]]","[2516, 985, 2944, 1406]","[1258, 492, 1472, 703]","[[1472.0, 495.5], [1468.4161376953125, 702.5364379882812], [1258.248291015625, 699.1271362304688], [1263.5, 492.5]]",output/metadata/20260513-163733__qr-Plot153-Spalte3-Reihe33-R4S-160__69ee1607__qr.txt,output/metadata/20260513-163733__qr-Plot153-Spalte3-Reihe33-R4S-160__69ee1607__qr.json,auto,150,1985,25,1485,1835,1460,working_pixels,38,38,0,0,38,0.8620917472285469,38,0,output/labels/20260513-163733__qr-Plot153-Spalte3-Reihe33-R4S-160__69ee1607__labels.tif,output/overlays/20260513-163733__qr-Plot153-Spalte3-Reihe33-R4S-160__69ee1607__labeled.png,output/stats/20260513-163733__qr-Plot153-Spalte3-Reihe33-R4S-160__69ee1607__worms.csv,,,,,,,,38,615.7631578947369,584.5,184.79417830576836,219,1018,23399,42.89473684210526,43.0,7.657497557805368,28.0,59.0,1630.0,60.102148317321124,58.244455898964375,9.608709912235577,38.31296177221431,80.27543975672228,2283.8816360582027,14.701229868198263,13.959109533039118,3.0206031149526957,9.062984354691372,21.80756901739409,558.646734991534,4.145430074692997,4.152063473413825,0.4912968144007713,3.0646864656433843,5.110981852524174,157.52634283833387,0.969154059573626,0.970563447625822,0.0077423796051543205,0.9452670743460078,0.980672366593395,36.82785426379779,0.8274440868790865,0.8304579093432007,0.05249307339976572,0.6782945736434108,0.9224572004028198,31.442875301405287,129.12683974430934,126.61879502661799,21.28412474855858,81.52691193458118,175.23759005323592,4906.819910283754,-0.20328643753608153,-0.40900528042530193,0.860951270558252,-1.3685065637513645,1.5352298051803752,-7.7248846263710975,27.68585901922633,27.280162913362766,4.240327948892825,16.698486766680407,36.00219238519226,1052.0626427306006
,,,,,Plot30_Spalte1_Reihe30_R4S_296_E,20260513_163953.jpg,20260513-163953__qr-Plot30-Spalte1-Reihe30-R4S-296-E__d3e74646,85,images/20260513_163953.jpg,0.5,4000,3000,2000,1500,Plot30_Spalte1_Reihe30_R4S_296_E,generic_underscore_tokens,True,opencv_right_strip_full_height_rgb_scale_1.5,"[[2938.0, 989.3333333333334], [2936.0, 1394.0], [2523.5977376302085, 1400.6124674479167], [2526.6666666666665, 987.3333333333334]]","[2523, 987, 2938, 1401]","[1261, 493, 1469, 701]","[[1469.0, 494.6666666666667], [1468.0, 697.0], [1261.7988688151042, 700.3062337239584], [1263.3333333333333, 493.6666666666667]]",output/metadata/20260513-163953__qr-Plot30-Spalte1-Reihe30-R4S-296-E__d3e74646__qr.txt,output/metadata/20260513-163953__qr-Plot30-Spalte1-Reihe30-R4S-296-E__d3e74646__qr.json,auto,133,1985,40,1485,1852,1445,working_pixels,88,88,0,0,88,0.845566749123738,85,3,output/labels/20260513-163953__qr-Plot30-Spalte1-Reihe30-R4S-296-E__d3e74646__labels.tif,output/overlays/20260513-163953__qr-Plot30-Spalte1-Reihe30-R4S-296-E__d3e74646__labeled.png,output/stats/20260513-163953__qr-Plot30-Spalte1-Reihe30-R4S-296-E__d3e74646__worms.csv,6.0,Plot30,Spalte1,Reihe30,R4S,296.0,E,85,479.6588235294118,474.0,166.5885688170236,151,934,40771,37.6,38.0,10.223921528873912,16.0,64.0,3196.0,49.247415483510814,50.407567413324216,11.658064801794257,23.1641200276047,72.89962819730619,4186.0303160984195,13.397476551284488,13.293194418084823,2.4891725538512963,7.731455951675269,20.726894432387198,1138.7855068591814,3.686977677343091,3.847305728083316,0.6199577636897579,1.7472086564270988,4.86108490617964,313.39310257416275,0.9572820117953665,0.9656295732686186,0.02431014148741168,0.8200153794890025,0.9786118619737306,81.36897100260616,0.851484341084757,0.8543956043956044,0.05164654742348077,0.7218114602587801,0.9453551912568308,72.37616899220434,108.65496725190424,112.12489168102786,24.407453334993487,53.45584412271571,162.6040764008565,9235.67221641186,-0.055870727965664856,-0.0552647573459367,0.858253655682754,-1.5371064033960091,1.5357903355174256,-4.749011877081513,24.33160580176875,24.566553364370574,4.34926239302035,13.86575534383214,34.484862400517734,2068.1864931503437
,,,,,Plot30_Spalte1_Reihe30_R4S_296_E,20260513_164039.jpg,20260513-164039__qr-Plot30-Spalte1-Reihe30-R4S-296-E__c8b77705,83,images/20260513_164039.jpg,0.5,4000,3000,2000,1500,Plot30_Spalte1_Reihe30_R4S_296_E,generic_underscore_tokens,True,opencv_right_strip_full_height_rgb_scale_1,"[[2953.0, 974.0], [2947.0, 1385.0], [2526.6448974609375, 1385.0], [2536.0, 967.0]]","[2526, 967, 2953, 1385]","[1263, 483, 1477, 693]","[[1476.5, 487.0], [1473.5, 692.5], [1263.3224487304688, 692.5], [1268.0, 483.5]]",output/metadata/20260513-164039__qr-Plot30-Spalte1-Reihe30-R4S-296-E__c8b77705__qr.txt,output/metadata/20260513-164039__qr-Plot30-Spalte1-Reihe30-R4S-296-E__c8b77705__qr.json,auto,116,1985,26,1485,1869,1459,working_pixels,84,84,0,0,84,0.8574487021938332,83,1,output/labels/20260513-164039__qr-Plot30-Spalte1-Reihe30-R4S-296-E__c8b77705__labels.tif,output/overlays/20260513-164039__qr-Plot30-Spalte1-Reihe30-R4S-296-E__c8b77705__labeled.png,output/stats/20260513-164039__qr-Plot30-Spalte1-Reihe30-R4S-296-E__c8b77705__worms.csv,6.0,Plot30,Spalte1,Reihe30,R4S,296.0,E,83,515.9397590361446,508.0,183.5712362157941,170,1133,42823,39.325301204819276,39.0,14.553608582548277,19.0,139.0,3264.0,54.17878408380637,55.12565183563533,16.865455824211956,23.66830274879364,164.32989468968614,4496.839078955929,13.501715405311673,13.006995435381484,2.6650775141797287,8.218795309741408,20.50021992290904,1120.6423786408689,4.074206756723036,4.004326980146616,1.570937261391901,2.238732973374896,17.283350425715838,338.15916080801196,0.9643574696005544,0.9683155472459898,0.01497029226551392,0.8946931753639754,0.9983247560415868,80.04166997684601,0.8368113959715285,0.8382978723404255,0.05486316202156466,0.6931818181818182,0.9406392694063926,69.45534586563687,116.42068613421728,117.01219330881976,32.235241157614375,55.4558441227157,306.91168824543144,9662.916949140033,0.09828557045977489,0.0401803266221663,0.8390197000836773,-1.4526394666063671,1.5369389571604046,8.157702348161315,25.22662105687372,25.43237481489809,4.558825531497823,14.712264360219256,37.98131651463571,2093.809547720519
,,,,,Plot245_Spalte5_Reihe5_R4S_316_B,20260513_164314.jpg,20260513-164314__qr-Plot245-Spalte5-Reihe5-R4S-316-B__8e06a0b7,79,images/20260513_164314.jpg,0.5,4000,3000,2000,1500,Plot245_Spalte5_Reihe5_R4S_316_B,generic_underscore_tokens,True,opencv_right_strip_full_height_rgb_scale_1,"[[2958.0, 1043.0], [2944.42431640625, 1455.908935546875], [2525.253173828125, 1446.5419921875], [2537.3456420898438, 1032.9794921875]]","[2525, 1032, 2958, 1456]","[1262, 516, 1479, 728]","[[1479.0, 521.5], [1472.212158203125, 727.9544677734375], [1262.6265869140625, 723.27099609375], [1268.6728210449219, 516.48974609375]]",output/metadata/20260513-164314__qr-Plot245-Spalte5-Reihe5-R4S-316-B__8e06a0b7__qr.txt,output/metadata/20260513-164314__qr-Plot245-Spalte5-Reihe5-R4S-316-B__8e06a0b7__qr.json,auto,143,1985,29,1485,1842,1456,working_pixels,81,81,0,0,81,0.8631034410757538,79,2,output/labels/20260513-164314__qr-Plot245-Spalte5-Reihe5-R4S-316-B__8e06a0b7__labels.tif,output/overlays/20260513-164314__qr-Plot245-Spalte5-Reihe5-R4S-316-B__8e06a0b7__labeled.png,output/stats/20260513-164314__qr-Plot245-Spalte5-Reihe5-R4S-316-B__8e06a0b7__worms.csv,6.0,Plot245,Spalte5,Reihe5,R4S,316.0,B,79,703.5696202531645,775.0,229.68499518679164,140,1010,55582,48.278481012658226,51.0,12.648032895459867,15.0,71.0,3814.0,61.22072751553509,66.45420876226228,14.883318440816486,19.572413891695547,78.64267609519698,4836.437473727272,16.711778413128243,17.339338696809808,3.22981501297972,8.17487477390279,22.39761869002988,1320.2304946371312,3.6694111870146844,3.709817564088991,0.7571756270696866,2.08145106882771,7.519844896764164,289.8834837741601,0.9564725842170926,0.9629849861707604,0.0219553104958406,0.8770308479799274,0.991118524519735,75.56133415315031,0.8186824818467748,0.8138597904915391,0.0580015189299492,0.6812053925455988,0.9395973154362416,64.67591606589521,135.961913354601,147.0538238691624,31.28657317972833,48.17766952966369,171.50966799187808,10740.991155013478,-0.19681732557426718,-0.2005451213383763,0.909313668091325,-1.56312908893465,1.521627158531884,-15.548568720367108,29.414020368706748,31.412746571571088,5.569626224241141,13.351162356249093,35.86045091995518,2323.707609127833
,,,,,Plot245_Spalte5_Reihe5_R4S_316_B,20260513_164438.jpg,20260513-164438__qr-Plot245-Spalte5-Reihe5-R4S-316-B__60bc007e,75,images/20260513_164438.jpg,0.5,4000,3000,2000,1500,Plot245_Spalte5_Reihe5_R4S_316_B,generic_underscore_tokens,True,opencv_right_strip_full_height_rgb_scale_1,"[[2958.0, 1045.0], [2944.3387451171875, 1456.9345703125], [2525.502685546875, 1447.903076171875], [2536.9917602539062, 1034.2965087890625]]","[2525, 1034, 2958, 1457]","[1262, 517, 1479, 729]","[[1479.0, 522.5], [1472.1693725585938, 728.46728515625], [1262.7513427734375, 723.9515380859375], [1268.4958801269531, 517.1482543945312]]",output/metadata/20260513-164438__qr-Plot245-Spalte5-Reihe5-R4S-316-B__60bc007e__qr.txt,output/metadata/20260513-164438__qr-Plot245-Spalte5-Reihe5-R4S-316-B__60bc007e__qr.json,auto,142,1985,28,1485,1843,1457,working_pixels,75,75,0,0,75,0.9063487919751264,75,0,output/labels/20260513-164438__qr-Plot245-Spalte5-Reihe5-R4S-316-B__60bc007e__labels.tif,output/overlays/20260513-164438__qr-Plot245-Spalte5-Reihe5-R4S-316-B__60bc007e__labeled.png,output/stats/20260513-164438__qr-Plot245-Spalte5-Reihe5-R4S-316-B__60bc007e__worms.csv,6.0,Plot245,Spalte5,Reihe5,R4S,316.0,B,75,828.4266666666666,872.0,217.68034916917605,175,1138,62132,48.88,51.0,9.465385016654817,17.0,64.0,3666.0,66.91606120771854,70.17293631538136,11.354882345735328,28.32750350233201,79.94829715681317,5018.704590578891,18.000451584430525,18.75341427231855,3.1164315519236223,8.423327570870306,23.626175678207336,1350.0338688322893,3.7316956079051633,3.7474966191127432,0.35338021148889526,2.7826492271375893,4.512091926568419,279.87717059288724,0.9623446437676747,0.963739513922028,0.007773734183551145,0.9331952484355246,0.9751315860683176,72.1758482825756,0.8242963958162143,0.8279192273924495,0.04461145319042206,0.7266576454668471,0.9216152019002376,61.82222968621607,146.61195662139332,153.6812408671319,25.105871632085844,60.76955262170047,175.6812408671319,10995.8967466045,-0.03327143669739281,0.0749035558915098,0.8181010389706168,-1.535171787018742,1.5300927611375126,-2.4953577523044608,32.11906930397676,33.32063749403756,4.843947772890706,14.927053303604616,38.065031221695,2408.930197798257
267.0,5.0,27.0,R4S,277.0,Plot267_Spalte5_Reihe27_R4S_277_,20260513_164643.jpg,20260513-164643__qr-Plot267-Spalte5-Reihe27-R4S-277__7d2025a3,59,images/20260513_164643.jpg,0.5,4000,3000,2000,1500,Plot267_Spalte5_Reihe27_R4S_277_,plot_spalte_reihe_condition_sample,True,opencv_right_strip_full_height_rgb_scale_1.5,"[[2962.666666666667, 896.0], [2949.333333333333, 1309.3333333333333], [2525.277058919271, 1302.157958984375], [2544.6666666666665, 889.3333333333334]]","[2525, 889, 2963, 1310]","[1262, 444, 1482, 655]","[[1481.3333333333335, 448.0], [1474.6666666666665, 654.6666666666666], [1262.6385294596355, 651.0789794921875], [1272.3333333333333, 444.6666666666667]]",output/metadata/20260513-164643__qr-Plot267-Spalte5-Reihe27-R4S-277__7d2025a3__qr.txt,output/metadata/20260513-164643__qr-Plot267-Spalte5-Reihe27-R4S-277__7d2025a3__qr.json,auto,160,1840,120,1380,1680,1260,working_pixels,61,61,0,0,61,0.9284254535147392,59,2,output/labels/20260513-164643__qr-Plot267-Spalte5-Reihe27-R4S-277__7d2025a3__labels.tif,output/overlays/20260513-164643__qr-Plot267-Spalte5-Reihe27-R4S-277__7d2025a3__labeled.png,output/stats/20260513-164643__qr-Plot267-Spalte5-Reihe27-R4S-277__7d2025a3__worms.csv,,,,,,,,59,457.10169491525426,458.0,160.7220448063454,148,888,26969,36.728813559322035,36.0,9.376843282651105,19.0,60.0,2167.0,48.86028597885128,49.622215610118296,11.560010323454764,26.037168464599784,77.97688498556658,2882.7568727522257,13.026370083932678,13.007777081716553,2.488826242175633,7.36932223537037,19.570062268021555,768.555834952028,3.771919822033251,3.854778386659052,0.6283407303047119,2.1208237794194646,5.305800851176079,222.5432694999618,0.960043595509768,0.9657650610551768,0.01887446925460506,0.881858097731228,0.9820783791284056,56.642572135076314,0.844317905226573,0.8465829846582985,0.054447099263586894,0.7076923076923077,0.9424083769633508,49.814756408367806,106.80446957072287,107.84062043356592,24.09768037155018,56.38477631085023,168.50966799187808,6301.463704672649,0.3492811176346986,0.4564774662729389,0.8252568261063497,-1.5460947821851156,1.5207286696829143,20.60758594044722,23.732696562145012,24.148368712786887,4.368352094843713,13.727325035155395,33.62494186946387,1400.2290971665557
267.0,5.0,27.0,R4S,277.0,Plot267_Spalte5_Reihe27_R4S_277_,20260513_164726.jpg,20260513-164726__qr-Plot267-Spalte5-Reihe27-R4S-277__8d0b5635,58,images/20260513_164726.jpg,0.5,4000,3000,2000,1500,Plot267_Spalte5_Reihe27_R4S_277_,plot_spalte_reihe_condition_sample,True,opencv_right_strip_full_height_rgb_scale_1,"[[2980.0, 894.0], [2973.0, 1307.0], [2556.0, 1315.0], [2556.0, 894.0]]","[2556, 894, 2980, 1315]","[1278, 447, 1490, 658]","[[1490.0, 447.0], [1486.5, 653.5], [1278.0, 657.5], [1278.0, 447.0]]",output/metadata/20260513-164726__qr-Plot267-Spalte5-Reihe27-R4S-277__8d0b5635__qr.txt,output/metadata/20260513-164726__qr-Plot267-Spalte5-Reihe27-R4S-277__8d0b5635__qr.json,auto,142,1985,33,1485,1843,1452,working_pixels,58,58,0,0,58,0.8698530214092784,58,0,output/labels/20260513-164726__qr-Plot267-Spalte5-Reihe27-R4S-277__8d0b5635__labels.tif,output/overlays/20260513-164726__qr-Plot267-Spalte5-Reihe27-R4S-277__8d0b5635__labeled.png,output/stats/20260513-164726__qr-Plot267-Spalte5-Reihe27-R4S-277__8d0b5635__worms.csv,,,,,,,,58,501.2241379310345,482.0,282.279197554568,159,2184,29071,37.55172413793103,37.0,14.025255933234888,17.0,114.0,2178.0,51.12258637518282,51.9998359273916,12.253444178707305,24.68327758685074,76.65292966530666,2965.1100097606036,13.498044668968072,13.014818124642517,4.68108954330469,7.172413841599735,42.5445034266376,782.8865908001482,3.90407430847516,3.925891073527951,0.8318706854529141,1.7724849525663569,7.871869142226064,226.4363098915593,0.9609891662795307,0.9670144942533838,0.024252963124114693,0.8256520359314301,0.9918982822148846,55.73737164421278,0.8428121661689475,0.8481118955926401,0.05838547026922568,0.7165354330708661,0.9732620320855616,48.883105637798955,111.0584066590845,111.83199846221439,29.336617952625826,58.04163056034262,233.7106781186548,6441.387586226901,-0.22088334701997506,-0.2175399423318344,0.8270367699541525,-1.5461115483042291,1.4627339025262596,-12.811234127158553,24.577847869354027,24.77299861870477,5.891194236639633,14.228319915327,52.732866086546025,1425.5151764225336
235.0,4.0,55.0,R4S,397.0,Plot235_Spalte4_Reihe55_R4S_397_,20260513_164930.jpg,20260513-164930__qr-Plot235-Spalte4-Reihe55-R4S-397__df4f6ebf,13,images/20260513_164930.jpg,0.5,4000,3000,2000,1500,Plot235_Spalte4_Reihe55_R4S_397_,plot_spalte_reihe_condition_sample,True,opencv_right_strip_full_height_rgb_scale_1,"[[2951.0, 1005.0], [2942.865234375, 1418.8861083984375], [2522.9871826171875, 1410.40380859375], [2540.0, 996.0]]","[2522, 996, 2951, 1419]","[1261, 498, 1476, 710]","[[1475.5, 502.5], [1471.4326171875, 709.4430541992188], [1261.4935913085938, 705.201904296875], [1270.0, 498.0]]",output/metadata/20260513-164930__qr-Plot235-Spalte4-Reihe55-R4S-397__df4f6ebf__qr.txt,output/metadata/20260513-164930__qr-Plot235-Spalte4-Reihe55-R4S-397__df4f6ebf__qr.json,auto,140,1985,24,1485,1845,1461,working_pixels,16,16,0,0,16,0.8637774550230102,13,3,output/labels/20260513-164930__qr-Plot235-Spalte4-Reihe55-R4S-397__df4f6ebf__labels.tif,output/overlays/20260513-164930__qr-Plot235-Spalte4-Reihe55-R4S-397__df4f6ebf__labeled.png,output/stats/20260513-164930__qr-Plot235-Spalte4-Reihe55-R4S-397__df4f6ebf__worms.csv,,,,,,,,13,611.1538461538462,739.0,228.07266610806528,213,858,7945,41.23076923076923,42.0,11.38093322296731,24.0,57.0,536.0,56.06206441814744,66.05798220508083,15.653731129667616,30.62322320833131,72.94771479536851,728.8068374359168,16.233894333355703,16.831342865870155,3.726736097175872,8.849088211903247,21.487158703702036,211.04062633362415,3.5381337540834554,3.921258815251075,0.8617343773707729,1.5157067368675174,4.574546439506984,45.99573880308492,0.9424041161772904,0.9669357396217244,0.060695150749637064,0.7514779255904425,0.9758143489077546,12.251253510304775,0.8105625696146423,0.7993664202745512,0.05262788343241188,0.6908212560386473,0.8907563025210085,10.53731340499035,124.42750574425999,141.78174593052023,30.543970775238584,78.32590180780451,160.8528137423857,1617.5575746753798,-0.3851262428142083,-0.546403516630963,0.8604149591856395,-1.3648976162642108,0.8943949220293239,-5.006641156584708,27.376638421948364,30.67448489476694,5.57258076210039,16.46815177937675,33.05207299675423,355.8962994853287
235.0,4.0,55.0,R4S,397.0,Plot235_Spalte4_Reihe55_R4S_397_,20260513_164946.jpg,20260513-164946__qr-Plot235-Spalte4-Reihe55-R4S-397__ba8a4c94,15,images/20260513_164946.jpg,0.5,4000,3000,2000,1500,Plot235_Spalte4_Reihe55_R4S_397_,plot_spalte_reihe_condition_sample,True,opencv_right_strip_full_height_rgb_scale_1,"[[2953.0, 1008.0], [2940.0, 1418.0], [2520.9923095703125, 1410.2091064453125], [2536.0819091796875, 998.76708984375]]","[2520, 998, 2953, 1418]","[1260, 499, 1477, 709]","[[1476.5, 504.0], [1470.0, 709.0], [1260.4961547851562, 705.1045532226562], [1268.0409545898438, 499.383544921875]]",output/metadata/20260513-164946__qr-Plot235-Spalte4-Reihe55-R4S-397__ba8a4c94__qr.txt,output/metadata/20260513-164946__qr-Plot235-Spalte4-Reihe55-R4S-397__ba8a4c94__qr.json,auto,140,1985,23,1485,1845,1462,working_pixels,16,16,0,0,16,0.8653546576505436,15,1,output/labels/20260513-164946__qr-Plot235-Spalte4-Reihe55-R4S-397__ba8a4c94__labels.tif,output/overlays/20260513-164946__qr-Plot235-Spalte4-Reihe55-R4S-397__ba8a4c94__labeled.png,output/stats/20260513-164946__qr-Plot235-Spalte4-Reihe55-R4S-397__ba8a4c94__worms.csv,,,,,,,,15,574.4,527.0,226.72538455144365,244,934,8616,38.46666666666667,40.0,10.091486274979282,22.0,55.0,577.0,52.4116424678634,51.10454147219115,15.71987737116949,25.444763699762717,73.31291364604884,786.174637017951,16.220950958530025,16.730856903494967,3.602072070758185,10.023087405121997,22.865874352058903,243.3142643779504,3.2939543512272373,3.615481467497248,0.9094557894509815,1.6620635140564868,4.686377145878587,49.40931526840856,0.9356521576081204,0.9609884977655272,0.04997895967558226,0.798751005846636,0.9769683093056472,14.034782364121806,0.8259974248714994,0.8373287671232876,0.0707261560595779,0.6510186005314438,0.9182389937106918,12.389961373072492,118.16069256118438,110.91168824543142,30.60285110531154,70.5269119345812,160.99494936611666,1772.4103884177657,0.042597458958370936,0.2094863008253685,0.9396658873122983,-1.3048720129708824,1.3785672473254744,0.638961884375564,26.507834945366145,25.903614421069328,5.543672165351776,17.625846048215095,34.484862400517734,397.6175241804922
164.0,3.0,44.0,R4S,290.0,Plot164_Spalte3_Reihe44_R4S_290_,20260513_165144.jpg,20260513-165144__qr-Plot164-Spalte3-Reihe44-R4S-290__903c528a,27,images/20260513_165144.jpg,0.5,4000,3000,2000,1500,Plot164_Spalte3_Reihe44_R4S_290_,plot_spalte_reihe_condition_sample,True,opencv_full_rgb_scale_1,"[[2959.0, 978.0], [2946.0, 1393.0], [2529.81494140625, 1385.17724609375], [2542.0, 969.0]]","[2529, 969, 2959, 1393]","[1264, 484, 1480, 697]","[[1479.5, 489.0], [1473.0, 696.5], [1264.907470703125, 692.588623046875], [1271.0, 484.5]]",output/metadata/20260513-165144__qr-Plot164-Spalte3-Reihe44-R4S-290__903c528a__qr.txt,output/metadata/20260513-165144__qr-Plot164-Spalte3-Reihe44-R4S-290__903c528a__qr.json,auto,150,1985,20,1485,1835,1465,working_pixels,27,27,0,0,27,0.869430024830049,27,0,output/labels/20260513-165144__qr-Plot164-Spalte3-Reihe44-R4S-290__903c528a__labels.tif,output/overlays/20260513-165144__qr-Plot164-Spalte3-Reihe44-R4S-290__903c528a__labeled.png,output/stats/20260513-165144__qr-Plot164-Spalte3-Reihe44-R4S-290__903c528a__worms.csv,,,,,,,,27,634.0370370370371,598.0,214.65042806341256,174,975,17119,45.666666666666664,44.0,10.912237308495587,18.0,64.0,1233.0,59.43570960320495,59.45430511866629,12.05406699180339,25.559281421584103,78.63849955084464,1604.7641592865336,15.538928913615543,14.818522004218776,3.4630246822005257,9.428030125761742,22.056600788812563,419.55108066761966,3.8659067549119794,3.800873135969497,0.542899238180628,2.710988518348527,5.089664657990999,104.37948238262345,0.9637459477897373,0.964769265646218,0.01138127458897994,0.9294813384125844,0.9805085140904508,26.021140590322908,0.8100777389919147,0.8239700374531835,0.04454519221955258,0.7118353344768439,0.87,21.8720989527817,130.28213609880376,126.16042558696056,26.1963847199776,58.284271247461895,168.22539674441617,3517.6176746677015,0.48228223241465606,0.8275726260594887,0.960060530322468,-1.3120599577442142,1.479299205780266,13.021620275195714,27.97264296440674,27.59342761875783,5.076080397081653,14.884343478431232,35.233628199729644,755.261360038982
164.0,3.0,44.0,R4S,290.0,Plot164_Spalte3_Reihe44_R4S_290_,20260513_165215.jpg,20260513-165215__qr-Plot164-Spalte3-Reihe44-R4S-290__342bed9f,29,images/20260513_165215.jpg,0.5,4000,3000,2000,1500,Plot164_Spalte3_Reihe44_R4S_290_,plot_spalte_reihe_condition_sample,True,opencv_right_strip_full_height_rgb_scale_1,"[[2958.0, 979.0], [2945.674072265625, 1393.0423583984375], [2521.4864501953125, 1386.326904296875], [2541.0, 969.0]]","[2521, 969, 2958, 1394]","[1260, 484, 1479, 697]","[[1479.0, 489.5], [1472.8370361328125, 696.5211791992188], [1260.7432250976562, 693.1634521484375], [1270.5, 484.5]]",output/metadata/20260513-165215__qr-Plot164-Spalte3-Reihe44-R4S-290__342bed9f__qr.txt,output/metadata/20260513-165215__qr-Plot164-Spalte3-Reihe44-R4S-290__342bed9f__qr.json,auto,151,1985,21,1485,1834,1464,working_pixels,29,29,0,0,29,0.8602479128305057,29,0,output/labels/20260513-165215__qr-Plot164-Spalte3-Reihe44-R4S-290__342bed9f__labels.tif,output/overlays/20260513-165215__qr-Plot164-Spalte3-Reihe44-R4S-290__342bed9f__labeled.png,output/stats/20260513-165215__qr-Plot164-Spalte3-Reihe44-R4S-290__342bed9f__worms.csv,,,,,,,,29,703.9655172413793,638.0,403.253685020681,118,2437,20415,46.44827586206897,46.0,15.02042943768955,17.0,95.0,1347.0,61.47282585937076,63.33478887190682,15.460729920877464,20.52510719991982,98.91316212926532,1782.711949921752,16.136590348260853,15.468403569240312,4.841302860473143,8.020589545011829,33.07148460047903,467.96112009956477,3.852306331475935,3.934428642357987,0.5511153743993913,2.559052184971217,4.949066294587927,111.71688361280212,0.9631274589575632,0.9671604752006258,0.0131163581528211,0.920488488922348,0.979373492104962,27.930696309769335,0.8149071137637129,0.8179487179487179,0.05478472411644283,0.733229329173167,0.9326444699579028,23.632306299147675,133.8915608524461,135.29646455628165,35.70805866294233,47.79898987322333,237.9827560572969,3882.855264720937,0.1454936961073898,0.166240702136087,1.046508725002232,-1.5382251291583162,1.526041689691044,4.219317187114304,28.985112628706972,28.501347854812654,7.628001603355709,12.257335203001883,55.70354360828036,840.5682662325022
