input_path,original_filename,output_basename,n_kept_worms,resumed,label_feldnr,label_x,label_y,label_r4s,label_complete,label_raw_text,sample_id,scale_factor,original_image_height_px,original_image_width_px,working_image_height_px,working_image_width_px,qr_detected,qr_text,qr_method,qr_points,qr_bbox_xyxy,qr_bbox_x0_px_original,qr_bbox_y0_px_original,qr_bbox_x1_px_original,qr_bbox_y1_px_original,qr_bbox_width_px_original,qr_bbox_height_px_original,qr_bbox_area_px2_original,qr_polygon_area_px2_original,qr_side_mean_px_original,qr_side_min_px_original,qr_side_max_px_original,qr_bbox_x0_px_working,qr_bbox_y0_px_working,qr_bbox_x1_px_working,qr_bbox_y1_px_working,qr_bbox_width_px_working,qr_bbox_height_px_working,qr_bbox_area_px2_working,qr_polygon_area_px2_working,qr_side_mean_px_working,qr_side_min_px_working,qr_side_max_px_working,qr_scale_reference_mm_per_px,qr_scale_reference_bbox_width_px_original,qr_scale_reference_bbox_width_px_working,pixel_scale_mm_per_px_original,pixel_scale_px_per_mm_original,pixel_scale_adjustment_factor_original,pixel_scale_qr_width_px_original,pixel_scale_reference_qr_width_px_original,pixel_scale_method_original,pixel_scale_mm_per_px_working,pixel_scale_px_per_mm_working,pixel_scale_adjustment_factor_working,pixel_scale_qr_width_px_working,pixel_scale_reference_qr_width_px_working,pixel_scale_method_working,qr_text_file,qr_json_file,roi_source,roi_y0,roi_y1,roi_x0,roi_x1,crop_height_px,crop_width_px,coordinate_scale,container_detector,container_bbox_lrtb_original,container_mask_bbox_yx_original,container_seed_xy_original,container_cut_edges,container_mask_pixels_original,container_bbox_outset_px,container_force_bbox_fill,container_force_bbox_margin_px,cellpose_rounds,n_raw_masks_initial,n_raw_masks_round1_initial,n_raw_masks_round1_after_exclusion,n_raw_masks_round2_initial,n_raw_masks_round2_after_exclusion,n_raw_masks_after_exclusion,n_small_rescue_candidates,n_small_rescue_added,n_rescue_candidates,n_rescue_added,n_split_merge_pairs,n_split_merge_labels_before,n_split_merge_labels_after,candidate_classifier_enabled,candidate_classifier_model,candidate_classifier_threshold,candidate_classifier_input_size,candidate_classifier_input_mode,candidate_classifier_batch_size,n_candidate_classifier_scored,n_candidate_classifier_accepted,n_candidate_classifier_rejected,n_raw_masks,valid_region_fraction,container_mask_fraction_crop,n_rejected_masks,labels_tif,labels_full_working_tif,labels_full_original_tif,overlay_png,overlay_coordinate_scale,stats_csv,qr_raw,qr_format,qr_plot,qr_spalte,qr_reihe,qr_condition,qr_sample_id,qr_bbox_xyxy_working,qr_points_working,label_xy_confidence,count,count_from_worm_rows,mean_area_px,median_area_px,min_area_px,max_area_px,std_area_px,sum_area_px,mean_aspect_ratio,median_aspect_ratio,min_aspect_ratio,max_aspect_ratio,std_aspect_ratio,sum_aspect_ratio,mean_axis_major_px,median_axis_major_px,min_axis_major_px,max_axis_major_px,std_axis_major_px,sum_axis_major_px,mean_axis_minor_px,median_axis_minor_px,min_axis_minor_px,max_axis_minor_px,std_axis_minor_px,sum_axis_minor_px,mean_candidate_classifier_input_size,median_candidate_classifier_input_size,min_candidate_classifier_input_size,max_candidate_classifier_input_size,std_candidate_classifier_input_size,sum_candidate_classifier_input_size,mean_candidate_classifier_score,median_candidate_classifier_score,min_candidate_classifier_score,max_candidate_classifier_score,std_candidate_classifier_score,sum_candidate_classifier_score,mean_candidate_classifier_threshold,median_candidate_classifier_threshold,min_candidate_classifier_threshold,max_candidate_classifier_threshold,std_candidate_classifier_threshold,sum_candidate_classifier_threshold,mean_container_boundary_contact_band_px,median_container_boundary_contact_band_px,min_container_boundary_contact_band_px,max_container_boundary_contact_band_px,std_container_boundary_contact_band_px,sum_container_boundary_contact_band_px,mean_container_boundary_contact_fraction,median_container_boundary_contact_fraction,min_container_boundary_contact_fraction,max_container_boundary_contact_fraction,std_container_boundary_contact_fraction,sum_container_boundary_contact_fraction,mean_container_boundary_contact_pixels,median_container_boundary_contact_pixels,min_container_boundary_contact_pixels,max_container_boundary_contact_pixels,std_container_boundary_contact_pixels,sum_container_boundary_contact_pixels,mean_eccentricity,median_eccentricity,min_eccentricity,max_eccentricity,std_eccentricity,sum_eccentricity,mean_equivalent_diameter_area_px,median_equivalent_diameter_area_px,min_equivalent_diameter_area_px,max_equivalent_diameter_area_px,std_equivalent_diameter_area_px,sum_equivalent_diameter_area_px,mean_local_bg_mean_gray,median_local_bg_mean_gray,min_local_bg_mean_gray,max_local_bg_mean_gray,std_local_bg_mean_gray,sum_local_bg_mean_gray,mean_local_bg_median_gray,median_local_bg_median_gray,min_local_bg_median_gray,max_local_bg_median_gray,std_local_bg_median_gray,sum_local_bg_median_gray,mean_local_dark_contrast_gray,median_local_dark_contrast_gray,min_local_dark_contrast_gray,max_local_dark_contrast_gray,std_local_dark_contrast_gray,sum_local_dark_contrast_gray,mean_local_dark_contrast_mean_gray,median_local_dark_contrast_mean_gray,min_local_dark_contrast_mean_gray,max_local_dark_contrast_mean_gray,std_local_dark_contrast_mean_gray,sum_local_dark_contrast_mean_gray,mean_mean_gray,median_mean_gray,min_mean_gray,max_mean_gray,std_mean_gray,sum_mean_gray,mean_mean_skeleton_width_px,median_mean_skeleton_width_px,min_mean_skeleton_width_px,max_mean_skeleton_width_px,std_mean_skeleton_width_px,sum_mean_skeleton_width_px,mean_median_gray,median_median_gray,min_median_gray,max_median_gray,std_median_gray,sum_median_gray,mean_orientation_rad,median_orientation_rad,min_orientation_rad,max_orientation_rad,std_orientation_rad,sum_orientation_rad,mean_perimeter_px,median_perimeter_px,min_perimeter_px,max_perimeter_px,std_perimeter_px,sum_perimeter_px,mean_pixel_scale_adjustment_factor_original,median_pixel_scale_adjustment_factor_original,min_pixel_scale_adjustment_factor_original,max_pixel_scale_adjustment_factor_original,std_pixel_scale_adjustment_factor_original,sum_pixel_scale_adjustment_factor_original,mean_pixel_scale_adjustment_factor_working,median_pixel_scale_adjustment_factor_working,min_pixel_scale_adjustment_factor_working,max_pixel_scale_adjustment_factor_working,std_pixel_scale_adjustment_factor_working,sum_pixel_scale_adjustment_factor_working,mean_pixel_scale_mm_per_px_original,median_pixel_scale_mm_per_px_original,min_pixel_scale_mm_per_px_original,max_pixel_scale_mm_per_px_original,std_pixel_scale_mm_per_px_original,sum_pixel_scale_mm_per_px_original,mean_pixel_scale_mm_per_px_working,median_pixel_scale_mm_per_px_working,min_pixel_scale_mm_per_px_working,max_pixel_scale_mm_per_px_working,std_pixel_scale_mm_per_px_working,sum_pixel_scale_mm_per_px_working,mean_pixel_scale_px_per_mm_original,median_pixel_scale_px_per_mm_original,min_pixel_scale_px_per_mm_original,max_pixel_scale_px_per_mm_original,std_pixel_scale_px_per_mm_original,sum_pixel_scale_px_per_mm_original,mean_pixel_scale_px_per_mm_working,median_pixel_scale_px_per_mm_working,min_pixel_scale_px_per_mm_working,max_pixel_scale_px_per_mm_working,std_pixel_scale_px_per_mm_working,sum_pixel_scale_px_per_mm_working,mean_skeleton_branchpoints,median_skeleton_branchpoints,min_skeleton_branchpoints,max_skeleton_branchpoints,std_skeleton_branchpoints,sum_skeleton_branchpoints,mean_skeleton_length_px,median_skeleton_length_px,min_skeleton_length_px,max_skeleton_length_px,std_skeleton_length_px,sum_skeleton_length_px,mean_solidity,median_solidity,min_solidity,max_solidity,std_solidity,sum_solidity,n_kept_worms_raw
malchow_project\images\IMG_0686.jpg,IMG_0686.jpg,IMG-0686__qr-NOQR__deb2eeb5,360,True,5.0,1.0,9.0,433.0,True,FeldNr: 5 | X=i;y = 9 | R4s,433.0,,,,,,True,FeldNr: 5 | X=i;y = 9 | R4s,,,,,,,,,,,,,,,,,,,,,,,,,,,,,,,,,,,,,,,,,,,,,,,,,,,,,,,,,,,,,,,,,,,,,,,,,,,,,,,,,,,,,,,,,,,,,,,5.0,1.0,9.0,R4S,433.0,,,high,339,339,831.2300884955753,768.0,69,5553,508.88839307533505,281787,3.956473667296012,3.935338921635213,1.5232484800891537,6.846154734097479,0.8347803139835339,1341.244573213348,67.06501082334039,65.47850443798391,19.216104557303435,228.89977465625228,25.16403395287159,22735.038669112393,17.240637030612334,16.062112180882867,4.29886230504617,74.0678131933153,6.903606697713948,5844.575953377581,128.0,128.0,128,128,0.0,43392,0.9211707888802948,0.9478736519813538,0.5008320212364197,0.9927533268928528,0.07685230790326782,312.2768974304199,0.5,0.5,0.5,0.5,0.0,169.5,2.0,2.0,2,2,0.0,678,0.0,0.0,0.0,0.0,0.0,0.0,0.0,0.0,0,0,0.0,0,0.9616597864516094,0.9671759233667002,0.7543332381819159,0.9892746411367886,0.023650142127864513,326.0026676070956,31.19140410844239,31.270560761786875,9.373021315815206,84.08507115959621,9.25765325412013,10573.88599276197,197.77208477909235,198.8412170410156,160.96234130859375,227.9491271972656,11.763870254937382,67044.7367401123,208.69174041297936,211.0,164.0,228.0,8.760038514336118,70746.5,50.65486725663717,48.0,-11.0,122.0,22.37983159754332,17172.0,37.996071469467296,35.94500732421875,-15.809982299804688,108.57234191894533,18.837926637379002,12880.668228149414,159.77601330962506,162.38426208496094,103.76272583007812,193.2383728027344,16.677820419425768,54164.06851196289,14.382445201937395,14.389830508474576,4.6,23.68421052631579,3.708234806574652,4875.648923456777,158.03687315634218,160.5,89.0,202.0,21.82873012415004,53574.5,0.02020668758244319,0.0244518749533085,-1.567069662703382,1.5497906488958146,0.9229212483680361,6.850067090448241,149.27929932637014,143.58073580374355,41.112698372208094,746.0031380615796,61.157233992143084,50605.68247163948,,,,,,0.0,,,,,,0.0,0.132831,0.132831,0.132831,0.132831,0.0,45.029709000000004,0.18975900000000004,0.189759,0.189759,0.189759,0.0,64.32830100000001,7.5284,7.5284,7.5284,7.5284,0.0,2552.1276000000003,5.2699,5.2699,5.2699,5.2699,0.0,1786.4960999999998,0.6637168141592921,0.0,0,8,1.4753033153325592,225,55.00589970501475,53.0,15.0,307.0,25.14313981752084,18647.0,0.8293093715398674,0.8497854077253219,0.4871052631578947,0.9643652561247216,0.08512178331097753,281.13587695201505,360
malchow_project\images\IMG_0687.jpg,IMG_0687.jpg,IMG-0687__qr-NOQR__c71bbc32,369,True,,1.0,9.0,433.0,True,Wgocauitg | R4S  433 | MAL X | 3 | L | 1;Y,433.0,,,,,,True,Wgocauitg | R4S  433 | MAL X | 3 | L | 1;Y,,,,,,,,,,,,,,,,,,,,,,,,,,,,,,,,,,,,,,,,,,,,,,,,,,,,,,,,,,,,,,,,,,,,,,,,,,,,,,,,,,,,,,,,,,,,,,,,1.0,9.0,R4S,433.0,,,high,338,338,859.8165680473372,772.5,61,3695,516.1164575043903,290618,3.964075965336569,3.9289353270589293,1.7453365630917914,7.654849393306818,0.8916624333672464,1339.8576762837604,68.91319665917854,66.39435138220242,23.062866287470072,217.84321310733264,27.238656775579315,23292.660470802344,17.755737161362205,16.410611427795644,4.766296170347401,69.48206919830199,7.5637984531416445,6001.439160540425,128.0,128.0,128,128,0.0,43264,0.9160195597882806,0.9452189207077026,0.5031629800796509,0.9915816187858582,0.07723882149486806,309.6146112084389,0.5,0.5,0.5,0.5,0.0,169.0,2.0,2.0,2,2,0.0,676,0.0,0.0,0.0,0.0,0.0,0.0,0.0,0.0,0,0,0.0,0,0.9615182171391962,0.9670670154034575,0.8195865514294761,0.991430379876296,0.02289888525463755,324.9931573930483,31.71107064565314,31.362025144924335,8.812923024107548,68.59023339948936,9.45648059498559,10718.341878230762,196.90244884603828,197.85035705566406,148.82029724121094,227.8715667724609,11.615277353255427,66553.02770996094,207.9023668639053,211.0,102.0,228.0,9.971365249810585,70271.0,49.531065088757394,47.0,-1.0,118.0,21.91106408703186,16741.5,36.84132737379808,35.43846130371094,-9.402023315429688,95.69776916503906,18.277708893517083,12452.36865234375,160.0611214722402,162.57701110839844,108.0,191.56521606445312,16.36139158478622,54100.65905761719,14.487174801396431,14.618034447821682,3.388888888888889,22.71052631578948,3.558879621377467,4896.665082871994,158.37130177514794,159.5,93.0,203.0,21.385063121483842,53529.5,-0.0033075438898886953,-0.0260642968248799,-1.5609778013981777,1.5593612264309769,0.8990421581447631,-1.117949834782379,153.6472544641518,146.1959594928933,45.17766952966369,470.1614716074871,62.25813428003991,51932.772008883316,,,,,,0.0,,,,,,0.0,0.133056,0.133056,0.133056,0.133056,0.0,44.972928,0.19008,0.19008,0.19008,0.19008,0.0,64.24704,7.515600000000001,7.5156,7.5156,7.5156,0.0,2540.2728,5.261,5.261,5.261,5.261,0.0,1778.218,0.650887573964497,0.0,0,15,1.7353068924722663,220,56.66568047337278,53.0,15.0,191.0,26.352507743521816,19153.0,0.8216154299700514,0.8474412020905924,0.4164872346970163,0.9592391304347826,0.09404707564537004,277.7060153298774,369
malchow_project\images\IMG_0689.jpg,IMG_0689.jpg,IMG-0689__qr-NOQR__4b049273,431,True,4.0,1.0,8.0,387.0,True,Menedenede  | FeldNr: 4 | X=i;y = 8 | R4s | ',387.0,,,,,,True,Menedenede  | FeldNr: 4 | X=i;y = 8 | R4s | ',,,,,,,,,,,,,,,,,,,,,,,,,,,,,,,,,,,,,,,,,,,,,,,,,,,,,,,,,,,,,,,,,,,,,,,,,,,,,,,,,,,,,,,,,,,,,,,4.0,1.0,8.0,R4S,387.0,,,high,426,426,1225.9272300469484,1235.5,66,2572,527.6799982701893,522245,3.903283714571743,3.9718530467691426,1.5374709760691794,6.850719390104669,0.6563067535828486,1662.7988624075626,82.52390743329634,86.44172189435882,17.13101077913178,195.9724044062048,23.61423871469517,35155.18456658424,21.194065584565774,21.3086081736052,5.412729055369167,49.620924910691926,5.60084031718997,9028.67193902502,128.0,128.0,128,128,0.0,54528,0.9457738193827616,0.967555046081543,0.508726179599762,0.9939669370651244,0.07817894129356466,402.8996470570564,0.5,0.5,0.5,0.5,0.0,213.0,2.0,2.0,2,2,0.0,852,0.0,0.0,0.0,0.0,0.0,0.0,0.0,0.0,0,0,0.0,0,0.9616869211517447,0.9677866009185472,0.7595758077348947,0.9892890064041924,0.02497599816710892,409.6786284106432,38.440486240000155,39.66216576425407,9.16699568847508,57.22562458426154,9.133667203921965,16375.647138240067,201.22214966536689,205.27185821533203,62.44819641113281,230.40255737304688,23.54865461861317,85720.63575744629,208.32746478873239,213.0,73.0,233.0,22.893799245877066,88747.5,60.012910798122064,62.0,2.0,133.0,24.314516554355436,25565.5,49.50226210204648,50.40087127685547,-4.1090850830078125,100.33374786376952,19.468705005813447,21087.9636554718,151.71988756332038,155.71194458007812,23.94827651977539,205.59217834472656,27.121914150977044,64632.67210197449,18.28196219109402,18.66260162601626,4.3125,27.01851851851852,3.883322200217248,7788.115893406052,148.31455399061034,151.0,17.0,210.0,32.73673417055444,63182.0,0.033551354262156496,0.02798166081353015,-1.5622144266791198,1.5665766996785044,0.8782749617287912,14.292876915678669,182.67970877753712,189.98275605729685,38.38477631085024,381.7056274847714,51.14137937366365,77821.5559392308,,,,,,0.0,,,,,,0.0,0.132719,0.132719,0.132719,0.132719,0.0,56.538294,0.18959800000000002,0.189598,0.189598,0.189598,0.0,80.768748,7.5347,7.5347,7.5347,7.5347,0.0,3209.7822,5.2743,5.2743,5.2743,5.2743,0.0,2246.8518,0.36619718309859156,0.0,0,7,1.1426215877498755,156,64.67840375586854,66.0,15.0,137.0,20.460748150001116,27553.0,0.8217854624952877,0.8216845356533029,0.4562529719448407,0.9689320388349516,0.06767205051927774,350.0806070229926,431
malchow_project\images\IMG_0690.jpg,IMG_0690.jpg,IMG-0690__qr-NOQR__399ecdf9,439,,,1.0,8.0,387.0,True,R4S 387 | MAL X | 3 | 2 | 1;Y,387.0,0.7,4705.0,3138.0,3294.0,2197.0,True,R4S 387 | MAL X | 3 | 2 | 1;Y,none,,,,,,,,,,,,,,,,,,,,,,,,,0.14,428.0,214.0,,,,,428.0,,,,,,214.0,,malchow_project\analysis\output\metadata\IMG-0690__qr-NOQR__399ecdf9__qr.txt,malchow_project\analysis\output\metadata\IMG-0690__qr-NOQR__399ecdf9__qr.json,container_interior_v2_raw,314.0,3030.0,50.0,2197.0,2716.0,2147.0,working_pixels,container_interior_v2_raw,"{""left"": 69, ""right"": 3138, ""top"": 447, ""bottom"": 4327}","[457, 4318, 79, 3138]","[1603, 2387]","{""left"": 0, ""right"": 0, ""top"": 0, ""bottom"": 0}",11643495.0,12.0,True,0.0,1.0,447.0,447.0,447.0,0.0,0.0,447.0,128.0,68.0,0.0,0.0,13.0,515.0,502.0,True,F:\claude_larvae_collection\analysis\models\larva_candidate_classifier_retrained.pt,0.5,128.0,raw_isolated_mask,64.0,502.0,463.0,39.0,463.0,0.9784430513378602,0.9784430513378602,24.0,malchow_project\analysis\output\labels\IMG-0690__qr-NOQR__399ecdf9__labels.tif,malchow_project\analysis\output\labels\IMG-0690__qr-NOQR__399ecdf9__labels_full_working.tif,malchow_project\analysis\output\labels\IMG-0690__qr-NOQR__399ecdf9__labels_full_original.tif,malchow_project\analysis\output\overlays\IMG-0690__qr-NOQR__399ecdf9__labeled.png,original_pixels,malchow_project\analysis\output\stats\IMG-0690__qr-NOQR__399ecdf9__worms.csv,,,,1.0,8.0,R4S,387.0,,,high,429,429,1209.890442890443,1218.0,60,2908,562.8462627923271,519043,3.8792267039042376,3.9511393621200006,1.5563374921143571,7.170508032498988,0.7073216061581965,1664.1882559749179,81.76568560847925,85.78207140042726,17.90873560127647,196.41898414508128,26.272801244807226,35077.47912603759,20.991482049582785,21.082559962472875,5.027231123530785,55.68893612560191,5.814026425925367,9005.345799271015,128.0,128.0,128,128,0.0,54912,0.9453436314087091,0.968018114566803,0.5224878191947937,0.9931938648223876,0.07769219706923655,405.55241787433624,0.5,0.5,0.5,0.5,0.0,214.5,2.0,2.0,2,2,0.0,858,0.0,0.0,0.0,0.0,0.0,0.0,0.0,0.0,0,0,0.0,0,0.9601023361522765,0.96744233184794,0.7662570429381939,0.9902276866735912,0.028631410007323627,411.8839022093266,38.00664874286336,39.38027127239512,8.740387444736633,60.84883397477599,9.808121568108911,16304.852310688382,200.38230424716477,204.6847686767578,54.58805084228516,230.04345703125,25.746123985042033,85964.00852203369,207.25757575757575,213.0,58.0,233.0,26.33278170342357,88913.5,59.175990675990676,60.0,2.0,134.0,24.800934689197835,25386.5,48.79397482082838,49.77880859375,-1.265625,101.75223541259766,19.68629250947524,20932.615198135376,151.5883294263364,154.77186584472656,20.564516067504883,207.4652862548828,27.619866149979753,65031.393323898315,18.054066895619062,18.46067415730337,2.728395061728395,27.83333333333333,4.024279014745979,7745.194698220578,148.08158508158508,150.5,19.0,211.0,33.0194167078196,63527.0,0.05694523942744319,0.0425175170766747,-1.552730896657158,1.5685244096530389,0.8906323032124978,24.429507714373127,180.87667598707148,188.40916292848976,39.3492424049175,405.0254326381661,56.2096433281094,77596.09399845367,,,,,,0.0,,,,,,0.0,0.132719,0.132719,0.132719,0.132719,0.0,56.936451,0.189598,0.189598,0.189598,0.189598,0.0,81.337542,7.5347,7.5347,7.5347,7.5347,0.0,3232.3863,5.2743,5.2743,5.2743,5.2743,0.0,2262.6747,0.44522144522144524,0.0,0,8,1.2266155701450256,191,64.1981351981352,66.0,15.0,152.0,22.21591995210028,27541.0,0.8212114900470038,0.8212025316455697,0.4482758620689655,0.965686274509804,0.07396764934611058,352.29972923016464,439
malchow_project\analysis\output\images_oriented\IMG_0692.jpg,IMG_0692.jpg,IMG-0692__qr-NOQR__f2e12144,273,,1.0,1.0,5.0,470.0,True,FeldNr: 1 | R4s | x=1;y =5,470.0,0.7,4705.0,3138.0,3294.0,2197.0,True,FeldNr: 1 | R4s | x=1;y =5,none,,,,,,,,,,,,,,,,,,,,,,,,,0.14,428.0,214.0,,,,,428.0,,,,,,214.0,,malchow_project\analysis\output\metadata\IMG-0692__qr-NOQR__f2e12144__qr.txt,malchow_project\analysis\output\metadata\IMG-0692__qr-NOQR__f2e12144__qr.json,container_interior_v2_raw,359.0,3065.0,27.0,2197.0,2706.0,2170.0,working_pixels,container_interior_v2_raw,"{""left"": 37, ""right"": 3138, ""top"": 511, ""bottom"": 4378}","[521, 4369, 47, 3138]","[1587, 2444]","{""left"": 0, ""right"": 0, ""top"": 0, ""bottom"": 0}",11165368.0,12.0,True,0.0,1.0,273.0,273.0,273.0,0.0,0.0,273.0,183.0,143.0,0.0,0.0,25.0,416.0,391.0,True,F:\claude_larvae_collection\analysis\models\larva_candidate_classifier_retrained.pt,0.5,128.0,raw_isolated_mask,64.0,391.0,287.0,104.0,287.0,0.9318152867326748,0.9318152867326748,14.0,malchow_project\analysis\output\labels\IMG-0692__qr-NOQR__f2e12144__labels.tif,malchow_project\analysis\output\labels\IMG-0692__qr-NOQR__f2e12144__labels_full_working.tif,malchow_project\analysis\output\labels\IMG-0692__qr-NOQR__f2e12144__labels_full_original.tif,malchow_project\analysis\output\overlays\IMG-0692__qr-NOQR__f2e12144__labeled.png,original_pixels,malchow_project\analysis\output\stats\IMG-0692__qr-NOQR__f2e12144__worms.csv,,,1.0,1.0,5.0,R4S,470.0,,,high,269,269,1108.3754646840148,1121.0,65,2377,507.17164614113,298153,3.9878350360191077,3.988013732831168,1.7890344065329968,7.914041122755726,0.7464127467228155,1072.72762468914,78.97116202704404,84.02432629155678,16.274406824046565,174.35937373431804,24.515493182048974,21243.24258527485,19.8455303463292,19.229992207367005,5.33555803706105,33.179420813383075,5.661894660002819,5338.447663162554,128.0,128.0,128,128,0.0,34432,0.948203858611309,0.9646384716033936,0.5920537710189819,0.9902946949005128,0.0522380695634945,255.0668379664421,0.5,0.5,0.5,0.5,0.0,134.5,2.0,2.0,2,2,0.0,538,0.0,0.0,0.0,0.0,0.0,0.0,0.0,0.0,0,0,0.0,0,0.9636939107276473,0.9680515165831736,0.8291941199079387,0.9919847442051094,0.019354779534425746,259.2336619857371,36.378583251203615,37.77964438223469,9.09728368293446,55.01354740275782,9.389028821453888,9785.838894573773,201.5958670009911,202.61672973632807,164.11819458007812,219.0120391845703,9.727540369122929,54229.2882232666,208.66914498141264,210.0,189.0,226.0,6.1630682364477405,56132.0,69.88289962825279,73.0,11.0,124.0,23.9412419204834,18798.5,56.54264831542969,58.18476867675781,5.31475830078125,101.19088745117188,19.607524677179647,15209.972396850586,145.0532186855614,144.75331115722656,100.24217224121094,187.57647705078125,17.737074764036166,39019.315826416016,17.381142138789432,18.03846153846154,3.823529411764706,28.65384615384616,3.9200304699272626,4675.527235334357,138.78624535315984,139.0,88.0,194.5,23.925526484623965,37333.5,0.05226457940146857,0.1822350798811622,-1.5679917068346363,1.5504971702187458,0.9338870588849688,14.059171858995047,173.62422514755997,181.7401153701776,34.520815280171306,358.7533546995239,52.992044207937326,46704.91656469363,,,,,,0.0,,,,,,0.0,0.133056,0.133056,0.133056,0.133056,0.0,35.792064,0.19008,0.19008,0.19008,0.19008,0.0,51.13152,7.5156,7.5156,7.5156,7.5156,0.0,2021.6964,5.261,5.261,5.261,5.261,0.0,1415.209,0.275092936802974,0.0,0,4,0.9337037520297339,74,61.25650557620818,64.0,15.0,131.0,21.093192393646326,16478.0,0.8246889751571073,0.8272189349112427,0.5826174835775644,0.9571106094808126,0.07488181477855806,221.84133431726184,273
malchow_project\analysis\output\images_oriented\IMG_0693.jpg,IMG_0693.jpg,IMG-0693__qr-NOQR__d8119c97,279,,1.0,1.0,5.0,470.0,True,FeldNr: 1 | R4s | X=i;y=5,470.0,0.7,4705.0,3138.0,3294.0,2197.0,True,FeldNr: 1 | R4s | X=i;y=5,none,,,,,,,,,,,,,,,,,,,,,,,,,0.14,428.0,214.0,,,,,428.0,,,,,,214.0,,malchow_project\analysis\output\metadata\IMG-0693__qr-NOQR__d8119c97__qr.txt,malchow_project\analysis\output\metadata\IMG-0693__qr-NOQR__d8119c97__qr.json,container_interior_v2_raw,331.0,3062.0,18.0,2197.0,2731.0,2179.0,working_pixels,container_interior_v2_raw,"{""left"": 23, ""right"": 3138, ""top"": 471, ""bottom"": 4373}","[481, 4364, 33, 3138]","[1580, 2422]","{""left"": 0, ""right"": 0, ""top"": 0, ""bottom"": 0}",11198631.0,12.0,True,0.0,1.0,265.0,265.0,265.0,0.0,0.0,265.0,187.0,162.0,0.0,0.0,11.0,427.0,416.0,True,F:\claude_larvae_collection\analysis\models\larva_candidate_classifier_retrained.pt,0.5,128.0,raw_isolated_mask,64.0,416.0,303.0,113.0,303.0,0.9221756425007592,0.9221756425007592,24.0,malchow_project\analysis\output\labels\IMG-0693__qr-NOQR__d8119c97__labels.tif,malchow_project\analysis\output\labels\IMG-0693__qr-NOQR__d8119c97__labels_full_working.tif,malchow_project\analysis\output\labels\IMG-0693__qr-NOQR__d8119c97__labels_full_original.tif,malchow_project\analysis\output\overlays\IMG-0693__qr-NOQR__d8119c97__labeled.png,original_pixels,malchow_project\analysis\output\stats\IMG-0693__qr-NOQR__d8119c97__worms.csv,,,1.0,1.0,5.0,R4S,470.0,,,high,272,272,1091.3860294117646,1096.0,61,2716,516.8355047713869,296857,4.004646378900294,3.9783913663920374,1.7399393229581857,8.761777916265647,0.7560886281289627,1089.26381506088,78.31924199240773,83.11463460384456,18.065201738697503,198.33870467268403,25.263011385266015,21302.833821934903,19.62407562953229,19.32922856239943,4.226182637990515,31.7308794842239,5.8659063242665574,5337.7485712327825,128.0,128.0,128,128,0.0,34816,0.9419482793001568,0.9650277197360992,0.5056139826774597,0.991788685321808,0.06978406506875137,256.20993196964264,0.5,0.5,0.5,0.5,0.0,136.0,2.0,2.0,2,2,0.0,544,0.0,0.0,0.0,0.0,0.0,0.0,0.0,0.0,0,0,0.0,0,0.9642908752979118,0.9678942049645164,0.8183412124619511,0.9934655840550066,0.01863381704127866,262.287118081032,35.958391753158516,37.355993503063864,8.812923024107548,58.80577015481306,9.846132951106046,9780.682556859116,201.95432943456314,202.93025970458984,160.6140899658203,227.021240234375,10.008513302551053,54931.57760620117,209.93382352941177,211.0,178.0,227.0,6.062043553336116,57102.0,69.30882352941177,72.0,1.5,121.0,25.34241946699384,18852.0,54.901525525485766,56.663055419921875,-3.8311920166015625,101.4870834350586,20.72564577343546,14933.214942932129,147.05280390907737,146.16095733642578,94.96125793457033,208.906982421875,18.743552820705617,39998.36266326904,17.152412485226048,17.796973365617433,4.066666666666666,29.32,4.318176641285531,4665.456195981485,140.625,138.5,86.0,211.5,24.692817576218356,38250.0,0.018949998210140182,0.0610080133533197,-1.5620093098710743,1.567529061969649,0.9327349354337865,5.15439951315813,171.7917430840188,179.36753236814712,37.65685424949238,399.30360723121805,54.57627390073713,46727.354118853116,,,,,,0.0,,,,,,0.0,0.135346,0.135346,0.135346,0.135346,0.0,36.814112,0.193351,0.193351,0.193351,0.193351,0.0,52.591471999999996,7.3885,7.3885,7.3885,7.3885,0.0,2009.6719999999998,5.1719,5.1719,5.1719,5.1719,0.0,1406.7567999999999,0.33088235294117646,0.0,0,4,0.998560935460452,90,60.544117647058826,63.0,15.0,133.0,21.150442545790554,16468.0,0.8176630195235621,0.8217406566661206,0.5068069306930693,0.9675675675675676,0.07804501092456557,222.4043413104089,279
malchow_project\analysis\output\images_oriented\IMG_0694.jpg,IMG_0694.jpg,IMG-0694__qr-NOQR__ba20a23d,281,,1.0,1.0,5.0,470.0,True,FeldNr: 1 | R4s | 470 | Xet;y = 5,470.0,0.7,4705.0,3138.0,3294.0,2197.0,True,FeldNr: 1 | R4s | 470 | Xet;y = 5,none,,,,,,,,,,,,,,,,,,,,,,,,,0.14,428.0,214.0,,,,,428.0,,,,,,214.0,,malchow_project\analysis\output\metadata\IMG-0694__qr-NOQR__ba20a23d__qr.txt,malchow_project\analysis\output\metadata\IMG-0694__qr-NOQR__ba20a23d__qr.json,container_interior_v2_raw,333.0,3063.0,20.0,2197.0,2730.0,2177.0,working_pixels,container_interior_v2_raw,"{""left"": 27, ""right"": 3138, ""top"": 473, ""bottom"": 4375}","[483, 4366, 37, 3138]","[1582, 2424]","{""left"": 0, ""right"": 0, ""top"": 0, ""bottom"": 0}",11010541.0,12.0,True,0.0,1.0,266.0,266.0,266.0,0.0,0.0,266.0,169.0,147.0,0.0,0.0,15.0,413.0,398.0,True,F:\claude_larvae_collection\analysis\models\larva_candidate_classifier_retrained.pt,0.5,128.0,raw_isolated_mask,64.0,398.0,305.0,93.0,305.0,0.9078038635686776,0.9078038635686776,24.0,malchow_project\analysis\output\labels\IMG-0694__qr-NOQR__ba20a23d__labels.tif,malchow_project\analysis\output\labels\IMG-0694__qr-NOQR__ba20a23d__labels_full_working.tif,malchow_project\analysis\output\labels\IMG-0694__qr-NOQR__ba20a23d__labels_full_original.tif,malchow_project\analysis\output\overlays\IMG-0694__qr-NOQR__ba20a23d__labeled.png,original_pixels,malchow_project\analysis\output\stats\IMG-0694__qr-NOQR__ba20a23d__worms.csv,,,1.0,1.0,5.0,R4S,470.0,,,high,272,272,1094.3308823529412,1110.5,63,3778,546.2457113769798,297658,4.023685391343308,4.004329984088011,1.9102374737762469,7.448253136361811,0.7193681243519975,1094.4424264453799,78.58500339198449,83.37845637075696,13.796166170582772,231.3621178642252,27.033336759365156,21375.12092261978,19.604449482850566,19.428057723525527,5.9025328570812965,41.10638866394666,6.1180399467055535,5332.410259335354,128.0,128.0,128,128,0.0,34816,0.9410321806721827,0.9649044573307037,0.5378702282905579,0.9903420209884644,0.06557980674011625,255.9607531428337,0.5,0.5,0.5,0.5,0.0,136.0,2.0,2.0,2,2,0.0,544,0.0,0.0,0.0,0.0,0.0,0.0,0.0,0.0,0,0,0.0,0,0.964417101152194,0.9683155279080968,0.852028671409764,0.9909461848686985,0.019431462668389604,262.32145151339677,35.92120198287999,37.60229305201024,8.95623198216277,69.35631910654894,10.168221223321641,9770.566939343358,201.54913335687974,202.7979965209961,159.3939971923828,227.6664581298828,10.461622957712809,54821.36427307129,210.30514705882354,212.0,193.0,228.0,5.79482298349379,57203.0,70.56433823529412,74.0,3.0,121.0,24.608156035588898,19193.5,55.26954906127032,56.701019287109375,0.078277587890625,98.3736801147461,20.091247535339857,15033.317344665527,146.27958429560942,145.0127944946289,95.39096069335938,207.125,18.662376745803765,39788.04692840576,16.99326968138656,17.895612970348534,4.2,29.95890410958904,4.48679065234009,4622.1693533371445,139.74080882352942,138.0,87.0,210.0,24.509315724372428,38009.5,0.022912806920382146,0.0588096586084956,-1.5688785990768848,1.5502156367580908,0.9351338908148961,6.232283482343944,172.30884530319386,179.06601717798213,35.14213562373095,487.3868683519033,58.04973673527146,46868.00592246873,,,,,,0.0,,,,,,0.0,0.135346,0.135346,0.135346,0.135346,0.0,36.814112,0.193351,0.193351,0.193351,0.193351,0.0,52.591471999999996,7.3885,7.3885,7.3885,7.3885,0.0,2009.6719999999998,5.1719,5.1719,5.1719,5.1719,0.0,1406.7567999999999,0.3860294117647059,0.0,0,8,1.2186540754411488,105,60.974264705882355,64.0,15.0,190.0,22.776535139544002,16585.0,0.817848108871486,0.8217005217005217,0.502326818242255,0.9559748427672956,0.07786492198373104,222.45468561304418,281
malchow_project\analysis\output\images_oriented\IMG_0696.jpg,IMG_0696.jpg,IMG-0696__qr-NOQR__9a3b2454,285,,2.0,1.0,6.0,212.0,False,FeldNr: 2 | R4s | 212 | Xe1;y = 6,212.0,0.7,4705.0,3138.0,3294.0,2197.0,False,FeldNr: 2 | R4s | 212 | Xe1;y = 6,none,,,,,,,,,,,,,,,,,,,,,,,,,0.14,428.0,214.0,,,,,428.0,,,,,,214.0,,malchow_project\analysis\output\metadata\IMG-0696__qr-NOQR__9a3b2454__qr.txt,malchow_project\analysis\output\metadata\IMG-0696__qr-NOQR__9a3b2454__qr.json,container_interior_v2_raw,329.0,3064.0,23.0,2197.0,2735.0,2174.0,working_pixels,container_interior_v2_raw,"{""left"": 31, ""right"": 3138, ""top"": 468, ""bottom"": 4376}","[478, 4367, 41, 3138]","[1584, 2422]","{""left"": 0, ""right"": 0, ""top"": 0, ""bottom"": 0}",11772687.0,12.0,True,0.0,1.0,263.0,263.0,263.0,0.0,0.0,263.0,80.0,49.0,0.0,0.0,3.0,312.0,309.0,True,F:\claude_larvae_collection\analysis\models\larva_candidate_classifier_retrained.pt,0.5,128.0,raw_isolated_mask,64.0,309.0,306.0,3.0,306.0,0.9702534019297364,0.9702534019297364,21.0,malchow_project\analysis\output\labels\IMG-0696__qr-NOQR__9a3b2454__labels.tif,malchow_project\analysis\output\labels\IMG-0696__qr-NOQR__9a3b2454__labels_full_working.tif,malchow_project\analysis\output\labels\IMG-0696__qr-NOQR__9a3b2454__labels_full_original.tif,malchow_project\analysis\output\overlays\IMG-0696__qr-NOQR__9a3b2454__labeled.png,original_pixels,malchow_project\analysis\output\stats\IMG-0696__qr-NOQR__9a3b2454__worms.csv,,,2.0,1.0,6.0,R4S,212.0,,,high,258,258,959.7403100775193,906.0,126,2522,516.6168589886931,247613,3.9561002416449695,4.031806864962033,1.7414049458497378,6.801193281253752,0.6416316724764023,1020.6738623444021,71.87440207508818,71.51975963215862,21.77351536624751,197.3029902780872,25.053801414652185,18543.59573537275,18.10007197095168,17.103034418115733,5.931559761968572,32.916404225617846,5.534446041272667,4669.818568505534,128.0,128.0,128,128,0.0,33024,0.9413088858127594,0.955946296453476,0.6139367818832397,0.9899954795837402,0.05141072734212877,242.85769253969193,0.5,0.5,0.5,0.5,0.0,129.0,2.0,2.0,2,2,0.0,516,0.0,0.0,0.0,0.0,0.0,0.0,0.0,0.0,0,0,0.0,0,0.9637245178193566,0.9687528146417472,0.8186807180765285,0.9891315840169436,0.018975453035827455,248.64092559739402,33.600999860576856,33.96402031848608,12.666024736934256,56.66665802588045,9.659907103709918,8669.057964028829,204.83648841325626,205.02481842041016,173.0160369873047,228.9418334960937,9.947809349937577,52847.81401062012,210.52906976744185,211.0,195.0,229.0,7.49579180948522,54316.5,65.85852713178295,67.0,8.0,129.0,24.627385522352473,16991.5,54.58035290148831,54.47856140136719,9.503082275390623,108.28945922851562,19.83113875593662,14081.731048583984,150.25613551176795,150.53487396240234,93.01724243164062,193.43878173828125,19.930388837742086,38766.08296203613,16.58410174165486,17.220223325062037,6.515151515151516,28.23529411764705,3.90052650960827,4278.698249346953,144.6705426356589,144.0,86.0,201.5,25.83880712784555,37325.0,0.024588778578613302,0.07733732136745106,-1.5586184995938297,1.564966700814853,0.9324276376097541,6.343904873282232,157.73862619532244,154.68986283848346,54.14213562373095,401.0782104868019,54.30884516237272,40696.56555839319,,,,,,0.0,,,,,,0.0,0.133056,0.133056,0.133056,0.133056,0.0,34.328448,0.19008,0.19008,0.19008,0.19008,0.0,49.040639999999996,7.5156,7.5156,7.5156,7.5156,0.0,1939.0248,5.261,5.261,5.261,5.261,0.0,1357.338,0.3449612403100775,0.0,0,7,1.0988116141870659,89,54.89922480620155,53.0,16.0,167.0,21.998707058306934,14164.0,0.8425710739166857,0.8493548025919861,0.5422160536664353,0.9487922705314008,0.06589281844042558,217.38333707050492,285
malchow_project\analysis\output\images_oriented\IMG_0697.jpg,IMG_0697.jpg,IMG-0697__qr-NOQR__039bf7c3,274,,2.0,1.0,6.0,212.0,False,FeldNr: ? | XFt;y= 6 | R4s | 212,212.0,0.7,4705.0,3138.0,3294.0,2197.0,False,FeldNr: ? | XFt;y= 6 | R4s | 212,none,,,,,,,,,,,,,,,,,,,,,,,,,0.14,428.0,214.0,,,,,428.0,,,,,,214.0,,malchow_project\analysis\output\metadata\IMG-0697__qr-NOQR__039bf7c3__qr.txt,malchow_project\analysis\output\metadata\IMG-0697__qr-NOQR__039bf7c3__qr.json,container_interior_v2_raw,347.0,3074.0,27.0,2197.0,2727.0,2170.0,working_pixels,container_interior_v2_raw,"{""left"": 36, ""right"": 3138, ""top"": 493, ""bottom"": 4390}","[503, 4381, 46, 3138]","[1587, 2441]","{""left"": 0, ""right"": 0, ""top"": 0, ""bottom"": 0}",11699018.0,12.0,True,0.0,1.0,290.0,290.0,290.0,0.0,0.0,290.0,22.0,16.0,0.0,0.0,8.0,306.0,298.0,True,F:\claude_larvae_collection\analysis\models\larva_candidate_classifier_retrained.pt,0.5,128.0,raw_isolated_mask,64.0,298.0,290.0,8.0,290.0,0.9687681978643332,0.9687681978643332,16.0,malchow_project\analysis\output\labels\IMG-0697__qr-NOQR__039bf7c3__labels.tif,malchow_project\analysis\output\labels\IMG-0697__qr-NOQR__039bf7c3__labels_full_working.tif,malchow_project\analysis\output\labels\IMG-0697__qr-NOQR__039bf7c3__labels_full_original.tif,malchow_project\analysis\output\overlays\IMG-0697__qr-NOQR__039bf7c3__labeled.png,original_pixels,malchow_project\analysis\output\stats\IMG-0697__qr-NOQR__039bf7c3__worms.csv,,,2.0,1.0,6.0,R4S,212.0,,,high,261,261,963.3946360153257,912.0,137,2665,506.98358474598183,251446,3.901937314550055,3.974602357391975,1.811932953688585,7.120555530863215,0.6770180777735278,1018.4056390975644,71.62865756984174,71.68585279633065,19.9728705138159,156.25541979389757,24.609973742493786,18695.079625728693,18.2673470107449,17.24471251435113,8.349277287503597,34.33747844628491,5.47685450558429,4767.777569804419,128.0,128.0,128,128,0.0,33408,0.9466122105660566,0.964647650718689,0.5213757753372192,0.989550530910492,0.05458994855318259,247.06578695774078,0.5,0.5,0.5,0.5,0.0,130.5,2.0,2.0,2,2,0.0,522,0.0,0.0,0.0,0.0,0.0,0.0,0.0,0.0,0,0,0.0,0,0.9621246233421527,0.9678319586049616,0.83391241837098,0.9900894066488028,0.02013138872614044,251.11452669230184,33.72595219301306,34.07630356711932,13.207339536360733,58.25103764500001,9.462311753954744,8802.473522376407,206.68923760191234,208.5761260986328,82.18048858642578,227.5854034423828,13.604669980007202,53945.89101409912,210.95019157088123,213.0,39.0,229.0,15.952435609844546,55058.0,65.59386973180077,68.0,16.5,132.0,25.124761781616257,17120.0,55.92993525070249,55.95040893554688,6.9578857421875,111.19325256347656,19.720875526104603,14597.71310043335,150.75930235120984,151.58563232421875,24.168514251708984,193.44569396972656,22.720427790239743,39348.17791366577,16.899300048868835,16.928571428571427,7.611111111111111,32.875,4.053154337993079,4410.717312754766,145.35632183908046,144.0,20.0,200.5,28.356545986160796,37938.0,0.06895273038683325,0.1150111809337937,-1.5638023711005444,1.5658813836914178,0.9191385705970998,17.996662630963478,157.09349492035784,154.3259018078045,51.04163056034262,325.6528496361356,53.260292137433375,41001.4021742134,,,,,,0.0,,,,,,0.0,0.133394,0.133394,0.133394,0.133394,0.0,34.815834,0.190563,0.190563,0.190563,0.190563,0.0,49.736943000000004,7.4966,7.4966,7.4966,7.4966,0.0,1956.6126,5.2476,5.2476,5.2476,5.2476,0.0,1369.6236000000001,0.367816091954023,0.0,0,5,1.0931423567868874,96,54.25670498084291,53.0,16.0,115.0,20.780334709516886,14161.0,0.8492490258348768,0.8605442176870748,0.5456960680127524,0.9610231425091352,0.06714387931942327,221.65399574290285,274
malchow_project\analysis\output\images_oriented\IMG_0699.jpg,IMG_0699.jpg,IMG-0699__qr-NOQR__40e649de,307,,,1.0,7.0,291.0,True,3 | Snle( | FeleNNen | R4S | x=1;y =7,291.0,0.7,4705.0,3138.0,3294.0,2197.0,True,3 | Snle( | FeleNNen | R4S | x=1;y =7,none,,,,,,,,,,,,,,,,,,,,,,,,,0.14,428.0,214.0,,,,,428.0,,,,,,214.0,,malchow_project\analysis\output\metadata\IMG-0699__qr-NOQR__40e649de__qr.txt,malchow_project\analysis\output\metadata\IMG-0699__qr-NOQR__40e649de__qr.json,container_interior_v2_raw,338.0,3075.0,33.0,2197.0,2737.0,2164.0,working_pixels,container_interior_v2_raw,"{""left"": 45, ""right"": 3138, ""top"": 481, ""bottom"": 4392}","[491, 4383, 55, 3138]","[1591, 2436]","{""left"": 0, ""right"": 0, ""top"": 0, ""bottom"": 0}",11011891.0,12.0,True,0.0,1.0,311.0,311.0,311.0,0.0,0.0,311.0,128.0,96.0,0.0,0.0,13.0,407.0,394.0,True,F:\claude_larvae_collection\analysis\models\larva_candidate_classifier_retrained.pt,0.5,128.0,raw_isolated_mask,64.0,394.0,320.0,74.0,320.0,0.91107703227558,0.91107703227558,13.0,malchow_project\analysis\output\labels\IMG-0699__qr-NOQR__40e649de__labels.tif,malchow_project\analysis\output\labels\IMG-0699__qr-NOQR__40e649de__labels_full_working.tif,malchow_project\analysis\output\labels\IMG-0699__qr-NOQR__40e649de__labels_full_original.tif,malchow_project\analysis\output\overlays\IMG-0699__qr-NOQR__40e649de__labeled.png,original_pixels,malchow_project\analysis\output\stats\IMG-0699__qr-NOQR__40e649de__worms.csv,,,,1.0,7.0,R4S,291.0,,,high,304,304,1020.2072368421053,922.5,68,2470,519.7563593480785,310143,3.8791575803450065,3.9218868089258097,2.042561537545174,6.012941905924923,0.6024730177656492,1179.263904424882,73.66019562916219,74.10055615972746,20.5108940171455,118.60045925399534,22.75110766223123,22392.699471265307,18.986390453938043,17.649406578164523,4.5231555312619305,34.579000480652475,5.458832567060004,5771.862697997165,128.0,128.0,128,128,0.0,38912,0.9466428315561068,0.9638006389141083,0.5481054186820984,0.9918646216392516,0.04981322230693085,287.7794207930565,0.5,0.5,0.5,0.5,0.0,152.0,2.0,2.0,2,2,0.0,608,0.0,0.0,0.0,0.0,0.0,0.0,0.0,0.0,0,0,0.0,0,0.9630824076279438,0.9669465085723494,0.8719576357340968,0.9860738654286698,0.014770947489463549,292.7770519188949,34.81746071842365,34.27190385367203,9.304852983362556,56.07942292406237,9.32731511101471,10584.50805840079,206.30939513758608,207.16144561767578,169.3195037841797,228.0067901611328,9.091632499539744,62718.05612182617,211.79605263157896,213.0,190.0,231.0,7.099215608406781,64386.0,57.9703947368421,56.0,6.0,125.0,23.918296954770952,17623.0,50.422048242468584,50.990440368652344,6.232345581054688,113.91675567626952,18.715372120088528,15328.30266571045,155.8873468951175,157.0697021484375,88.28470611572266,202.4060974121093,18.11717538388487,47389.75345611572,17.395970415381488,17.23031415748674,4.0,30.121951219512194,3.958046235760446,5288.375006275973,153.82565789473685,156.0,82.0,206.0,24.529483833205745,46763.0,-0.16018861451744176,-0.2366194931544513,-1.5443490407017295,1.5623551346157778,0.9141469613162948,-48.697338813302295,162.07790915859135,160.21677477306463,42.59188309203678,261.3380951166243,50.033952690534775,49271.684384211774,,,,,,0.0,,,,,,0.0,0.133056,0.133056,0.133056,0.133056,0.0,40.449024,0.19008,0.19008,0.19008,0.19008,0.0,57.78432,7.5156,7.5156,7.5156,7.5156,0.0,2284.7424,5.261,5.261,5.261,5.261,0.0,1599.344,0.28289473684210525,0.0,0,5,0.9641615188481922,86,55.94736842105263,55.5,17.0,100.0,20.020711874032497,17008.0,0.8391001030174992,0.8457268341853266,0.6702460850111857,0.9706666666666668,0.06266937175154039,255.08643131731975,307
malchow_project\analysis\output\images_oriented\IMG_0700.jpg,IMG_0700.jpg,IMG-0700__qr-NOQR__39d7ca79,307,,3.0,1.0,7.0,291.0,True,FelaNr: ? | Ras | x=1;y =7,291.0,0.7,4705.0,3138.0,3294.0,2197.0,True,FelaNr: ? | Ras | x=1;y =7,none,,,,,,,,,,,,,,,,,,,,,,,,,0.14,428.0,214.0,,,,,428.0,,,,,,214.0,,malchow_project\analysis\output\metadata\IMG-0700__qr-NOQR__39d7ca79__qr.txt,malchow_project\analysis\output\metadata\IMG-0700__qr-NOQR__39d7ca79__qr.json,container_interior_v2_raw,334.0,3072.0,18.0,2197.0,2738.0,2179.0,working_pixels,container_interior_v2_raw,"{""left"": 24, ""right"": 3138, ""top"": 475, ""bottom"": 4388}","[485, 4379, 34, 3138]","[1581, 2431]","{""left"": 0, ""right"": 0, ""top"": 0, ""bottom"": 0}",11063007.0,12.0,True,0.0,1.0,307.0,307.0,307.0,0.0,0.0,307.0,88.0,57.0,0.0,0.0,24.0,364.0,340.0,True,F:\claude_larvae_collection\analysis\models\larva_candidate_classifier_retrained.pt,0.5,128.0,raw_isolated_mask,64.0,340.0,322.0,18.0,322.0,0.9087027006913392,0.9087027006913392,15.0,malchow_project\analysis\output\labels\IMG-0700__qr-NOQR__39d7ca79__labels.tif,malchow_project\analysis\output\labels\IMG-0700__qr-NOQR__39d7ca79__labels_full_working.tif,malchow_project\analysis\output\labels\IMG-0700__qr-NOQR__39d7ca79__labels_full_original.tif,malchow_project\analysis\output\overlays\IMG-0700__qr-NOQR__39d7ca79__labeled.png,original_pixels,malchow_project\analysis\output\stats\IMG-0700__qr-NOQR__39d7ca79__worms.csv,,,3.0,1.0,7.0,R4S,291.0,,,high,296,296,1028.6317567567567,886.5,104,2999,552.9507375657714,304475,3.9558709855953302,3.9414239276867304,1.5107405895720234,8.455397404660367,0.7973650206607602,1170.9378117362178,75.83028993045528,74.41095050268069,20.05988001170359,201.21507298595265,26.660018370392514,22445.765819414763,19.288967758981585,17.54180383776486,6.49218955621777,48.41154887746632,6.40455134189348,5709.534456658549,128.0,128.0,128,128,0.0,37888,0.9438431764373908,0.9629450738430023,0.527321457862854,0.9921087622642516,0.0615804409532519,279.3775802254677,0.5,0.5,0.5,0.5,0.0,148.0,2.0,2.0,2,2,0.0,592,0.0,0.0,0.0,0.0,0.0,0.0,0.0,0.0,0,0,0.0,0,0.9625967718735301,0.9672787927350404,0.7495682988278066,0.9929817533208724,0.02159277007730632,284.9286444745649,34.88653612036623,33.596518398697675,11.507254783503184,61.79357081979284,9.640446443327042,10326.414691628404,205.58560845658585,206.89285278320312,156.478515625,230.5150146484375,10.869551486141917,60853.340103149414,211.91047297297297,213.0,158.0,231.0,7.896228993507648,62725.5,59.701013513513516,58.0,4.0,129.0,23.111871606142152,17671.5,50.64212894439697,50.4593505859375,0.5031280517578125,92.33675384521484,18.92187438712934,14990.070167541504,154.94347951218887,154.54603576660156,107.72772216796876,202.15798950195312,17.60743321944945,45863.26993560791,16.790341284249223,16.84463601532567,6.208333333333333,26.142857142857142,3.8345101322320434,4969.9410201377705,152.20945945945945,152.75,83.0,203.0,23.666074804580045,45054.0,0.004130729938721123,0.0485107235057871,-1.564376648211267,1.5594078318818507,0.9025443267077605,1.2226960618614524,167.01466341861314,160.6812408671319,50.04163056034261,422.19090885900994,58.43342280676869,49436.34037190949,,,,,,0.0,,,,,,0.0,0.133056,0.133056,0.133056,0.133056,0.0,39.384576,0.19008,0.19008,0.19008,0.19008,0.0,56.26368,7.5156,7.5156,7.5156,7.5156,0.0,2224.6176,5.261,5.261,5.261,5.261,0.0,1557.256,0.3108108108108108,0.0,0,5,0.9870438751867853,92,58.49324324324324,55.5,15.0,175.0,23.241983235084614,17314.0,0.8229579531071319,0.839005049800923,0.4488652283552816,0.9570647931303669,0.08276303902402138,243.59555411971107,307
malchow_project\analysis\output\images_oriented\IMG_0702.jpg,IMG_0702.jpg,IMG-0702__qr-NOQR__6c1e29f0,197,,6.0,1.0,10.0,521.0,True,FeldNr: 6 | R4s | X=1;y =10,521.0,0.7,4705.0,3138.0,3294.0,2197.0,True,FeldNr: 6 | R4s | X=1;y =10,none,,,,,,,,,,,,,,,,,,,,,,,,,0.14,428.0,214.0,,,,,428.0,,,,,,214.0,,malchow_project\analysis\output\metadata\IMG-0702__qr-NOQR__6c1e29f0__qr.txt,malchow_project\analysis\output\metadata\IMG-0702__qr-NOQR__6c1e29f0__qr.json,container_interior_v2_raw,358.0,3294.0,0.0,2197.0,2936.0,2197.0,working_pixels,container_interior_v2_raw,"{""left"": 0, ""right"": 3138, ""top"": 509, ""bottom"": 4471}","[519, 4705, 0, 3138]","[1569, 2490]","{""left"": 0, ""right"": 0, ""top"": 0, ""bottom"": 0}",12445044.0,12.0,True,0.0,1.0,188.0,188.0,188.0,0.0,0.0,188.0,141.0,123.0,0.0,0.0,35.0,311.0,276.0,True,F:\claude_larvae_collection\analysis\models\larva_candidate_classifier_retrained.pt,0.5,128.0,raw_isolated_mask,64.0,276.0,218.0,58.0,218.0,0.9455158694231296,0.9455158694231296,21.0,malchow_project\analysis\output\labels\IMG-0702__qr-NOQR__6c1e29f0__labels.tif,malchow_project\analysis\output\labels\IMG-0702__qr-NOQR__6c1e29f0__labels_full_working.tif,malchow_project\analysis\output\labels\IMG-0702__qr-NOQR__6c1e29f0__labels_full_original.tif,malchow_project\analysis\output\overlays\IMG-0702__qr-NOQR__6c1e29f0__labeled.png,original_pixels,malchow_project\analysis\output\stats\IMG-0702__qr-NOQR__6c1e29f0__worms.csv,,,6.0,1.0,10.0,R4S,521.0,,,high,187,187,1158.3582887700534,1041.0,67,3374,576.626894308674,216613,3.989738453657837,4.058403871275186,1.7965035482279528,5.647730704992941,0.7104370263376316,746.0810908340155,81.0809487140816,82.68853141691663,17.675180859495427,185.9444775527156,25.477014704235867,15162.13740953326,20.410374701454735,18.942142338118984,6.009097753407913,61.15782287437209,6.30188603717348,3816.7400691720354,128.0,128.0,128,128,0.0,23936,0.9520824513333367,0.9660707712173462,0.6286861300468445,0.9907898902893066,0.045567740556757275,178.03941839933395,0.5,0.5,0.5,0.5,0.0,93.5,2.0,2.0,2,2,0.0,374,0.0,0.0,0.0,0.0,0.0,0.0,0.0,0.0,0,0,0.0,0,0.9630606106286833,0.9691676389608236,0.8307559595814313,0.9841996513574894,0.02257831204282414,180.09233418756378,37.12064947930295,36.40662530459675,9.23618154310838,65.54319357443944,9.871477316859222,6941.561452629651,207.7208645254533,209.7939453125,175.18251037597656,220.94384765625,8.098757616897386,38843.801666259766,210.14171122994654,212.0,179.0,221.0,6.616407860004344,39296.5,56.780748663101605,60.0,7.0,110.0,22.232642219980317,10618.0,52.73987611984824,54.53157043457031,4.5008087158203125,91.01313018798828,16.510211301319508,9862.356834411621,154.98098840560505,154.74224853515625,115.26849365234376,205.8650817871093,17.127839692336497,28981.444831848145,17.994703841797172,17.942307692307693,3.941176470588236,27.52238805970149,3.8385144112755767,3365.009618416071,153.36096256684493,151.0,104.0,207.0,23.040448890809145,28678.5,-0.10031380110199623,-0.1138915917746695,-1.5249116311219792,1.562894380501382,0.9308361814543603,-18.758680806073293,177.60579330692414,175.53910524340094,39.31370849898477,453.30360723121805,55.92784317033172,33212.28334839481,,,,,,0.0,,,,,,0.0,0.130192,0.130192,0.130192,0.130192,0.0,24.345904,0.185989,0.185989,0.185989,0.185989,0.0,34.779942999999996,7.681,7.681,7.681,7.681,0.0,1436.347,5.3767,5.3767,5.3767,5.3767,0.0,1005.4428999999999,0.10695187165775401,0.0,0,4,0.5381217962168809,20,61.3475935828877,60.0,17.0,172.0,22.127733585715205,11472.0,0.8164734296553521,0.8150594451783355,0.4639076034648701,0.9647597254004576,0.07229731551875149,152.68053134555083,197
malchow_project\analysis\output\images_oriented\IMG_0703.jpg,IMG_0703.jpg,IMG-0703__qr-NOQR__9f5d2cfb,186,,6.0,1.0,10.0,521.0,True,FeldNr:6 | Ras | X=1;y =10,521.0,0.7,4705.0,3138.0,3294.0,2197.0,True,FeldNr:6 | Ras | X=1;y =10,none,,,,,,,,,,,,,,,,,,,,,,,,,0.14,428.0,214.0,,,,,428.0,,,,,,214.0,,malchow_project\analysis\output\metadata\IMG-0703__qr-NOQR__9f5d2cfb__qr.txt,malchow_project\analysis\output\metadata\IMG-0703__qr-NOQR__9f5d2cfb__qr.json,container_interior_v2_raw,281.0,3294.0,0.0,2197.0,3013.0,2197.0,working_pixels,container_interior_v2_raw,"{""left"": 0, ""right"": 3138, ""top"": 399, ""bottom"": 4363}","[409, 4705, 0, 3138]","[1569, 2381]","{""left"": 0, ""right"": 0, ""top"": 0, ""bottom"": 0}",12659148.0,12.0,True,0.0,1.0,183.0,183.0,183.0,0.0,0.0,183.0,65.0,50.0,0.0,0.0,8.0,233.0,225.0,True,F:\claude_larvae_collection\analysis\models\larva_candidate_classifier_retrained.pt,0.5,128.0,raw_isolated_mask,64.0,225.0,194.0,31.0,194.0,0.9372260486760376,0.9372260486760376,8.0,malchow_project\analysis\output\labels\IMG-0703__qr-NOQR__9f5d2cfb__labels.tif,malchow_project\analysis\output\labels\IMG-0703__qr-NOQR__9f5d2cfb__labels_full_working.tif,malchow_project\analysis\output\labels\IMG-0703__qr-NOQR__9f5d2cfb__labels_full_original.tif,malchow_project\analysis\output\overlays\IMG-0703__qr-NOQR__9f5d2cfb__labeled.png,original_pixels,malchow_project\analysis\output\stats\IMG-0703__qr-NOQR__9f5d2cfb__worms.csv,,,6.0,1.0,10.0,R4S,521.0,,,high,184,184,1184.6576086956522,1056.5,58,2632,556.5912129224167,217977,4.116452865287405,4.163279006400714,1.6969421702473078,6.2659272072023375,0.6734349269316003,757.4273272128825,82.96860436658869,83.67413688449015,20.11862570452672,137.06345793474722,24.476069861034603,15266.223203452319,20.23785077381214,18.853308967047596,3.6587502185388887,34.190047787675084,5.680024425829295,3723.764542381434,128.0,128.0,128,128,0.0,23552,0.9453867233317831,0.9647668302059174,0.5119866728782654,0.9901968240737916,0.06665395040859134,173.9511570930481,0.5,0.5,0.5,0.5,0.0,92.0,2.0,2.0,2,2,0.0,368,0.0,0.0,0.0,0.0,0.0,0.0,0.0,0.0,0,0,0.0,0,0.9660900311362965,0.9707245767607813,0.8079177438696711,0.9871828496400724,0.020527164201936073,177.76056572907856,37.59272007032832,36.67648905647409,8.593479713983122,57.88926050437117,9.78060348303479,6917.060492940411,207.5027441771134,210.14569091796875,175.89723205566406,227.2812347412109,8.93498764748854,38180.50492858887,208.83152173913044,212.0,179.0,227.0,8.741514909760049,38425.0,54.255434782608695,56.0,14.0,97.0,21.43097887516191,9983.0,51.72236015485681,53.629608154296875,3.889236450195313,83.50584411621094,16.56361538583075,9516.914268493652,155.7803840222566,155.07896423339844,117.87760162353516,186.9196929931641,16.089092075713477,28663.590660095215,18.122396593527647,18.039529015979817,3.2222222222222223,26.32,3.801728173483137,3334.520973209087,154.57608695652175,155.0,103.0,194.0,21.60796184755779,28442.0,-0.06286954940446181,-0.1511858170906616,-1.541877594455924,1.545945880285696,0.917485553057142,-11.567997090420974,180.3202060221072,177.71067811865473,42.55634918610404,279.9482681718908,53.030525904708085,33178.91790806772,,,,,,0.0,,,,,,0.0,0.129335,0.129335,0.129335,0.129335,0.0,23.79764,0.184765,0.184765,0.184765,0.184765,0.0,33.99676,7.7318,7.7318,7.7318,7.7318,0.0,1422.6512,5.4123,5.4123,5.4123,5.4123,0.0,995.8632,0.08695652173913043,0.0,0,7,0.6385121693821016,16,62.244565217391305,63.0,18.0,101.0,20.946457186416755,11453.0,0.8189501818950555,0.8241319172667502,0.6147829487680876,0.9430379746835444,0.06377583025777242,150.68683346869022,186
malchow_project\analysis\output\images_oriented\IMG_0706.jpg,IMG_0706.jpg,IMG-0706__qr-NOQR__b2fc915e,215,,7.0,1.0,11.0,406.0,True,FeldNc 7 | X=1;y =11 | Ras,406.0,0.7,4705.0,3138.0,3294.0,2197.0,True,FeldNc 7 | X=1;y =11 | Ras,none,,,,,,,,,,,,,,,,,,,,,,,,,0.14,428.0,214.0,,,,,428.0,,,,,,214.0,,malchow_project\analysis\output\metadata\IMG-0706__qr-NOQR__b2fc915e__qr.txt,malchow_project\analysis\output\metadata\IMG-0706__qr-NOQR__b2fc915e__qr.json,container_interior_v2_raw,275.0,3294.0,0.0,2197.0,3019.0,2197.0,working_pixels,container_interior_v2_raw,"{""left"": 0, ""right"": 3138, ""top"": 391, ""bottom"": 4352}","[401, 4705, 0, 3138]","[1569, 2371]","{""left"": 0, ""right"": 0, ""top"": 0, ""bottom"": 0}",12786902.0,12.0,True,0.0,1.0,199.0,199.0,199.0,0.0,0.0,199.0,188.0,139.0,0.0,0.0,50.0,338.0,288.0,True,F:\claude_larvae_collection\analysis\models\larva_candidate_classifier_retrained.pt,0.5,128.0,raw_isolated_mask,64.0,288.0,224.0,64.0,224.0,0.9447910163261264,0.9447910163261264,9.0,malchow_project\analysis\output\labels\IMG-0706__qr-NOQR__b2fc915e__labels.tif,malchow_project\analysis\output\labels\IMG-0706__qr-NOQR__b2fc915e__labels_full_working.tif,malchow_project\analysis\output\labels\IMG-0706__qr-NOQR__b2fc915e__labels_full_original.tif,malchow_project\analysis\output\overlays\IMG-0706__qr-NOQR__b2fc915e__labeled.png,original_pixels,malchow_project\analysis\output\stats\IMG-0706__qr-NOQR__b2fc915e__worms.csv,,,7.0,1.0,11.0,R4S,406.0,,,high,203,203,1044.28078817734,1006.0,89,2376,546.9431477825703,211989,3.808824650571991,3.8648218230977593,1.8235969972550727,5.452862532147163,0.7255337083370481,773.1914040661142,75.07335405035083,77.35088272359236,17.717113491428403,136.28409242045095,25.700259265998874,15239.890872221218,19.77212199306046,18.388220222054844,7.004290251823886,50.313581800815335,6.440580319596704,4013.740764591273,128.0,128.0,128,128,0.0,25984,0.9388002673980638,0.9631401896476746,0.5135724544525146,0.9937921166419984,0.0760200195916735,190.57645428180695,0.5,0.5,0.5,0.5,0.0,101.5,2.0,2.0,2,2,0.0,406,0.0,0.0,0.0,0.0,0.0,0.0,0.0,0.0,0,0,0.0,0,0.9593689102212928,0.9659458938597156,0.836237934234521,0.9830402529021284,0.0224162750288062,194.75188877492243,35.0630017793776,35.78936967876878,10.645107772184812,55.00197413085049,10.035017108766343,7117.789361213653,205.50730783246422,205.58399963378903,179.07225036621094,229.74722290039065,9.463061495966903,41717.983489990234,208.89408866995075,211.0,182.0,230.0,8.328043078469946,42405.5,59.10591133004926,60.0,9.0,117.5,24.96075859892249,11998.5,52.88737205918787,55.07994079589844,6.3463134765625,102.65330505371094,19.549601347445304,10736.136528015137,152.61993577327635,152.51657104492188,102.02333068847656,191.9385528564453,17.96002664392708,30981.846961975098,17.369202084403607,17.620689655172413,5.779411764705882,26.873417721518987,4.205970171191668,3525.9480231339326,149.78817733990147,150.0,92.5,204.5,24.38378088861201,30407.0,-0.022177137343862265,0.0802244873593232,-1.5373562583514793,1.548833758658633,0.8739493470284081,-4.50195888080404,165.4873652808395,166.65180361560903,40.520815280171306,320.5990257669732,55.72940874255407,33593.93515201042,,,,,,0.0,,,,,,0.0,0.129335,0.129335,0.129335,0.129335,0.0,26.255005,0.18476499999999998,0.184765,0.184765,0.184765,0.0,37.507295,7.7318,7.7318,7.7318,7.7318,0.0,1569.5554,5.412299999999999,5.4123,5.4123,5.4123,0.0,1098.6969,0.2955665024630542,0.0,0,27,2.039542282484155,60,57.216748768472904,56.0,15.0,148.0,22.313524630958067,11615.0,0.8191731892593098,0.8270348837209303,0.2776100086281277,0.9501582278481012,0.08179361740292833,166.2921574196399,215
malchow_project\analysis\output\images_oriented\IMG_0707.jpg,IMG_0707.jpg,IMG-0707__qr-NOQR__697ccfa4,211,,7.0,1.0,11.0,406.0,True,FeldNr: 7 | Xa;y=1 | R4s,406.0,0.7,4705.0,3138.0,3294.0,2197.0,True,FeldNr: 7 | Xa;y=1 | R4s,none,,,,,,,,,,,,,,,,,,,,,,,,,0.14,428.0,214.0,,,,,428.0,,,,,,214.0,,malchow_project\analysis\output\metadata\IMG-0707__qr-NOQR__697ccfa4__qr.txt,malchow_project\analysis\output\metadata\IMG-0707__qr-NOQR__697ccfa4__qr.json,container_interior_v2_raw,270.0,3294.0,0.0,2197.0,3024.0,2197.0,working_pixels,container_interior_v2_raw,"{""left"": 0, ""right"": 3138, ""top"": 384, ""bottom"": 4350}","[394, 4705, 0, 3138]","[1569, 2367]","{""left"": 0, ""right"": 0, ""top"": 0, ""bottom"": 0}",12783837.0,12.0,True,0.0,1.0,202.0,202.0,202.0,0.0,0.0,202.0,117.0,72.0,0.0,0.0,14.0,274.0,260.0,True,F:\claude_larvae_collection\analysis\models\larva_candidate_classifier_retrained.pt,0.5,128.0,raw_isolated_mask,64.0,260.0,215.0,45.0,215.0,0.9430133202322551,0.9430133202322551,4.0,malchow_project\analysis\output\labels\IMG-0707__qr-NOQR__697ccfa4__labels.tif,malchow_project\analysis\output\labels\IMG-0707__qr-NOQR__697ccfa4__labels_full_working.tif,malchow_project\analysis\output\labels\IMG-0707__qr-NOQR__697ccfa4__labels_full_original.tif,malchow_project\analysis\output\overlays\IMG-0707__qr-NOQR__697ccfa4__labeled.png,original_pixels,malchow_project\analysis\output\stats\IMG-0707__qr-NOQR__697ccfa4__worms.csv,,,7.0,1.0,11.0,R4S,406.0,,,high,203,203,1071.9162561576354,989.0,164,2840,571.806056473327,217599,3.751884944700767,3.8087670174259887,1.5182257676644084,6.469891368275079,0.745592485872992,761.6326437742557,75.03852197763021,75.7671435248229,22.580154450773104,172.16907288066702,25.972613676089676,15232.819961458932,20.13201997045075,18.63520969610052,6.9777605663938775,58.606940169675546,6.713676026086883,4086.800054001502,128.0,128.0,128,128,0.0,25984,0.9488254618174924,0.9725812077522278,0.6436154246330261,0.9948004484176636,0.05886269290127356,192.61156874895096,0.5,0.5,0.5,0.5,0.0,101.5,2.0,2.0,2,2,0.0,406,0.0,0.0,0.0,0.0,0.0,0.0,0.0,0.0,0,0,0.0,0,0.9570894156059918,0.9649178018330404,0.7524375756137337,0.9879830753022284,0.028091532379156084,194.28915136801635,35.51567137175761,35.485685983831225,14.450303987687134,60.13318806655657,10.195849562913056,7209.681288466795,209.57550973375442,211.11764526367188,178.64193725585938,225.1102600097656,7.727386973019306,42543.82847595215,212.52216748768473,214.0,187.0,225.0,5.53595370261996,43142.0,55.62068965517241,56.0,7.0,113.0,23.091326765676516,11291.0,51.13318404775535,52.600921630859375,6.7952423095703125,91.6396255493164,18.639852443555974,10380.036361694336,158.44232568599907,156.90322875976562,116.6247100830078,204.3224029541016,17.69266474816658,32163.792114257812,17.825242817284554,17.835616438356166,6.833333333333333,32.37931034482759,4.228697187230923,3618.5242919087646,156.9014778325123,157.0,102.0,206.0,22.994998332251473,31851.0,-0.08709894976214813,-0.2130491484012787,-1.5631495868455954,1.5569993652790992,0.9119912954801384,-17.68108680171607,165.95646105800674,165.1370849898476,55.45584412271571,408.2741699796952,56.908774080791666,33689.16159477537,,,,,,0.0,,,,,,0.0,0.130084,0.130084,0.130084,0.130084,0.0,26.407052,0.185835,0.185835,0.185835,0.185835,0.0,37.724505,7.6873,7.6873,7.6873,7.6873,0.0,1560.5219,5.3811,5.3811,5.3811,5.3811,0.0,1092.3633,0.2512315270935961,0.0,0,4,0.8849321507756227,51,57.073891625615765,56.0,16.0,149.0,22.38390197113862,11586.0,0.8290684322039716,0.8330019880715706,0.4626914304333659,0.9659863945578232,0.07628143779419026,168.30089173740623,211
malchow_project\images\IMG_0709.jpg,IMG_0709.jpg,IMG-0709__qr-NOQR__4a41ef7f,215,,8.0,1.0,12.0,427.0,True,FeldNr: 8 | Xet;y = 12 | R4s,427.0,0.7,4705.0,3138.0,3294.0,2197.0,True,FeldNr: 8 | Xet;y = 12 | R4s,none,,,,,,,,,,,,,,,,,,,,,,,,,0.14,428.0,214.0,,,,,428.0,,,,,,214.0,,malchow_project\analysis\output\metadata\IMG-0709__qr-NOQR__4a41ef7f__qr.txt,malchow_project\analysis\output\metadata\IMG-0709__qr-NOQR__4a41ef7f__qr.json,container_interior_v2_raw,281.0,3294.0,0.0,2197.0,3013.0,2197.0,working_pixels,container_interior_v2_raw,"{""left"": 0, ""right"": 3138, ""top"": 399, ""bottom"": 4352}","[409, 4705, 0, 3138]","[1569, 2375]","{""left"": 0, ""right"": 0, ""top"": 0, ""bottom"": 0}",12699414.0,12.0,True,0.0,1.0,216.0,216.0,216.0,0.0,0.0,216.0,66.0,62.0,0.0,0.0,5.0,278.0,273.0,True,F:\claude_larvae_collection\analysis\models\larva_candidate_classifier_retrained.pt,0.5,128.0,raw_isolated_mask,64.0,273.0,221.0,52.0,221.0,0.940204796058228,0.940204796058228,6.0,malchow_project\analysis\output\labels\IMG-0709__qr-NOQR__4a41ef7f__labels.tif,malchow_project\analysis\output\labels\IMG-0709__qr-NOQR__4a41ef7f__labels_full_working.tif,malchow_project\analysis\output\labels\IMG-0709__qr-NOQR__4a41ef7f__labels_full_original.tif,malchow_project\analysis\output\overlays\IMG-0709__qr-NOQR__4a41ef7f__labeled.png,original_pixels,malchow_project\analysis\output\stats\IMG-0709__qr-NOQR__4a41ef7f__worms.csv,,,8.0,1.0,12.0,R4S,427.0,,,high,213,213,925.3427230046948,792.0,134,2724,552.0508076717583,197098,3.9261052212286764,3.954480511006392,2.060796377487325,6.621066748582825,0.6952730046579745,836.2604121217081,70.32203880525397,66.95828833457739,20.774748813882034,177.68768083828323,24.846668382105175,14978.594265519096,17.920445237517413,16.52611696491363,6.444580630641379,36.45925314908856,5.698165170304493,3817.054835591209,128.0,128.0,128,128,0.0,27264,0.9480319093090828,0.9641913175582886,0.7344106435775757,0.9923201203346252,0.04588608263427499,201.93079668283463,0.5,0.5,0.5,0.5,0.0,106.5,2.0,2.0,2,2,0.0,426,0.0,0.0,0.0,0.0,0.0,0.0,0.0,0.0,0,0,0.0,0,0.9628465140745791,0.9674982484212372,0.8743758440566252,0.988528711513699,0.018092909040688086,205.08630749788534,32.921778287361555,31.755404570407364,13.061933202803932,58.89231290973876,9.735731057369867,7012.338775208012,206.73453690076659,207.25747680664065,182.36346435546875,225.82676696777344,7.777143556901533,44034.45635986328,210.6056338028169,212.0,196.0,226.0,6.512279127256787,44859.0,58.11267605633803,56.0,19.0,130.0,24.27634687931739,12378.0,52.60020371557961,53.44161987304688,3.96673583984375,100.37728118896484,18.768187404718745,11203.843391418457,154.13433318518696,154.1026611328125,108.22232818603516,190.2131805419922,18.550674496439438,32830.612968444824,16.615210184079977,16.161290322580644,5.107142857142857,29.09523809523809,4.172368621181821,3539.039769209035,152.49295774647888,155.0,86.0,198.0,25.087322912727284,32481.0,0.024063015991674274,0.156492589771747,-1.5707900005247766,1.5307550170493394,0.8673859832086523,5.125422406226621,153.8671059030227,145.39696961967,50.38477631085024,372.7766952966369,53.82444899218258,32773.69355734383,,,,,,0.0,,,,,,0.0,0.129762,0.129762,0.129762,0.129762,0.0,27.639305999999998,0.185375,0.185375,0.185375,0.185375,0.0,39.484875,7.7064,7.7064,7.7064,7.7064,0.0,1641.4632000000001,5.3945,5.3945,5.3945,5.3945,0.0,1149.0285,0.2300469483568075,0.0,0,4,0.8788062752868621,49,52.563380281690144,49.0,18.0,147.0,20.98184237083376,11196.0,0.8381153759849386,0.8478924862553452,0.5308075009567547,0.959307010475423,0.07278063944106676,178.5185750847919,215
malchow_project\images\IMG_0710.jpg,IMG_0710.jpg,IMG-0710__qr-NOQR__4abdfed0,224,,8.0,1.0,12.0,427.0,False,FeldNr: 8 | Xet;y=12 | R4s,427.0,0.7,4705.0,3138.0,3294.0,2197.0,False,FeldNr: 8 | Xet;y=12 | R4s,none,,,,,,,,,,,,,,,,,,,,,,,,,0.14,428.0,214.0,,,,,428.0,,,,,,214.0,,malchow_project\analysis\output\metadata\IMG-0710__qr-NOQR__4abdfed0__qr.txt,malchow_project\analysis\output\metadata\IMG-0710__qr-NOQR__4abdfed0__qr.json,container_interior_v2_raw,265.0,3294.0,0.0,2197.0,3029.0,2197.0,working_pixels,container_interior_v2_raw,"{""left"": 0, ""right"": 3138, ""top"": 377, ""bottom"": 4340}","[387, 4705, 0, 3138]","[1569, 2358]","{""left"": 0, ""right"": 0, ""top"": 0, ""bottom"": 0}",12742898.0,12.0,True,0.0,1.0,210.0,210.0,210.0,0.0,0.0,210.0,87.0,72.0,0.0,0.0,2.0,282.0,280.0,True,F:\claude_larvae_collection\analysis\models\larva_candidate_classifier_retrained.pt,0.5,128.0,raw_isolated_mask,64.0,280.0,246.0,34.0,246.0,0.9384281485918324,0.9384281485918324,22.0,malchow_project\analysis\output\labels\IMG-0710__qr-NOQR__4abdfed0__labels.tif,malchow_project\analysis\output\labels\IMG-0710__qr-NOQR__4abdfed0__labels_full_working.tif,malchow_project\analysis\output\labels\IMG-0710__qr-NOQR__4abdfed0__labels_full_original.tif,malchow_project\analysis\output\overlays\IMG-0710__qr-NOQR__4abdfed0__labeled.png,original_pixels,malchow_project\analysis\output\stats\IMG-0710__qr-NOQR__4abdfed0__worms.csv,,,8.0,1.0,12.0,R4S,427.0,,,high,217,217,953.8064516129032,805.0,41,2455,576.1902651250283,206976,3.8693423507343527,3.9080201798721377,1.6033903702007646,6.082069764241933,0.6534988849846184,839.6472901093546,70.1495832180285,67.9592324912654,24.645020890365792,117.59380973047996,23.924862450933016,15222.459558312183,18.16673004813117,16.90475625058338,8.626807876914663,39.034412203944704,5.891453123884293,3942.1804204444643,128.0,128.0,128,128,0.0,27776,0.9519471399795075,0.9683780670166016,0.775676965713501,0.9904760122299194,0.040294316628756065,206.57252937555313,0.5,0.5,0.5,0.5,0.0,108.5,2.0,2.0,2,2,0.0,434,0.0,0.0,0.0,0.0,0.0,0.0,0.0,0.0,0,0,0.0,0,0.9616488486791106,0.9667074826591626,0.7816810137208402,0.9863908027262014,0.0211518149705676,208.677800163367,33.31124275923303,32.01496265048276,7.225151993843567,55.908881962751,10.260132294964308,7228.539678753567,207.10076967582177,207.5928955078125,181.26577758789065,222.1207275390625,8.032454727484888,44940.86701965332,210.08755760368663,212.0,195.0,224.0,6.55649819218459,45589.0,54.62903225806452,50.0,9.0,117.0,25.439096396059913,11854.5,51.353183869392645,51.066314697265625,7.904571533203125,94.80239868164062,18.90674412189756,11143.640899658203,155.7475858064291,157.47897338867188,101.1759262084961,205.2215118408203,19.6150401627304,33797.22611999512,17.068990374557863,16.677419354838708,2.411764705882353,30.30864197530864,4.373413329258819,3703.970911279056,155.45852534562212,161.0,89.0,207.0,26.72122255534659,33734.5,-0.025785529318138416,-0.0286816530098999,-1.5707292589907618,1.570468689729256,0.8827658693827599,-5.595459862036036,153.86847996024284,147.75230867899737,35.89949493661166,260.3086578651014,53.038156563518115,33389.460151372696,,,,,,0.0,,,,,,0.0,0.129442,0.129442,0.129442,0.129442,0.0,28.088914,0.184917,0.184917,0.184917,0.184917,0.0,40.126989,7.7255,7.7255,7.7255,7.7255,0.0,1676.4335,5.4078,5.4078,5.4078,5.4078,0.0,1173.4926,0.14746543778801843,0.0,0,5,0.6847583582670531,32,52.08755760368663,49.0,15.0,101.0,20.503538132515754,11303.0,0.8441174004382467,0.8530631045601106,0.2594936708860759,0.9666919000757004,0.07397032041930843,183.17347589509953,224
malchow_project\images\IMG_0712.jpg,IMG_0712.jpg,IMG-0712__qr-NOQR__3010000f,189,,,1.0,13.0,209.0,True,FeleNrt9 | Ras | x=1;y =13,209.0,0.7,4705.0,3138.0,3294.0,2197.0,True,FeleNrt9 | Ras | x=1;y =13,none,,,,,,,,,,,,,,,,,,,,,,,,,0.14,428.0,214.0,,,,,428.0,,,,,,214.0,,malchow_project\analysis\output\metadata\IMG-0712__qr-NOQR__3010000f__qr.txt,malchow_project\analysis\output\metadata\IMG-0712__qr-NOQR__3010000f__qr.json,container_interior_v2_raw,268.0,3294.0,0.0,2197.0,3026.0,2197.0,working_pixels,container_interior_v2_raw,"{""left"": 0, ""right"": 3138, ""top"": 381, ""bottom"": 4337}","[391, 4705, 0, 3138]","[1569, 2359]","{""left"": 0, ""right"": 0, ""top"": 0, ""bottom"": 0}",12729366.0,12.0,True,0.0,1.0,193.0,193.0,193.0,0.0,0.0,193.0,69.0,46.0,0.0,0.0,8.0,239.0,231.0,True,F:\claude_larvae_collection\analysis\models\larva_candidate_classifier_retrained.pt,0.5,128.0,raw_isolated_mask,64.0,231.0,204.0,27.0,204.0,0.93838139552794,0.93838139552794,15.0,malchow_project\analysis\output\labels\IMG-0712__qr-NOQR__3010000f__labels.tif,malchow_project\analysis\output\labels\IMG-0712__qr-NOQR__3010000f__labels_full_working.tif,malchow_project\analysis\output\labels\IMG-0712__qr-NOQR__3010000f__labels_full_original.tif,malchow_project\analysis\output\overlays\IMG-0712__qr-NOQR__3010000f__labeled.png,original_pixels,malchow_project\analysis\output\stats\IMG-0712__qr-NOQR__3010000f__worms.csv,,,,1.0,13.0,R4S,209.0,,,med,186,186,901.0215053763441,752.0,181,2590,552.5655930929413,167590,3.3918169651965187,3.4296314081632566,1.5971599227831943,6.166329549099252,0.8361935204723568,630.8779555265525,64.7994083558725,57.477533466848485,24.1587829260024,148.87685188562864,26.416648003854437,12052.689954192285,19.092978335761316,18.078956432428008,8.808019064648866,35.55824434267252,6.02527100984366,3551.2939704516048,128.0,128.0,128,128,0.0,23808,0.9592409739571233,0.970341831445694,0.8130938410758972,0.9938238859176636,0.03448954109691062,178.41882115602493,0.5,0.5,0.5,0.5,0.0,93.0,2.0,2.0,2,2,0.0,372,0.0,0.0,0.0,0.0,0.0,0.0,0.0,0.0,0,0,0.0,0,0.9443910761378883,0.9565474838574507,0.7797336355761693,0.9867626653764004,0.03497633580330122,175.65674016164724,32.370780769821515,30.943083952640464,15.180789096653193,57.42552064077497,9.994287568316071,6020.965223186802,210.17122576313633,212.25305175781244,189.17237854003903,225.25917053222656,6.969416162799464,39091.84799194336,211.16397849462365,213.0,194.0,225.0,6.51868360774732,39276.5,62.47849462365591,64.0,9.0,125.0,26.327502214542267,11621.0,60.00106454664661,62.02831268310547,17.427703857421875,110.18043518066406,17.706904857535218,11160.19800567627,150.17016121648973,149.8409194946289,91.82185363769533,190.953369140625,19.01452523071128,27931.64998626709,18.300966681935446,18.46781842818428,7.5,28.37837837837838,3.97036617618539,3403.9798028399928,148.68548387096774,149.0,82.0,201.0,27.165294911015437,27655.5,0.023580965744002796,-0.00502990898612745,-1.5512080047439871,1.5590544425566026,0.9378461175837056,4.38605962838452,145.10791605202715,134.29646455628165,55.698484809834994,342.048773235279,56.56727278519685,26990.07238567705,,,,,,0.0,,,,,,0.0,0.129442,0.129442,0.129442,0.129442,0.0,24.076212,0.184917,0.184917,0.184917,0.184917,0.0,34.394562,7.7255,7.7255,7.7255,7.7255,0.0,1436.943,5.4078,5.4078,5.4078,5.4078,0.0,1005.8507999999999,0.03225806451612903,0.0,0,3,0.3102435975156891,6,46.784946236559136,41.0,15.0,124.0,22.188065680580237,8702.0,0.844748714867785,0.8541212029100628,0.5402843601895735,0.9471830985915493,0.07136003263311282,157.123260965408,189
malchow_project\images\IMG_0713.jpg,IMG_0713.jpg,IMG-0713__qr-NOQR__ed549824,185,,,1.0,13.0,209.0,True,FelleNte9 | Ras | x = 1;y = 13,209.0,0.7,4705.0,3138.0,3294.0,2197.0,True,FelleNte9 | Ras | x = 1;y = 13,none,,,,,,,,,,,,,,,,,,,,,,,,,0.14,428.0,214.0,,,,,428.0,,,,,,214.0,,malchow_project\analysis\output\metadata\IMG-0713__qr-NOQR__ed549824__qr.txt,malchow_project\analysis\output\metadata\IMG-0713__qr-NOQR__ed549824__qr.json,container_interior_v2_raw,274.0,3294.0,0.0,2197.0,3020.0,2197.0,working_pixels,container_interior_v2_raw,"{""left"": 0, ""right"": 3138, ""top"": 389, ""bottom"": 4338}","[399, 4705, 0, 3138]","[1569, 2363]","{""left"": 0, ""right"": 0, ""top"": 0, ""bottom"": 0}",12706620.0,12.0,True,0.0,1.0,190.0,190.0,190.0,0.0,0.0,190.0,59.0,40.0,0.0,0.0,4.0,230.0,226.0,True,F:\claude_larvae_collection\analysis\models\larva_candidate_classifier_retrained.pt,0.5,128.0,raw_isolated_mask,64.0,226.0,194.0,32.0,194.0,0.9385524209714028,0.9385524209714028,9.0,malchow_project\analysis\output\labels\IMG-0713__qr-NOQR__ed549824__labels.tif,malchow_project\analysis\output\labels\IMG-0713__qr-NOQR__ed549824__labels_full_working.tif,malchow_project\analysis\output\labels\IMG-0713__qr-NOQR__ed549824__labels_full_original.tif,malchow_project\analysis\output\overlays\IMG-0713__qr-NOQR__ed549824__labeled.png,original_pixels,malchow_project\analysis\output\stats\IMG-0713__qr-NOQR__ed549824__worms.csv,,,,1.0,13.0,R4S,209.0,,,med,180,180,925.8333333333334,770.0,189,2471,556.8257151883093,166650,3.3819498930099274,3.463541412127923,1.5779338696581562,4.9975311289493165,0.7690346759184749,608.750980741787,65.78342237657385,59.07605294633208,27.186110122929826,146.34603112193514,26.333876573109325,11841.016027783293,19.443744867740662,18.353469971586538,8.40882430568382,48.78472933171948,6.41305975599149,3499.874076193319,128.0,128.0,128,128,0.0,23040,0.9607581880357531,0.9719760417938232,0.7653086185455322,0.990632176399231,0.034258002927009625,172.93647384643555,0.5,0.5,0.5,0.5,0.0,90.0,2.0,2.0,2,2,0.0,360,0.0,0.0,0.0,0.0,0.0,0.0,0.0,0.0,0,0,0.0,0,0.9452873668663803,0.9574130208551406,0.7735460298065461,0.979775723717606,0.033515687959999575,170.15172603594846,32.857003747122455,31.310590999797306,15.512648837479231,56.09077388519958,9.988956188638758,5914.260674482041,209.89556969536676,210.89695739746094,181.7896728515625,222.63003540039065,6.496003705542241,37781.202545166016,211.025,212.0,196.0,223.0,5.441993503863216,37984.5,63.419444444444444,65.0,11.0,125.0,25.38921404127682,11415.5,60.01237131754557,62.056053161621094,19.485671997070312,97.77506256103516,17.452163631139452,10802.226837158203,149.88319837782117,149.82390594482422,108.47103881835938,189.5214691162109,18.073958477999895,26978.975708007812,18.380979819007685,18.569310600444773,8.575757575757576,28.97058823529412,4.101921748106158,3308.5763674213836,147.60555555555555,148.0,89.0,203.0,26.414613617064237,26569.0,0.1028357370076116,0.1992175443102061,-1.565477407112717,1.561371968805708,0.9047910989383862,18.51043266137009,147.32088153987812,133.55992052357226,62.142135623730944,323.9421715174808,56.271249785141954,26517.758677178062,,,,,,0.0,,,,,,0.0,0.129655,0.129655,0.129655,0.129655,0.0,23.337899999999998,0.185222,0.185222,0.185222,0.185222,0.0,33.33996,7.7128,7.7128,7.7128,7.7128,0.0,1388.3039999999999,5.3989,5.3989,5.3989,5.3989,0.0,971.802,0.10555555555555556,0.0,0,4,0.6297753631808107,19,47.78888888888889,42.5,18.0,118.0,21.78692880869076,8602.0,0.8444669563585404,0.8561946415800187,0.4447840260798696,0.9725490196078432,0.07441250982753014,152.00405214453727,185
malchow_project\images\IMG_0715.jpg,IMG_0715.jpg,IMG-0715__qr-NOQR__1515f404,74,,,1.0,14.0,442.0,True,Rele Na | R4s | x= 1;y =14,442.0,0.7,4705.0,3138.0,3294.0,2197.0,True,Rele Na | R4s | x= 1;y =14,none,,,,,,,,,,,,,,,,,,,,,,,,,0.14,428.0,214.0,,,,,428.0,,,,,,214.0,,malchow_project\analysis\output\metadata\IMG-0715__qr-NOQR__1515f404__qr.txt,malchow_project\analysis\output\metadata\IMG-0715__qr-NOQR__1515f404__qr.json,container_interior_v2_raw,272.0,3294.0,0.0,2197.0,3022.0,2197.0,working_pixels,container_interior_v2_raw,"{""left"": 0, ""right"": 3138, ""top"": 386, ""bottom"": 4335}","[396, 4705, 0, 3138]","[1569, 2360]","{""left"": 0, ""right"": 0, ""top"": 0, ""bottom"": 0}",12694515.0,12.0,True,0.0,1.0,73.0,73.0,73.0,0.0,0.0,73.0,83.0,36.0,0.0,0.0,3.0,109.0,106.0,True,F:\claude_larvae_collection\analysis\models\larva_candidate_classifier_retrained.pt,0.5,128.0,raw_isolated_mask,64.0,106.0,89.0,17.0,89.0,0.9370427817006948,0.9370427817006948,15.0,malchow_project\analysis\output\labels\IMG-0715__qr-NOQR__1515f404__labels.tif,malchow_project\analysis\output\labels\IMG-0715__qr-NOQR__1515f404__labels_full_working.tif,malchow_project\analysis\output\labels\IMG-0715__qr-NOQR__1515f404__labels_full_original.tif,malchow_project\analysis\output\overlays\IMG-0715__qr-NOQR__1515f404__labeled.png,original_pixels,malchow_project\analysis\output\stats\IMG-0715__qr-NOQR__1515f404__worms.csv,,,,1.0,14.0,R4S,442.0,,,high,69,69,890.5652173913044,812.0,134,2358,564.0213929573548,61449,2.9954376782798597,2.979910288938012,1.588141652381628,4.959011856427651,0.6613821665546833,206.68519980131032,59.80253028424492,57.3499983633219,21.00901140266049,112.50163234403576,24.47411879047558,4126.374589612899,19.896918714621723,18.69777011358848,8.23798995031744,36.95183901138052,6.521972346349028,1372.887391308899,128.0,128.0,128,128,0.0,8832,0.9511538597120754,0.9706321954727172,0.8278663754463196,0.993841290473938,0.04269901690514713,65.62961632013321,0.5,0.5,0.5,0.5,0.0,34.5,2.0,2.0,2,2,0.0,138,0.0,0.0,0.0,0.0,0.0,0.0,0.0,0.0,0,0,0.0,0,0.9315641515795878,0.9420115071122268,0.7768653539906222,0.9794570110598628,0.038473196524989636,64.27792645899156,32.088666474142315,32.15385684991696,13.061933202803932,54.79323723312498,10.283627174176674,2214.11798671582,210.95400691377944,213.2321929931641,191.2321014404297,218.46450805664065,6.261057978334337,14555.826477050781,211.97101449275362,214.0,196.0,219.0,5.487877052549954,14626.0,61.492753623188406,67.0,9.0,109.0,25.88797880711852,4243.0,58.930019544518515,59.96025085449219,26.475418090820312,96.0182113647461,16.192154021182432,4066.1713485717773,152.02398736926094,152.21983337402344,101.17118072509766,190.1305694580078,19.131313565592958,10489.655128479004,19.463707124878646,20.01923076923077,7.485714285714286,28.97435897435897,4.7759109986481265,1342.9957916166265,150.47826086956522,146.0,92.0,209.0,27.73342573165636,10383.0,-0.025500345726130916,-0.0802969581819012,-1.537152009631379,1.5490013546821924,0.9569173129699587,-1.7595238551030332,137.40399012434335,132.0243866176395,47.31370849898476,257.5218613006978,53.90325855436597,9480.87531857969,,,,,,0.0,,,,,,0.0,0.130625,0.130625,0.130625,0.130625,0.0,9.013124999999999,0.186606,0.186606,0.186606,0.186606,0.0,12.875814,7.655500000000001,7.6555,7.6555,7.6555,0.0,528.2295,5.3589,5.3589,5.3589,5.3589,0.0,369.76410000000004,0.014492753623188406,0.0,0,1,0.12038585308576918,1,43.27536231884058,40.0,16.0,92.0,20.908683854527027,2986.0,0.8608810390464836,0.8756698821007503,0.6739705326785039,0.9571428571428572,0.07055410003717606,59.40079169420737,74
malchow_project\images\IMG_0716.jpg,IMG_0716.jpg,IMG-0716__qr-NOQR__b3e06b72,76,,,1.0,14.0,442.0,True,FeleNete | R4s | X= 1;y =14,442.0,0.7,4705.0,3138.0,3294.0,2197.0,True,FeleNete | R4s | X= 1;y =14,none,,,,,,,,,,,,,,,,,,,,,,,,,0.14,428.0,214.0,,,,,428.0,,,,,,214.0,,malchow_project\analysis\output\metadata\IMG-0716__qr-NOQR__b3e06b72__qr.txt,malchow_project\analysis\output\metadata\IMG-0716__qr-NOQR__b3e06b72__qr.json,container_interior_v2_raw,263.0,3294.0,0.0,2197.0,3031.0,2197.0,working_pixels,container_interior_v2_raw,"{""left"": 0, ""right"": 3138, ""top"": 374, ""bottom"": 4323}","[384, 4705, 0, 3138]","[1569, 2348]","{""left"": 0, ""right"": 0, ""top"": 0, ""bottom"": 0}",12738423.0,12.0,True,0.0,1.0,75.0,75.0,75.0,0.0,0.0,75.0,49.0,31.0,0.0,0.0,3.0,106.0,103.0,True,F:\claude_larvae_collection\analysis\models\larva_candidate_classifier_retrained.pt,0.5,128.0,raw_isolated_mask,64.0,103.0,89.0,14.0,89.0,0.9374899667477936,0.9374899667477936,13.0,malchow_project\analysis\output\labels\IMG-0716__qr-NOQR__b3e06b72__labels.tif,malchow_project\analysis\output\labels\IMG-0716__qr-NOQR__b3e06b72__labels_full_working.tif,malchow_project\analysis\output\labels\IMG-0716__qr-NOQR__b3e06b72__labels_full_original.tif,malchow_project\analysis\output\overlays\IMG-0716__qr-NOQR__b3e06b72__labeled.png,original_pixels,malchow_project\analysis\output\stats\IMG-0716__qr-NOQR__b3e06b72__worms.csv,,,,1.0,14.0,R4S,442.0,,,high,72,72,878.9861111111111,677.0,92,2438,591.5409929018065,63287,3.0292254952665036,2.985400514854428,1.5789037463237812,4.965657431316428,0.7559225089684102,218.10423565918828,59.098277191107144,54.46167244066619,20.58710234549693,112.59367128020844,25.183281351097023,4255.075957759715,19.73926788153049,19.222291213991454,5.723558221714688,36.77345241084459,6.988654462600568,1421.2272874701953,128.0,128.0,128,128,0.0,9216,0.9547482058405876,0.9721396565437317,0.7096709609031677,0.9930303692817688,0.04675356290209439,68.74187082052231,0.5,0.5,0.5,0.5,0.0,36.0,2.0,2.0,2,2,0.0,144,0.0,0.0,0.0,0.0,0.0,0.0,0.0,0.0,0,0,0.0,0,0.9298657125735501,0.9422282023713927,0.773864797437968,0.9795125345953246,0.0431874307159444,66.9503313052956,31.664148123746177,29.359261657580486,10.82303275961202,55.71497114837561,10.871201889234685,2279.8186649097247,211.70414119296603,214.15523529052732,185.671142578125,218.995346069336,6.981022234064029,15242.698165893555,213.28472222222223,215.0,196.0,219.0,5.22104786099716,15356.5,62.423611111111114,66.0,9.0,110.0,24.72164184492218,4494.5,58.80751249525282,60.93451690673828,19.369400024414062,94.26594543457033,16.757284499162264,4234.140899658203,152.89662869771323,153.17347717285156,91.40519714355467,189.1528167724609,18.966692526994514,11008.557266235352,19.245674993621975,20.303030303030305,4.842105263157895,28.394736842105264,5.612260535283458,1385.6885995407822,150.86111111111111,149.0,87.0,206.0,26.51829321061938,10862.0,0.07495902209331808,0.1324580827170478,-1.5603355794450204,1.559649087767399,0.8734143851759862,5.397049590718901,136.26455468715932,123.29646455628165,45.55634918610404,259.62236636408613,55.368784845503605,9811.04793747547,,,,,,0.0,,,,,,0.0,0.129442,0.129442,0.129442,0.129442,0.0,9.319824,0.184917,0.184917,0.184917,0.184917,0.0,13.314024,7.7255,7.7255,7.7255,7.7255,0.0,556.236,5.4078,5.4078,5.4078,5.4078,0.0,389.3616,0.08333333333333333,0.0,0,4,0.49646638681731176,6,42.56944444444444,37.5,16.0,92.0,20.522626735818083,3065.0,0.8569205106448474,0.8656779331779332,0.6913319238900634,0.951559934318555,0.06488276614064065,61.69827676642901,76
malchow_project\images\IMG_0718.jpg,IMG_0718.jpg,IMG-0718__qr-NOQR__b1e4cedc,196,,11.0,,15.0,386.0,False,FelaNr:T1 | Ket;y= 15 | Ras,386.0,0.7,4705.0,3138.0,3294.0,2197.0,False,FelaNr:T1 | Ket;y= 15 | Ras,none,,,,,,,,,,,,,,,,,,,,,,,,,0.14,428.0,214.0,,,,,428.0,,,,,,214.0,,malchow_project\analysis\output\metadata\IMG-0718__qr-NOQR__b1e4cedc__qr.txt,malchow_project\analysis\output\metadata\IMG-0718__qr-NOQR__b1e4cedc__qr.json,container_interior_v2_raw,268.0,3294.0,0.0,2197.0,3026.0,2197.0,working_pixels,container_interior_v2_raw,"{""left"": 0, ""right"": 3138, ""top"": 381, ""bottom"": 4341}","[391, 4705, 0, 3138]","[1569, 2361]","{""left"": 0, ""right"": 0, ""top"": 0, ""bottom"": 0}",12752575.0,12.0,True,0.0,1.0,201.0,201.0,200.0,0.0,0.0,200.0,68.0,61.0,0.0,0.0,10.0,261.0,251.0,True,F:\claude_larvae_collection\analysis\models\larva_candidate_classifier_retrained.pt,0.5,128.0,raw_isolated_mask,64.0,251.0,207.0,44.0,207.0,0.9400940596457164,0.9400940596457164,11.0,malchow_project\analysis\output\labels\IMG-0718__qr-NOQR__b1e4cedc__labels.tif,malchow_project\analysis\output\labels\IMG-0718__qr-NOQR__b1e4cedc__labels_full_working.tif,malchow_project\analysis\output\labels\IMG-0718__qr-NOQR__b1e4cedc__labels_full_original.tif,malchow_project\analysis\output\overlays\IMG-0718__qr-NOQR__b1e4cedc__labeled.png,original_pixels,malchow_project\analysis\output\stats\IMG-0718__qr-NOQR__b1e4cedc__worms.csv,,,11.0,,15.0,R4S,386.0,,,low,193,193,1145.9222797927462,1102.0,200,2490,600.0403625060918,221163,3.964178054241,4.036170781531429,1.9535513408723963,5.3389277135565845,0.6515233026471021,765.086364468513,78.67737263259622,82.62916937555188,27.07489021181428,130.92287519707264,25.88842543917497,15184.732918091071,19.868930230317567,18.69250009847152,8.229862853738592,41.74816541180002,6.19372829888308,3834.7035344512906,128.0,128.0,128,128,0.0,24704,0.9547518568953084,0.9650887250900269,0.7185211181640625,0.9919074773788452,0.03778970360603339,184.26710838079453,0.5,0.5,0.5,0.5,0.0,96.5,2.0,2.0,2,2,0.0,386,0.0,0.0,0.0,0.0,0.0,0.0,0.0,0.0,0,0,0.0,0,0.963654708832002,0.968821545886112,0.8590520400678251,0.9823020859960552,0.01869152367549661,185.98535880457638,36.722030136424856,37.45810964661924,15.957691216057308,56.30600737390776,10.540480115751773,7087.351816329997,208.14221539275016,209.2771911621093,187.07574462890625,225.96237182617188,7.629341414086436,40171.44757080078,210.3678756476684,213.0,196.0,226.0,6.907454016094251,40601.0,61.66839378238342,66.0,17.0,110.0,22.185859939628088,11902.0,55.54625943040601,58.350830078125,13.15435791015625,89.09934997558594,16.195155027406148,10720.42807006836,152.59595596234416,150.4076690673828,116.59146118164062,188.7795867919922,16.291346226415726,29451.019500732422,18.15922766324049,18.25531914893617,7.74074074074074,27.23809523809524,4.059598785622501,3504.7309390054143,148.69948186528498,144.0,98.0,200.0,22.633581469727783,28699.0,0.038935577367137,-0.0247404438250855,-1.5615921486311637,1.56034240978218,0.8943319393147731,7.514566431857442,172.22791131522555,175.6223663640862,62.18376618407356,309.32085117392114,57.01023900903323,33239.98688383853,,,,,,0.0,,,,,,0.0,0.129442,0.129442,0.129442,0.129442,0.0,24.982306,0.184917,0.184917,0.184917,0.184917,0.0,35.688981,7.7255,7.7255,7.7255,7.7255,0.0,1491.0215,5.4078,5.4078,5.4078,5.4078,0.0,1043.7054,0.22279792746113988,0.0,0,4,0.821012107601962,43,59.62176165803109,60.0,16.0,129.0,22.805037432485477,11507.0,0.8422560510107152,0.8490652074783401,0.5222063037249284,0.962290502793296,0.06814154843191747,162.55541784506804,196
malchow_project\images\IMG_0719.jpg,IMG_0719.jpg,IMG-0719__qr-NOQR__4cd3d5bb,195,,11.0,7.0,15.0,,False,FeleNrd | P | Xe;y=15,,0.7,4705.0,3138.0,3294.0,2197.0,False,FeleNrd | P | Xe;y=15,none,,,,,,,,,,,,,,,,,,,,,,,,,0.14,428.0,214.0,,,,,428.0,,,,,,214.0,,malchow_project\analysis\output\metadata\IMG-0719__qr-NOQR__4cd3d5bb__qr.txt,malchow_project\analysis\output\metadata\IMG-0719__qr-NOQR__4cd3d5bb__qr.json,container_interior_v2_raw,211.0,3294.0,0.0,2197.0,3083.0,2197.0,working_pixels,container_interior_v2_raw,"{""left"": 0, ""right"": 3138, ""top"": 299, ""bottom"": 4314}","[309, 4705, 0, 3138]","[1569, 2306]","{""left"": 0, ""right"": 0, ""top"": 0, ""bottom"": 0}",12795764.0,12.0,True,0.0,1.0,197.0,197.0,197.0,0.0,0.0,197.0,48.0,21.0,0.0,0.0,0.0,218.0,218.0,True,F:\claude_larvae_collection\analysis\models\larva_candidate_classifier_retrained.pt,0.5,128.0,raw_isolated_mask,64.0,218.0,206.0,12.0,206.0,0.9258275556663164,0.9258275556663164,11.0,malchow_project\analysis\output\labels\IMG-0719__qr-NOQR__4cd3d5bb__labels.tif,malchow_project\analysis\output\labels\IMG-0719__qr-NOQR__4cd3d5bb__labels_full_working.tif,malchow_project\analysis\output\labels\IMG-0719__qr-NOQR__4cd3d5bb__labels_full_original.tif,malchow_project\analysis\output\overlays\IMG-0719__qr-NOQR__4cd3d5bb__labeled.png,original_pixels,malchow_project\analysis\output\stats\IMG-0719__qr-NOQR__4cd3d5bb__worms.csv,,,11.0,7.0,15.0,R4S,,,,,195,195,1145.3384615384616,1093.0,151,2386,633.8265790229779,223341,3.9646493384757315,4.003053894850942,1.87928218074598,6.470987920053964,0.6698104687356699,773.1066210027676,78.22996178324611,83.94168392673136,23.539545833714254,118.97534610936646,27.07587186945049,15254.842547732993,19.729866886527876,18.40287892660056,6.127112716738572,33.12058374900759,6.518860497516833,3847.324042872936,128.0,128.0,128,128,0.0,24960,0.9514684777993422,0.9652682542800904,0.7014986276626587,0.9926584362983704,0.04200372550511945,185.53635317087173,0.5,0.5,0.5,0.5,0.0,97.5,2.0,2.0,2,2,0.0,390,0.0,0.0,0.0,0.0,0.0,0.0,0.0,0.0,0,0,0.0,0,0.9639779351851345,0.9682950609359582,0.8466701621917488,0.98798717240986,0.016806829954179942,187.97569736110123,36.471774378030155,37.3048364477789,13.86575534383214,55.117597496063794,11.347255341815575,7111.996003715881,207.08928715632513,208.0791015625,178.18902587890625,220.89419555664065,8.928945486948207,40382.4109954834,210.4205128205128,212.0,196.0,221.0,6.91685448916767,41032.0,60.84871794871795,64.0,2.0,117.0,22.399176989147858,11865.5,53.62515423114483,55.5283203125,-3.8367767333984375,94.45771026611328,17.361812889577305,10456.905075073242,153.46413292518028,151.94503784179688,110.6312026977539,195.01324462890625,16.408995227108406,29925.505920410156,18.02831135764804,18.558823529411764,5.807692307692308,28.0,4.833249541215877,3515.5207147413676,149.57179487179488,147.0,97.0,198.0,22.583863739426977,29166.5,-0.01756192266418394,-0.1102645689315927,-1.56085376067511,1.569759740597376,0.9758219606805134,-3.4245749195158686,171.3375412362354,178.5685424949238,57.941125496954285,263.7228714274745,59.422189907835474,33410.82054106591,,,,,,0.0,,,,,,0.0,0.129762,0.129762,0.129762,0.129762,0.0,25.303589999999996,0.185375,0.185375,0.185375,0.185375,0.0,36.148125,7.7064,7.7064,7.7064,7.7064,0.0,1502.748,5.3945,5.3945,5.3945,5.3945,0.0,1051.9275,0.21025641025641026,0.0,0,5,0.8384432284400325,41,59.00512820512821,60.0,15.0,97.0,22.32711296979421,11506.0,0.8386065037200688,0.8437190900098912,0.6029556650246305,0.955631399317406,0.06538003019569565,163.52826822541343,195
malchow_project\images\IMG_0721.jpg,IMG_0721.jpg,IMG-0721__qr-NOQR__6247f5a4,455,,,1.0,16.0,437.0,True,FeldNr | Ras | X=1;y = 16,437.0,0.7,4705.0,3138.0,3294.0,2197.0,True,FeldNr | Ras | X=1;y = 16,none,,,,,,,,,,,,,,,,,,,,,,,,,0.14,428.0,214.0,,,,,428.0,,,,,,214.0,,malchow_project\analysis\output\metadata\IMG-0721__qr-NOQR__6247f5a4__qr.txt,malchow_project\analysis\output\metadata\IMG-0721__qr-NOQR__6247f5a4__qr.json,container_interior_v2_raw,279.0,3294.0,0.0,2197.0,3015.0,2197.0,working_pixels,container_interior_v2_raw,"{""left"": 0, ""right"": 3138, ""top"": 397, ""bottom"": 4337}","[407, 4705, 0, 3138]","[1569, 2367]","{""left"": 0, ""right"": 0, ""top"": 0, ""bottom"": 0}",12848630.0,12.0,True,0.0,1.0,456.0,456.0,455.0,0.0,0.0,455.0,45.0,27.0,0.0,0.0,8.0,482.0,474.0,True,F:\claude_larvae_collection\analysis\models\larva_candidate_classifier_retrained.pt,0.5,128.0,raw_isolated_mask,64.0,474.0,462.0,12.0,462.0,0.9506213432911303,0.9506213432911303,7.0,malchow_project\analysis\output\labels\IMG-0721__qr-NOQR__6247f5a4__labels.tif,malchow_project\analysis\output\labels\IMG-0721__qr-NOQR__6247f5a4__labels_full_working.tif,malchow_project\analysis\output\labels\IMG-0721__qr-NOQR__6247f5a4__labels_full_original.tif,malchow_project\analysis\output\overlays\IMG-0721__qr-NOQR__6247f5a4__labeled.png,original_pixels,malchow_project\analysis\output\stats\IMG-0721__qr-NOQR__6247f5a4__worms.csv,,,,1.0,16.0,R4S,437.0,,,high,445,445,950.3932584269663,920.0,153,2438,443.88260911548423,422925,3.755117384984046,3.772312436441663,1.5399160670599126,5.618335058121375,0.6050526241471141,1671.0272363179004,69.81739578844487,70.28977094303946,20.67601312862112,119.3371531511894,20.939399963758223,31068.741125857967,18.515074374013604,17.577690570306775,8.638423444555007,33.21807416413402,4.619527729078012,8239.208096436054,128.0,128.0,128,128,0.0,56960,0.9412457066975283,0.9628294110298156,0.588685154914856,0.9951158761978148,0.060067703623481156,418.8543394804001,0.5,0.5,0.5,0.5,0.0,222.5,2.0,2.0,2,2,0.0,890,0.0,0.0,0.0,0.0,0.0,0.0,0.0,0.0,0,0,0.0,0,0.959661675908438,0.9642238410680803,0.760458919526294,0.9840325362387584,0.02140436247474914,427.0494457792549,33.83159362421202,34.225434710991614,13.957279475043832,55.71497114837561,8.102411896731471,15055.059162774349,205.57657275253467,206.82281494140625,175.22366333007812,228.0815277099609,9.116995830833911,91481.57487487793,210.38202247191012,212.0,193.0,228.0,6.857470474292957,93620.0,52.63932584269663,50.0,-1.0,125.0,25.25531171486028,23424.5,45.81336692209994,44.884063720703125,-3.654953002929688,90.2965316772461,18.916649569371398,20386.948280334473,159.76320583043474,161.55224609375,114.42160034179688,193.92955017089844,18.401639629920307,71094.62659454346,17.674209908523764,17.618181818181817,7.911764705882353,27.22093023255814,3.4914097697820274,7865.023409293075,157.74269662921347,161.0,89.0,204.5,25.971280429086054,70195.5,0.016385955743364117,0.0455203496640238,-1.5578591857240536,1.5629117227116065,0.909136019775318,7.2917503057970325,154.10250748081438,154.0243866176395,51.941125496954285,270.1492782986673,44.820785580910695,68575.6158289624,,,,,,0.0,,,,,,0.0,0.129869,0.129869,0.129869,0.129869,0.0,57.79170500000001,0.185528,0.185528,0.185528,0.185528,0.0,82.55996,7.7,7.7,7.7,7.7,0.0,3426.5,5.39,5.39,5.39,5.39,0.0,2398.5499999999997,0.2966292134831461,0.0,0,7,1.0384987256606064,132,52.141573033707864,51.0,15.0,98.0,18.172848826117743,23203.0,0.8579355042451963,0.8683351468988031,0.5850340136054422,0.958968347010551,0.06273910613396064,381.78129938911235,455
malchow_project\images\IMG_0723.jpg,IMG_0723.jpg,IMG-0723__qr-NOQR__0518f390,471,,412.0,1.0,16.0,437.0,False,FeldNr:412 | Ras | Xet;y= 16,437.0,0.7,4705.0,3138.0,3294.0,2197.0,False,FeldNr:412 | Ras | Xet;y= 16,none,,,,,,,,,,,,,,,,,,,,,,,,,0.14,428.0,214.0,,,,,428.0,,,,,,214.0,,malchow_project\analysis\output\metadata\IMG-0723__qr-NOQR__0518f390__qr.txt,malchow_project\analysis\output\metadata\IMG-0723__qr-NOQR__0518f390__qr.json,container_interior_v2_raw,261.0,3294.0,0.0,2197.0,3033.0,2197.0,working_pixels,container_interior_v2_raw,"{""left"": 0, ""right"": 3138, ""top"": 370, ""bottom"": 4332}","[380, 4705, 0, 3138]","[1569, 2351]","{""left"": 0, ""right"": 0, ""top"": 0, ""bottom"": 0}",13454604.0,12.0,True,0.0,1.0,472.0,472.0,471.0,0.0,0.0,471.0,90.0,39.0,0.0,0.0,8.0,510.0,502.0,True,F:\claude_larvae_collection\analysis\models\larva_candidate_classifier_retrained.pt,0.5,128.0,raw_isolated_mask,64.0,502.0,492.0,10.0,492.0,0.98953327987795,0.98953327987795,21.0,malchow_project\analysis\output\labels\IMG-0723__qr-NOQR__0518f390__labels.tif,malchow_project\analysis\output\labels\IMG-0723__qr-NOQR__0518f390__labels_full_working.tif,malchow_project\analysis\output\labels\IMG-0723__qr-NOQR__0518f390__labels_full_original.tif,malchow_project\analysis\output\overlays\IMG-0723__qr-NOQR__0518f390__labeled.png,original_pixels,malchow_project\analysis\output\stats\IMG-0723__qr-NOQR__0518f390__worms.csv,,,412.0,1.0,16.0,R4S,437.0,,,high,442,442,949.3778280542987,908.5,147,3233,460.2354418239844,419625,3.749430069559123,3.797747570735618,1.573300390774147,6.368392422555938,0.6243206388979976,1657.2480907451325,69.85693771027168,69.52904013784581,22.05616788782902,191.7463934647777,22.082558913233587,30876.766467940084,18.602290396289284,17.50974634242236,8.012552577321754,64.04341443328087,5.293936931912145,8222.212355159863,128.0,128.0,128,128,0.0,56576,0.941840105331861,0.9626381099224091,0.5125433802604675,0.99055415391922,0.05913038615666376,416.2933265566826,0.5,0.5,0.5,0.5,0.0,221.0,2.0,2.0,2,2,0.0,884,0.0,0.0,0.0,0.0,0.0,0.0,0.0,0.0,0,0,0.0,0,0.9596964007648396,0.9647101742624926,0.772013173889955,0.9875945486707438,0.01901461678822258,424.18580913805914,33.7652793015741,34.010851779979504,13.680870333281758,64.15904806127334,8.297413444062045,14924.253451295752,204.5790025011986,205.7402572631836,69.40027618408203,227.5122833251953,11.088085709337854,90423.91910552979,210.03054298642533,212.0,21.0,228.0,11.469849826100425,92833.5,52.9683257918552,49.0,2.0,124.0,25.105900714879986,23412.0,45.59770340293781,43.921775817871094,2.6281890869140625,95.862060546875,18.91658307444089,20154.18490409851,158.9812990982608,159.51752471923828,21.69444465637207,197.2552795410156,18.780088313458286,70269.73420143127,17.231504928980115,17.238368910782704,5.88,29.625,3.55857121003765,7616.325178609211,157.06221719457014,160.25,17.0,208.0,25.75730700223028,69421.5,0.04574650413054385,0.13773067842015885,-1.56239976505545,1.56539473059414,0.9145602450732586,20.21995482570038,154.89721722696822,153.8705806953521,54.45584412271571,433.3868683519033,48.210209767020515,68464.57001431995,,,,,,0.0,,,,,,0.0,0.130192,0.130192,0.130192,0.130192,0.0,57.544864000000004,0.185989,0.185989,0.185989,0.185989,0.0,82.207138,7.681,7.681,7.681,7.681,0.0,3395.002,5.3767,5.3767,5.3767,5.3767,0.0,2376.5013999999996,0.45248868778280543,0.0,0,12,1.3226633119706601,200,53.36877828054298,51.0,17.0,163.0,19.39965688853557,23589.0,0.8540504406068176,0.8680977929666496,0.4787704130643612,0.9569691300280636,0.06678041937497738,377.4902947482134,471
malchow_project\images\IMG_0725.jpg,IMG_0725.jpg,IMG-0725__qr-NOQR__c00fa07b,127,,13.0,1.0,17.0,,False,eleNr8 | R | Ket;ye 17,,0.7,4705.0,3138.0,3294.0,2197.0,False,eleNr8 | R | Ket;ye 17,none,,,,,,,,,,,,,,,,,,,,,,,,,0.14,428.0,214.0,,,,,428.0,,,,,,214.0,,malchow_project\analysis\output\metadata\IMG-0725__qr-NOQR__c00fa07b__qr.txt,malchow_project\analysis\output\metadata\IMG-0725__qr-NOQR__c00fa07b__qr.json,container_interior_v2_raw,284.0,3294.0,0.0,2197.0,3010.0,2197.0,working_pixels,container_interior_v2_raw,"{""left"": 0, ""right"": 3138, ""top"": 403, ""bottom"": 4344}","[413, 4705, 0, 3138]","[1569, 2373]","{""left"": 0, ""right"": 0, ""top"": 0, ""bottom"": 0}",12719970.0,12.0,True,0.0,1.0,118.0,118.0,118.0,0.0,0.0,118.0,81.0,57.0,0.0,0.0,19.0,175.0,156.0,True,F:\claude_larvae_collection\analysis\models\larva_candidate_classifier_retrained.pt,0.5,128.0,raw_isolated_mask,64.0,156.0,138.0,18.0,138.0,0.9426619204381692,0.9426619204381692,11.0,malchow_project\analysis\output\labels\IMG-0725__qr-NOQR__c00fa07b__labels.tif,malchow_project\analysis\output\labels\IMG-0725__qr-NOQR__c00fa07b__labels_full_working.tif,malchow_project\analysis\output\labels\IMG-0725__qr-NOQR__c00fa07b__labels_full_original.tif,malchow_project\analysis\output\overlays\IMG-0725__qr-NOQR__c00fa07b__labeled.png,original_pixels,malchow_project\analysis\output\stats\IMG-0725__qr-NOQR__c00fa07b__worms.csv,,,13.0,1.0,17.0,R4S,,,,,121,121,999.7190082644628,999.0,98,2378,572.427378554702,120966,3.8656053758747526,3.888980404172975,1.8683854033431089,7.419221029553635,0.7334105409682681,467.73825048084507,72.39095493742491,75.03513324612797,23.813609636748748,119.61144252066195,26.452669191498334,8759.305547428414,18.735803358318094,18.054228901052408,5.723163585004253,33.56609671661889,6.325058738116857,2267.0322063564895,128.0,128.0,128,128,0.0,15488,0.949762336971346,0.9693881273269652,0.5661901831626892,0.9904910326004028,0.06415549911292287,114.92124277353287,0.5,0.5,0.5,0.5,0.0,60.5,2.0,2.0,2,2,0.0,242,0.0,0.0,0.0,0.0,0.0,0.0,0.0,0.0,0,0,0.0,0,0.9606935600822242,0.9663750115580576,0.8447117661059892,0.9908748624875998,0.022473556164786395,116.24392076994913,33.96884527929533,35.66463661935206,11.170383851240114,55.02511824049283,10.954039728862767,4110.230278794735,210.30296376125872,212.6168365478516,186.49435424804688,220.908203125,7.290148331345037,25446.658615112305,211.30578512396696,213.0,192.0,221.0,6.392499478824927,25568.0,63.79752066115702,67.0,19.0,109.5,22.799449784332943,7719.5,58.4904581495553,61.405029296875,19.706024169921875,94.01321411132812,16.56544067604656,7077.345436096191,151.81250561170341,150.63999938964844,99.59780883789062,189.7889862060547,18.20164868085775,18369.313179016113,17.49923365669177,18.203703703703702,4.666666666666667,27.97647058823529,4.613431758544687,2117.4072724597045,147.5082644628099,145.0,96.0,200.0,24.718665642171636,17848.5,0.1406288103481194,0.3552725037334883,-1.5297395167470402,1.561452342440118,0.9438384768876653,17.016086052122446,158.20433337164823,162.99494936611666,51.59797974644667,259.26197667087547,57.910722353630625,19142.724337969437,,,,,,0.0,,,,,,0.0,0.129977,0.129977,0.129977,0.129977,0.0,15.727217000000001,0.185681,0.185681,0.185681,0.185681,0.0,22.467401000000002,7.6937,7.6937,7.6937,7.6937,0.0,930.9377,5.3856,5.3856,5.3856,5.3856,0.0,651.6576,0.12396694214876033,0.0,0,4,0.6778673411748091,15,53.14876033057851,53.0,16.0,96.0,22.19671941114452,6431.0,0.8345148800844191,0.8365867261572784,0.6561561561561562,0.9560185185185184,0.06548549272339031,100.97630049021471,127
malchow_project\images\IMG_0726.jpg,IMG_0726.jpg,IMG-0726__qr-NOQR__223fae5d,137,,5.0,1.0,6.0,177.0,True,AaEeee Aea | Kereeena eennea | FeldNEi5 | Ras | 177 | Xet;ye17,177.0,0.7,4705.0,3138.0,3294.0,2197.0,True,AaEeee Aea | Kereeena eennea | FeldNEi5 | Ras | 177 | Xet;ye17,none,,,,,,,,,,,,,,,,,,,,,,,,,0.14,428.0,214.0,,,,,428.0,,,,,,214.0,,malchow_project\analysis\output\metadata\IMG-0726__qr-NOQR__223fae5d__qr.txt,malchow_project\analysis\output\metadata\IMG-0726__qr-NOQR__223fae5d__qr.json,container_interior_v2_raw,277.0,3294.0,0.0,2197.0,3017.0,2197.0,working_pixels,container_interior_v2_raw,"{""left"": 0, ""right"": 3138, ""top"": 393, ""bottom"": 4353}","[403, 4705, 0, 3138]","[1569, 2373]","{""left"": 0, ""right"": 0, ""top"": 0, ""bottom"": 0}",12675444.0,12.0,True,0.0,1.0,116.0,116.0,116.0,0.0,0.0,116.0,120.0,74.0,0.0,0.0,17.0,190.0,173.0,True,F:\claude_larvae_collection\analysis\models\larva_candidate_classifier_retrained.pt,0.5,128.0,raw_isolated_mask,64.0,173.0,147.0,26.0,147.0,0.9371793790580428,0.9371793790580428,10.0,malchow_project\analysis\output\labels\IMG-0726__qr-NOQR__223fae5d__labels.tif,malchow_project\analysis\output\labels\IMG-0726__qr-NOQR__223fae5d__labels_full_working.tif,malchow_project\analysis\output\labels\IMG-0726__qr-NOQR__223fae5d__labels_full_original.tif,malchow_project\analysis\output\overlays\IMG-0726__qr-NOQR__223fae5d__labeled.png,original_pixels,malchow_project\analysis\output\stats\IMG-0726__qr-NOQR__223fae5d__worms.csv,,,5.0,1.0,6.0,R4S,177.0,,,low,125,125,958.208,933.0,68,2465,584.4768034802164,119776,3.991789684995399,3.954952921782421,1.7999450666336,7.47828185204552,0.8500923463608917,498.9737106244249,71.465549780194,72.8157145188406,20.671957837524666,122.40325587479468,26.490759230355767,8933.19372252425,18.170599629971555,17.544360797699344,5.137704468887379,33.67531754934597,6.530493295669598,2271.3249537464444,128.0,128.0,128,128,0.0,16000,0.9407094855308533,0.9702098369598388,0.5413468480110168,0.992935597896576,0.07525529951613627,117.58868569135666,0.5,0.5,0.5,0.5,0.0,62.5,2.0,2.0,2,2,0.0,250,0.0,0.0,0.0,0.0,0.0,0.0,0.0,0.0,0,0,0.0,0,0.9624922363141611,0.9675061428680032,0.8314680903233239,0.9910190781008372,0.02170437374022831,120.31152953927014,33.06160806140088,34.46639660942099,9.304852983362556,56.02263362045894,11.312923939476734,4132.70100767511,210.03694702148437,211.72903442382807,185.0500030517578,219.29920959472656,6.969854323489312,26254.618377685547,211.352,213.0,194.0,219.0,5.959887420456552,26419.0,64.56,68.0,7.0,126.0,24.165307711142297,8070.0,58.93789581298828,60.5008544921875,7.8049774169921875,105.72618103027344,18.51862264672809,7367.236976623535,151.0990512084961,151.4730682373047,88.33160400390625,205.73443603515625,20.013791313131627,18887.38140106201,16.358299711115652,17.050847457627118,3.4,31.041666666666668,5.259160736625406,2044.7874638894566,146.792,144.0,84.0,208.0,25.074741821589207,18349.0,-0.014009431484756705,-0.0928808116539942,-1.506166345481086,1.5684749754599263,0.9097381258509905,-1.7511789355945881,156.19546339237633,155.88225099390857,41.89949493661167,266.8528137423857,57.67463777907879,19524.43292404704,,,,,,0.0,,,,,,0.0,0.130084,0.130084,0.130084,0.130084,0.0,16.2605,0.185835,0.185835,0.185835,0.185835,0.0,23.229375,7.6873,7.6873,7.6873,7.6873,0.0,960.9124999999999,5.3811,5.3811,5.3811,5.3811,0.0,672.6375,0.48,0.0,0,32,3.0994276266599976,60,53.896,53.0,15.0,103.0,21.35220166936028,6737.0,0.8222870396908796,0.8309468822170901,0.5074626865671642,0.9498327759197324,0.08119852853411702,102.78587996135995,137
malchow_project\images\IMG_0728.jpg,IMG_0728.jpg,IMG-0728__qr-NOQR__33d4e9a6,431,,,1.0,18.0,408.0,True,Leee[e] i Ena | P4S | 408 | x =1;y = 18,408.0,0.7,4705.0,3138.0,3294.0,2197.0,True,Leee[e] i Ena | P4S | 408 | x =1;y = 18,none,,,,,,,,,,,,,,,,,,,,,,,,,0.14,428.0,214.0,,,,,428.0,,,,,,214.0,,malchow_project\analysis\output\metadata\IMG-0728__qr-NOQR__33d4e9a6__qr.txt,malchow_project\analysis\output\metadata\IMG-0728__qr-NOQR__33d4e9a6__qr.json,container_interior_v2_raw,284.0,3294.0,0.0,2197.0,3010.0,2197.0,working_pixels,container_interior_v2_raw,"{""left"": 0, ""right"": 3138, ""top"": 404, ""bottom"": 4343}","[414, 4705, 0, 3138]","[1569, 2373]","{""left"": 0, ""right"": 0, ""top"": 0, ""bottom"": 0}",12802928.0,12.0,True,0.0,1.0,451.0,451.0,451.0,0.0,0.0,451.0,128.0,62.0,0.0,0.0,27.0,513.0,486.0,True,F:\claude_larvae_collection\analysis\models\larva_candidate_classifier_retrained.pt,0.5,128.0,raw_isolated_mask,64.0,486.0,455.0,31.0,455.0,0.9488902868151526,0.9488902868151526,24.0,malchow_project\analysis\output\labels\IMG-0728__qr-NOQR__33d4e9a6__labels.tif,malchow_project\analysis\output\labels\IMG-0728__qr-NOQR__33d4e9a6__labels_full_working.tif,malchow_project\analysis\output\labels\IMG-0728__qr-NOQR__33d4e9a6__labels_full_original.tif,malchow_project\analysis\output\overlays\IMG-0728__qr-NOQR__33d4e9a6__labeled.png,original_pixels,malchow_project\analysis\output\stats\IMG-0728__qr-NOQR__33d4e9a6__worms.csv,,,,1.0,18.0,R4S,408.0,,,high,424,424,896.4316037735849,902.5,149,2884,469.2135314550242,380087,3.6994757371977243,3.7360980499442,1.5228593495095546,7.937516947954107,0.7137507387425689,1568.577712571835,67.2065245823291,70.50987884473213,18.099178464567604,122.0609686038718,22.763819914177137,28495.566422907537,18.021597734387367,17.699968897854575,6.851380435089855,60.73653983459982,5.236167047903333,7641.157439380244,128.0,128.0,128,128,0.0,54272,0.9368974538344257,0.95767942070961,0.5799694657325745,0.9925090670585632,0.058784006102176,397.2445204257965,0.5,0.5,0.5,0.5,0.0,212.0,2.0,2.0,2,2,0.0,848,0.0,0.0,0.0,0.0,0.0,0.0,0.0,0.0,0,0,0.0,0,0.9576567404450155,0.963513722277609,0.7541872128047279,0.9920322757021872,0.021478264095240653,406.04645794868657,32.611402280101544,33.89835690633093,13.773623058786647,60.59721814585394,8.834743626442174,13827.234566763054,204.40750514336352,204.8881607055664,174.6670684814453,221.59259033203125,8.058352142910172,86668.78218078613,209.02948113207546,210.5,183.0,224.0,6.70959256246257,88628.5,45.07783018867924,40.0,4.0,109.0,22.46494151276698,19113.0,43.093415242321086,40.65447998046875,4.393234252929688,100.11070251464844,16.563328999159825,18271.60806274414,161.31408990104242,163.48998260498047,97.14491271972656,194.2751922607422,16.671919188123244,68397.17411804199,17.115309313554178,17.206060606060603,6.208333333333333,29.13131313131313,3.6407162588402895,7256.891148946972,163.95165094339623,168.75,96.0,208.0,23.079585754337508,69515.5,0.07192134343904606,0.1783789939090746,-1.5699944800941883,1.5616315717321736,0.9084214794614986,30.494649618155528,148.65816443512767,154.16652224137047,49.8700576850888,352.492424049175,49.62326018691108,63031.06172049413,,,,,,0.0,,,,,,0.0,0.129977,0.129977,0.129977,0.129977,0.0,55.110248000000006,0.185681,0.185681,0.185681,0.185681,0.0,78.728744,7.6937,7.6937,7.6937,7.6937,0.0,3262.1288,5.3856,5.3856,5.3856,5.3856,0.0,2283.4944,0.27122641509433965,0.0,0,6,0.9400580464248529,115,50.39150943396226,50.0,15.0,131.0,19.810032169291755,21366.0,0.8554989101796275,0.8682590159351411,0.5265522875816994,0.9593908629441624,0.06719562591951718,362.7315379161621,431
malchow_project\images\IMG_0729.jpg,IMG_0729.jpg,IMG-0729__qr-NOQR__f4531bf8,442,,,1.0,18.0,408.0,True,KellMeeea | R4S | X=1;y =18,408.0,0.7,4705.0,3138.0,3294.0,2197.0,True,KellMeeea | R4S | X=1;y =18,none,,,,,,,,,,,,,,,,,,,,,,,,,0.14,428.0,214.0,,,,,428.0,,,,,,214.0,,malchow_project\analysis\output\metadata\IMG-0729__qr-NOQR__f4531bf8__qr.txt,malchow_project\analysis\output\metadata\IMG-0729__qr-NOQR__f4531bf8__qr.json,container_interior_v2_raw,278.0,3294.0,0.0,2197.0,3016.0,2197.0,working_pixels,container_interior_v2_raw,"{""left"": 0, ""right"": 3138, ""top"": 395, ""bottom"": 4337}","[405, 4705, 0, 3138]","[1569, 2366]","{""left"": 0, ""right"": 0, ""top"": 0, ""bottom"": 0}",12812096.0,12.0,True,0.0,1.0,455.0,455.0,455.0,0.0,0.0,455.0,92.0,53.0,0.0,0.0,13.0,508.0,495.0,True,F:\claude_larvae_collection\analysis\models\larva_candidate_classifier_retrained.pt,0.5,128.0,raw_isolated_mask,64.0,495.0,463.0,32.0,463.0,0.9476023188118836,0.9476023188118836,21.0,malchow_project\analysis\output\labels\IMG-0729__qr-NOQR__f4531bf8__labels.tif,malchow_project\analysis\output\labels\IMG-0729__qr-NOQR__f4531bf8__labels_full_working.tif,malchow_project\analysis\output\labels\IMG-0729__qr-NOQR__f4531bf8__labels_full_original.tif,malchow_project\analysis\output\overlays\IMG-0729__qr-NOQR__f4531bf8__labeled.png,original_pixels,malchow_project\analysis\output\stats\IMG-0729__qr-NOQR__f4531bf8__worms.csv,,,,1.0,18.0,R4S,408.0,,,high,434,434,902.9953917050691,882.5,127,2772,474.88399942695474,391900,3.687352223051971,3.7100350814898064,1.95808229438794,8.454063889684056,0.7543579967778382,1600.3108648045554,67.82852168891831,69.48778184092035,22.667016035552184,159.57952733816836,24.618675602199403,29437.57841299055,18.163170639922825,17.634051596702456,5.966309310677576,48.30230871851215,5.165021807505312,7882.816057726506,128.0,128.0,128,128,0.0,55552,0.9355107670830142,0.9558037519454956,0.5033702850341797,0.990365207195282,0.05813032081616301,406.01167291402817,0.5,0.5,0.5,0.5,0.0,217.0,2.0,2.0,2,2,0.0,868,0.0,0.0,0.0,0.0,0.0,0.0,0.0,0.0,0,0,0.0,0,0.9574093182410917,0.9629894097366565,0.8597567472111253,0.992979531250587,0.01918311615636559,415.5156441166338,32.71978330317616,33.520421519181085,12.716187407449045,59.40892204042984,8.906627052279621,14200.385953578452,203.25284569384314,204.71487426757812,176.87933349609375,217.98095703125,7.789557039641198,88211.73503112793,208.22811059907835,210.0,187.0,219.0,5.838159302654187,90371.0,42.71082949308756,38.75,2.0,111.0,22.01159463000392,18536.5,41.38825093985702,39.608604431152344,3.247787475585937,99.6442642211914,16.23951603034441,17962.50090789795,161.86459475398613,163.7279815673828,110.17272186279295,193.3584899902344,16.06798507699642,70249.23412322998,17.091586550368326,17.117508324084348,5.7727272727272725,29.48936170212766,3.5645241948534743,7417.748562859854,165.51728110599078,170.0,98.0,206.0,22.695296660586337,71834.5,-0.054025253028801394,-0.025601851442283302,-1.5691313158052695,1.5587065248230072,0.9007575582857699,-23.446959814499806,149.90617547012064,151.72539674441617,52.38477631085024,339.7827919510467,52.766815122189925,65059.28015403236,,,,,,0.0,,,,,,0.0,0.129869,0.129869,0.129869,0.129869,0.0,56.36314600000001,0.18552800000000003,0.185528,0.185528,0.185528,0.0,80.519152,7.7,7.7,7.7,7.7,0.0,3341.8,5.39,5.39,5.39,5.39,0.0,2339.2599999999998,0.30414746543778803,0.0,0,4,1.0009839669001954,132,50.96774193548387,50.0,15.0,140.0,20.978684243295636,22120.0,0.8504401800200224,0.8637301488058022,0.5228374585353407,0.9476923076923076,0.06946860247825615,369.0910381286897,442
malchow_project\images\IMG_0732.jpg,IMG_0732.jpg,IMG-0732__qr-NOQR__27b9be4d,357,,6.0,0.0,20.0,265.0,False,3eeeena | Cia Laa | FeldNAe6 | Ras | XF1;y = 20,265.0,0.7,4705.0,3138.0,3294.0,2197.0,False,3eeeena | Cia Laa | FeldNAe6 | Ras | XF1;y = 20,none,,,,,,,,,,,,,,,,,,,,,,,,,0.14,428.0,214.0,,,,,428.0,,,,,,214.0,,malchow_project\analysis\output\metadata\IMG-0732__qr-NOQR__27b9be4d__qr.txt,malchow_project\analysis\output\metadata\IMG-0732__qr-NOQR__27b9be4d__qr.json,container_interior_v2_raw,270.0,3048.0,11.0,2197.0,2778.0,2186.0,working_pixels,container_interior_v2_raw,"{""left"": 13, ""right"": 3138, ""top"": 383, ""bottom"": 4353}","[393, 4344, 23, 3138]","[1575, 2368]","{""left"": 0, ""right"": 0, ""top"": 0, ""bottom"": 0}",11459397.0,12.0,True,0.0,1.0,350.0,350.0,350.0,0.0,0.0,350.0,138.0,101.0,0.0,0.0,14.0,451.0,437.0,True,F:\claude_larvae_collection\analysis\models\larva_candidate_classifier_retrained.pt,0.5,128.0,raw_isolated_mask,64.0,437.0,365.0,72.0,365.0,0.9246891172768392,0.9246891172768392,8.0,malchow_project\analysis\output\labels\IMG-0732__qr-NOQR__27b9be4d__labels.tif,malchow_project\analysis\output\labels\IMG-0732__qr-NOQR__27b9be4d__labels_full_working.tif,malchow_project\analysis\output\labels\IMG-0732__qr-NOQR__27b9be4d__labels_full_original.tif,malchow_project\analysis\output\overlays\IMG-0732__qr-NOQR__27b9be4d__labeled.png,original_pixels,malchow_project\analysis\output\stats\IMG-0732__qr-NOQR__27b9be4d__worms.csv,,,6.0,0.0,20.0,R4S,265.0,,,med,355,355,1008.2957746478874,946.0,73,3078,582.3577296340985,357945,3.7859240178627536,3.846329443213124,1.9208804541393127,11.48673148401568,0.9303794227844097,1344.0030263412775,72.37035223247274,75.43580314578034,19.574167112333907,148.0317688501527,27.192806955620824,25691.475042527825,19.31142802767033,18.20664240525236,4.902832647720301,65.93483985193735,7.204666019242127,6855.556949822967,128.0,128.0,128,128,0.0,45440,0.9406592500041908,0.9602100253105164,0.5143038630485535,0.9924477338790894,0.058616170868246505,333.93403375148773,0.5,0.5,0.5,0.5,0.0,177.5,2.0,2.0,2,2,0.0,710,0.0,0.0,0.0,0.0,0.0,0.0,0.0,0.0,0,0,0.0,0,0.9579215765985242,0.9656118123579148,0.853803992691487,0.9962033349439656,0.023300542590059776,340.0621596924761,34.12003831898447,34.70568554746418,9.640875829802336,62.60216704471844,10.952760474819486,12112.613603239488,205.83662152357505,206.6909637451172,175.11822509765625,224.2547912597656,8.041550387671352,73072.00064086914,210.95492957746478,212.0,196.0,224.0,6.284965216889648,74889.0,61.364788732394366,61.0,2.0,139.0,22.69162031170304,21784.5,53.05584540568607,52.56932067871094,2.8336639404296875,111.72925567626952,18.13327485697845,18834.825119018555,152.78077611788896,152.5884552001953,98.68683624267578,201.3307037353516,17.378638713191403,54237.175521850586,16.818118502273773,17.29787234042553,3.65,28.0,4.739449188239873,5970.432068307189,149.59014084507044,151.0,72.0,203.0,23.058425883338067,53104.5,0.017097947688513856,0.0594797004509085,-1.5639227883091196,1.5581534127477494,0.9228693849964443,6.069771429422419,160.58154035197327,162.65180361560903,43.21320343559643,385.6883835420683,60.376488721399184,57006.44682495051,,,,,,0.0,,,,,,0.0,0.1303,0.1303,0.1303,0.1303,0.0,46.2565,0.186143,0.186143,0.186143,0.186143,0.0,66.080765,7.674600000000001,7.6746,7.6746,7.6746,0.0,2724.483,5.3722,5.3722,5.3722,5.3722,0.0,1907.131,0.4028169014084507,0.0,0,9,1.204273444250555,143,55.99154929577465,57.0,15.0,148.0,23.388935445317262,19877.0,0.8242923474339771,0.8363533408833522,0.4665354330708661,0.9471766848816028,0.07548498770671327,292.62378333906184,357
malchow_project\images\IMG_0733.jpg,IMG_0733.jpg,IMG-0733__qr-NOQR__a86acaca,356,,,0.0,20.0,265.0,True,Kaeea Bue | Feanaeire Rasa | Felieea | R4S | x=1;y = 20,265.0,0.7,4705.0,3138.0,3294.0,2197.0,True,Kaeea Bue | Feanaeire Rasa | Felieea | R4S | x=1;y = 20,none,,,,,,,,,,,,,,,,,,,,,,,,,0.14,428.0,214.0,,,,,428.0,,,,,,214.0,,malchow_project\analysis\output\metadata\IMG-0733__qr-NOQR__a86acaca__qr.txt,malchow_project\analysis\output\metadata\IMG-0733__qr-NOQR__a86acaca__qr.json,container_interior_v2_raw,271.0,3294.0,0.0,2197.0,3023.0,2197.0,working_pixels,container_interior_v2_raw,"{""left"": 0, ""right"": 3138, ""top"": 385, ""bottom"": 4339}","[395, 4705, 0, 3138]","[1569, 2362]","{""left"": 0, ""right"": 0, ""top"": 0, ""bottom"": 0}",12759469.0,12.0,True,0.0,1.0,355.0,355.0,355.0,0.0,0.0,355.0,94.0,85.0,0.0,0.0,20.0,440.0,420.0,True,F:\claude_larvae_collection\analysis\models\larva_candidate_classifier_retrained.pt,0.5,128.0,raw_isolated_mask,64.0,420.0,367.0,53.0,367.0,0.9415149910464922,0.9415149910464922,11.0,malchow_project\analysis\output\labels\IMG-0733__qr-NOQR__a86acaca__labels.tif,malchow_project\analysis\output\labels\IMG-0733__qr-NOQR__a86acaca__labels_full_working.tif,malchow_project\analysis\output\labels\IMG-0733__qr-NOQR__a86acaca__labels_full_original.tif,malchow_project\analysis\output\overlays\IMG-0733__qr-NOQR__a86acaca__labeled.png,original_pixels,malchow_project\analysis\output\stats\IMG-0733__qr-NOQR__a86acaca__worms.csv,,,,0.0,20.0,R4S,265.0,,,med,353,353,1021.1926345609065,940.0,87,3297,579.7946562950746,360481,3.7086211168378105,3.784396923145394,1.626206653575995,6.139416127389302,0.7104543484046273,1309.1432542437472,72.3900863342761,75.26015776191504,16.93830994712205,187.5357523513599,27.34429061510319,25553.700475999463,19.444089060572328,18.26832956957477,6.168162806433306,82.17894182292908,6.9346206286324605,6863.763438382031,128.0,128.0,128,128,0.0,45184,0.9420993204832753,0.9615683555603028,0.5709559917449951,0.9925516843795776,0.053884025602035965,332.56106013059616,0.5,0.5,0.5,0.5,0.0,176.5,2.0,2.0,2,2,0.0,706,0.0,0.0,0.0,0.0,0.0,0.0,0.0,0.0,0,0,0.0,0,0.9572064668922654,0.9644561639984394,0.7885832604426999,0.9866455666120008,0.023165406841693357,337.8938828129697,34.4703249774777,34.595450164018,10.524820207108489,64.79097760484736,10.598951759248195,12168.024717049628,204.25472166585516,205.51416015625,162.37033081054688,229.2716217041016,9.037665403918902,72101.91674804688,209.31728045325778,211.0,161.0,229.0,6.871892808016762,73889.0,58.774787535410766,60.0,6.0,129.0,23.69790012807672,20747.5,51.388662430112156,52.064727783203125,8.0830078125,96.78410339355467,17.818309244653896,18140.19783782959,152.86605923574302,152.39866638183594,106.11774444580078,195.4019470214844,18.041165739546337,53961.718910217285,17.293900820681877,17.458333333333332,5.151515151515151,27.363636363636363,4.213467842138204,6104.746989700703,150.54249291784703,151.0,81.0,205.0,24.535680338576224,53141.5,-0.003709256444116364,-0.0354791650561614,-1.5706810362138663,1.567706216125649,0.9298587982317796,-1.3093675247730765,160.4608791280153,161.48023074035524,40.21320343559643,436.6000717874997,60.079455235665534,56642.690332189406,,,,,,0.0,,,,,,0.0,0.129977,0.129977,0.129977,0.129977,0.0,45.881881,0.185681,0.185681,0.185681,0.185681,0.0,65.545393,7.6937,7.6937,7.6937,7.6937,0.0,2715.8761,5.3856,5.3856,5.3856,5.3856,0.0,1901.1168,0.4475920679886686,0.0,0,9,1.3026202322558784,158,55.742209631728045,54.0,15.0,157.0,23.865838382394323,19677.0,0.8335016829047919,0.8431372549019608,0.4233436055469954,0.9610778443113772,0.07448650723587923,294.2260940653915,356
malchow_project\analysis\output\images_oriented\IMG_0735.jpg,IMG_0735.jpg,IMG-0735__qr-NOQR__806171a0,374,,,,87.0,,False,0 |  |  | 7 | 7 | X'y | 87 | ) | i,,0.7,3138.0,4705.0,2197.0,3294.0,False,0 |  |  | 7 | 7 | X'y | 87 | ) | i,none,,,,,,,,,,,,,,,,,,,,,,,,,0.14,428.0,214.0,,,,,428.0,,,,,,214.0,,malchow_project\analysis\output\metadata\IMG-0735__qr-NOQR__806171a0__qr.txt,malchow_project\analysis\output\metadata\IMG-0735__qr-NOQR__806171a0__qr.json,container_interior_v2_raw,0.0,2197.0,252.0,3294.0,2197.0,3042.0,working_pixels,container_interior_v2_raw,"{""left"": 358, ""right"": 4305, ""top"": 0, ""bottom"": 3138}","[0, 3138, 368, 4705]","[2331, 1569]","{""left"": 0, ""right"": 0, ""top"": 0, ""bottom"": 0}",13520193.0,12.0,True,0.0,1.0,357.0,357.0,357.0,0.0,0.0,357.0,255.0,97.0,0.0,0.0,21.0,454.0,433.0,True,F:\claude_larvae_collection\analysis\models\larva_candidate_classifier_retrained.pt,0.5,128.0,raw_isolated_mask,64.0,433.0,394.0,39.0,394.0,0.9914046618468731,0.9914046618468731,20.0,malchow_project\analysis\output\labels\IMG-0735__qr-NOQR__806171a0__labels.tif,malchow_project\analysis\output\labels\IMG-0735__qr-NOQR__806171a0__labels_full_working.tif,malchow_project\analysis\output\labels\IMG-0735__qr-NOQR__806171a0__labels_full_original.tif,malchow_project\analysis\output\overlays\IMG-0735__qr-NOQR__806171a0__labeled.png,original_pixels,malchow_project\analysis\output\stats\IMG-0735__qr-NOQR__806171a0__worms.csv,,,,,87.0,R4S,,,,,373,373,994.9008042895442,919.0,67,3265,595.5454744826549,371098,3.695471284854077,3.758090754192171,1.5418390055751792,8.08274576754637,0.8766807806344137,1378.4107892505708,70.80914284004284,70.3065884913089,19.06904205366739,198.54776704726555,28.679207315235708,26411.81027933598,19.22706785223358,18.47699469155745,4.269004007921184,81.73087477915568,7.0313912976974375,7171.696308883126,128.0,128.0,128,128,0.0,47744,0.9212195181335265,0.960443675518036,0.5018482804298401,0.9921655654907228,0.0967286366564418,343.6148802638054,0.5,0.5,0.5,0.5,0.0,186.5,2.0,2.0,2,2,0.0,746,0.0,0.0,0.0,0.0,0.0,0.0,0.0,0.0,0,0,0.0,0,0.9536568362277288,0.9639474819849234,0.7611497768705225,0.99231712629509,0.032297414223685705,355.7139999129428,33.86295891337,34.20682887394876,9.23618154310838,64.47578703327557,10.97131568656253,12630.883674687011,195.33076393188804,204.9496917724609,20.562231063842773,228.12193298339844,38.86817698822352,72858.37494659424,200.82707774798928,211.0,16.0,228.0,40.16719414216894,74908.5,56.44235924932976,57.0,3.0,119.0,25.42639126800347,21053.0,49.08513828001457,49.34245300292969,-0.02880859375,101.43810272216795,19.693720192195414,18308.756578445435,146.24562565187347,152.01800537109375,8.32605266571045,197.7491455078125,36.228373135839156,54549.618368148804,16.98611478794612,17.295081967213115,3.458333333333333,28.415584415584416,4.659310792872157,6335.820815903903,144.3847184986595,149.0,7.0,209.0,40.19355197897634,53855.5,-0.018351783083734162,-0.0054210227863355,-1.5626308870848826,1.5499547685387711,0.9054625110093162,-6.845215090232843,157.50898374596545,156.0243866176395,39.970562748477136,433.0853531617384,62.1850056073385,58750.850937245115,,,,,,0.0,,,,,,0.0,0.129977,0.129977,0.129977,0.129977,0.0,48.481421000000005,0.18568100000000004,0.185681,0.185681,0.185681,0.0,69.25901300000001,7.6937,7.6937,7.6937,7.6937,0.0,2869.7500999999997,5.3856,5.3856,5.3856,5.3856,0.0,2008.8288,0.3190348525469169,0.0,0,5,1.017369119937002,119,54.83646112600536,53.0,15.0,157.0,24.213822594687652,20454.0,0.8330043260555857,0.8426966292134831,0.4230370562321845,0.9795158286778398,0.07557716413312977,310.7106136187335,374
malchow_project\images\IMG_0737.jpg,IMG_0737.jpg,IMG-0737__qr-Plot234-Spalte4-Reihe54-R4S-148__7dc9f7de,39,,,,,148.0,False,R4s_148,148.0,0.7,4705.0,3138.0,3294.0,2197.0,False,R4s_148,opencv_right_strip_full_height_gray_scale_1.5,"[[3064.333333333333, 1012.6666666666666], [3050.333333333333, 1440.6666666666667], [2625.562703450521, 1438.4659830729167], [2632.4083658854165, 1012.6666666666666]]","[2625, 1012, 3065, 1441]",2625.0,1012.0,3065.0,1441.0,440.0,429.0,188760.0,182872.9106001854,427.6961377949058,424.7763305780122,431.9249674479165,1837.0,708.0,2146.0,1009.0,309.0,301.0,93009.0,89607.79556364194,299.387296456434,297.34343140460874,302.3474772135414,0.14,428.0,214.0,0.1361818181818182,7.34312416555407,0.9727272727272728,440.0,428.0,qr_bbox_width_px_original,0.096957928802589,10.313751668891854,0.6925566343042071,309.0,214.0,qr_bbox_width_px_working,malchow_project\analysis\output\metadata\IMG-0737__qr-Plot234-Spalte4-Reihe54-R4S-148__7dc9f7de__qr.txt,malchow_project\analysis\output\metadata\IMG-0737__qr-Plot234-Spalte4-Reihe54-R4S-148__7dc9f7de__qr.json,container_interior_v2_raw,259.0,2870.0,66.0,2197.0,2611.0,2131.0,working_pixels,container_interior_v2_raw,"{""left"": 92, ""right"": 3138, ""top"": 368, ""bottom"": 4099}","[378, 4090, 102, 3138]","[1615, 2233]","{""left"": 0, ""right"": 0, ""top"": 0, ""bottom"": 0}",10067259.0,12.0,True,0.0,1.0,30.0,30.0,30.0,0.0,0.0,30.0,99.0,68.0,0.0,0.0,3.0,98.0,95.0,True,F:\claude_larvae_collection\analysis\models\larva_candidate_classifier_retrained.pt,0.5,128.0,raw_isolated_mask,64.0,95.0,41.0,54.0,41.0,0.8867578438045298,0.8867578438045298,2.0,malchow_project\analysis\output\labels\IMG-0737__qr-Plot234-Spalte4-Reihe54-R4S-148__7dc9f7de__labels.tif,malchow_project\analysis\output\labels\IMG-0737__qr-Plot234-Spalte4-Reihe54-R4S-148__7dc9f7de__labels_full_working.tif,malchow_project\analysis\output\labels\IMG-0737__qr-Plot234-Spalte4-Reihe54-R4S-148__7dc9f7de__labels_full_original.tif,malchow_project\analysis\output\overlays\IMG-0737__qr-Plot234-Spalte4-Reihe54-R4S-148__7dc9f7de__labeled.png,original_pixels,malchow_project\analysis\output\stats\IMG-0737__qr-Plot234-Spalte4-Reihe54-R4S-148__7dc9f7de__worms.csv,Plot234_Spalte4_Reihe54_R4S_148_,plot_spalte_reihe_condition_sample,,,,R4S,148.0,"[1837, 708, 2146, 1009]","[[2145.033333333333, 708.8666666666666], [2135.233333333333, 1008.4666666666667], [1837.8938924153645, 1006.9261881510416], [1842.6858561197914, 708.8666666666666]]",low,31,31,992.1935483870968,973.0,139,1808,407.0340214572438,30758,4.061975776395663,4.1528853712246665,2.0958056875857385,5.1418530977827634,0.6668030102279648,125.92124906826555,77.63033295145158,78.21847974868766,22.76243667948325,109.28286292122202,21.593196995295802,2406.540321494999,19.1568916419617,18.246480139665408,8.220118811929815,28.800902258223907,5.104434419785434,593.8636409008127,128.0,128.0,128,128,0.0,3968,0.9396570959398823,0.9542978405952454,0.7904193997383118,0.9828082919120787,0.04022580829696898,29.129369974136353,0.5,0.5,0.5,0.5,0.0,15.5,2.0,2.0,2,2,0.0,62,0.0,0.0,0.0,0.0,0.0,0.0,0.0,0.0,0,0,0.0,0,0.9652911733391569,0.9705756415677655,0.878825413962323,0.980906005111277,0.019230899764784693,29.924026373513865,34.68703515733586,35.19747259431156,13.303394180365686,47.9793403131095,7.881199715716416,1075.2980898774117,206.79989624023438,207.70811462402344,194.4920654296875,218.22720336914065,7.525171807936936,6410.796783447266,207.61290322580646,211.0,195.0,218.0,7.723027987151346,6436.0,63.403225806451616,65.0,3.0,106.0,19.261541715223938,1965.5,59.18448761970766,64.51576232910156,4.097442626953125,86.96284484863281,15.654226848549696,1834.7191162109375,147.61540862052672,145.5443878173828,123.9244613647461,205.7410125732422,16.013969245537147,4576.077667236328,16.663877095879844,16.950819672131146,7.315789473684211,21.85,3.034015069767465,516.5801899722752,144.20967741935485,147.0,106.0,208.0,19.87702786029994,4470.5,0.018058320024789475,0.178712250980942,-1.552185479548729,1.117741812797017,0.8080584234743855,0.5598079207684737,168.0356525016691,163.1543289325507,53.8700576850888,240.93607486307093,45.76478877692854,5209.105227551742,0.9727272727272728,0.9727272727272728,0.9727272727272728,0.9727272727272728,0.0,30.154545454545456,0.6925566343042071,0.6925566343042071,0.6925566343042071,0.6925566343042071,0.0,21.46925566343042,0.136996,0.136996,0.136996,0.136996,0.0,4.246876,0.195709,0.195709,0.195709,0.195709,0.0,6.066979,7.2995,7.2995,7.2995,7.2995,0.0,226.2845,5.1096,5.1096,5.1096,5.1096,0.0,158.3976,0.03225806451612903,0.0,0,1,0.1796053020267749,1,57.483870967741936,57.0,19.0,85.0,17.48307937739027,1782.0,0.7990262312859041,0.7922077922077922,0.5995316159250585,0.9424460431654677,0.07543093210821891,24.769813169863028,39
malchow_project\images\IMG_0738.jpg,IMG_0738.jpg,IMG-0738__qr-Plot234-Spalte4-Reihe54-R4S-148__a56a8920,35,,,,,148.0,False,R4s | 148,148.0,0.7,4705.0,3138.0,3294.0,2197.0,False,R4s | 148,opencv_right_strip_full_height_rgb_scale_1,"[[3061.0, 996.0], [3043.0, 1421.0], [2613.8820190429688, 1415.311279296875], [2629.082763671875, 988.67724609375]]","[2613, 988, 3061, 1421]",2613.0,988.0,3061.0,1421.0,448.0,433.0,193984.0,183429.7081746161,428.3551859225449,425.38100568784216,431.97930709942216,1829.0,691.0,2143.0,995.0,314.0,304.0,95456.0,89880.57124173269,299.8486301457814,297.7667039814895,302.3855149695954,0.14,428.0,214.0,0.13375,7.4766355140186915,0.9553571428571428,448.0,428.0,qr_bbox_width_px_original,0.0954140127388535,10.480640854472629,0.6815286624203821,314.0,214.0,qr_bbox_width_px_working,malchow_project\analysis\output\metadata\IMG-0738__qr-Plot234-Spalte4-Reihe54-R4S-148__a56a8920__qr.txt,malchow_project\analysis\output\metadata\IMG-0738__qr-Plot234-Spalte4-Reihe54-R4S-148__a56a8920__qr.json,container_interior_v2_raw,256.0,2868.0,65.0,2197.0,2612.0,2132.0,working_pixels,container_interior_v2_raw,"{""left"": 90, ""right"": 3138, ""top"": 363, ""bottom"": 4096}","[373, 4087, 100, 3138]","[1614, 2229]","{""left"": 0, ""right"": 0, ""top"": 0, ""bottom"": 0}",10075778.0,12.0,True,0.0,1.0,29.0,29.0,29.0,0.0,0.0,29.0,136.0,93.0,0.0,0.0,7.0,122.0,115.0,True,F:\claude_larvae_collection\analysis\models\larva_candidate_classifier_retrained.pt,0.5,128.0,raw_isolated_mask,64.0,115.0,41.0,74.0,41.0,0.8867174593232562,0.8867174593232562,6.0,malchow_project\analysis\output\labels\IMG-0738__qr-Plot234-Spalte4-Reihe54-R4S-148__a56a8920__labels.tif,malchow_project\analysis\output\labels\IMG-0738__qr-Plot234-Spalte4-Reihe54-R4S-148__a56a8920__labels_full_working.tif,malchow_project\analysis\output\labels\IMG-0738__qr-Plot234-Spalte4-Reihe54-R4S-148__a56a8920__labels_full_original.tif,malchow_project\analysis\output\overlays\IMG-0738__qr-Plot234-Spalte4-Reihe54-R4S-148__a56a8920__labeled.png,original_pixels,malchow_project\analysis\output\stats\IMG-0738__qr-Plot234-Spalte4-Reihe54-R4S-148__a56a8920__worms.csv,Plot234_Spalte4_Reihe54_R4S_148_,plot_spalte_reihe_condition_sample,,,,R4S,148.0,"[1829, 691, 2143, 995]","[[2142.7, 697.1999999999999], [2130.1, 994.6999999999999], [1829.717413330078, 990.7178955078124], [1840.3579345703124, 692.074072265625]]",low,30,30,1006.1,910.0,320,1918,411.08094261265666,30183,4.15165694283058,4.232941829069887,2.264111964811899,5.216165941842383,0.691297049652329,124.5497082849174,78.85614557537106,78.439097140103,36.02516224684741,107.550161857953,19.02291316529857,2365.6843672611317,19.335959830329063,17.92008886485533,9.526467228965146,32.6616323005337,5.411757317227251,580.0787949098719,128.0,128.0,128,128,0.0,3840,0.9438559333483378,0.9562962353229523,0.8677124977111816,0.9810040593147278,0.033314904109289376,28.315678000450134,0.5,0.5,0.5,0.5,0.0,15.0,2.0,2.0,2,2,0.0,60,0.0,0.0,0.0,0.0,0.0,0.0,0.0,0.0,0,0,0.0,0,0.9670519326488681,0.9716938348702695,0.8971754783373834,0.9814512861255748,0.016518912570738065,29.011557979466044,35.029029085328304,34.0387902379903,20.185060176161283,49.41733953585565,7.4722540081754305,1050.8708725598492,208.51298828125,208.26891326904294,196.2893218994141,215.8328399658203,5.9382935105146775,6255.3896484375,209.6,211.5,197.0,216.0,5.980427847686082,6288.0,67.45,68.0,38.0,106.0,14.980648436773587,2023.5,62.80155614217122,65.44661712646484,40.05894470214844,86.3770523071289,11.261856880466091,1884.0466842651367,145.71143213907877,145.18213653564453,127.2824935913086,171.21707153320312,10.156479718751248,4371.342964172363,16.325684984052923,16.427551020408163,10.741935483870968,23.679012345679013,2.929280291670474,489.77054952158767,142.15,143.5,108.0,171.0,13.886951205830004,4264.5,0.013402419088944325,0.14177545447681356,-1.5544575341548732,1.534015481992626,1.0764506004782128,0.40207257266832974,170.56580797387682,165.14570696119915,85.25483399593904,236.45079348883235,42.24426989516464,5116.974239216304,0.9553571428571428,0.9553571428571428,0.9553571428571428,0.9553571428571428,0.0,28.660714285714285,0.6815286624203821,0.6815286624203821,0.6815286624203821,0.6815286624203821,0.0,20.445859872611464,0.136996,0.136996,0.136996,0.136996,0.0,4.10988,0.195709,0.195709,0.195709,0.195709,0.0,5.87127,7.2995,7.2995,7.2995,7.2995,0.0,218.985,5.1096,5.1096,5.1096,5.1096,0.0,153.288,0.23333333333333334,0.0,0,4,0.8976341829703132,7,59.733333333333334,60.5,26.0,89.0,16.677329922182786,1792.0,0.792906669237576,0.7917029880949034,0.6267848350566223,0.949748743718593,0.07329666222284273,23.78720007712728,35
malchow_project\images\IMG_0747.jpg,IMG_0747.jpg,IMG-0747__qr-NOQR__7b68dfe0,208,,17.0,1.0,21.0,242.0,True,FeldNr: 17 | R4s | x=I;y =21,242.0,0.7,4705.0,3138.0,3294.0,2197.0,True,FeldNr: 17 | R4s | x=I;y =21,none,,,,,,,,,,,,,,,,,,,,,,,,,0.14,428.0,214.0,,,,,428.0,,,,,,214.0,,malchow_project\analysis\output\metadata\IMG-0747__qr-NOQR__7b68dfe0__qr.txt,malchow_project\analysis\output\metadata\IMG-0747__qr-NOQR__7b68dfe0__qr.json,container_interior_v2_raw,578.0,3254.0,53.0,2197.0,2676.0,2144.0,working_pixels,container_interior_v2_raw,"{""left"": 73, ""right"": 3138, ""top"": 824, ""bottom"": 4647}","[834, 4638, 83, 3138]","[1605, 2735]","{""left"": 0, ""right"": 0, ""top"": 0, ""bottom"": 0}",10927667.0,12.0,True,0.0,1.0,202.0,202.0,202.0,0.0,0.0,202.0,103.0,62.0,0.0,0.0,10.0,264.0,254.0,True,F:\claude_larvae_collection\analysis\models\larva_candidate_classifier_retrained.pt,0.5,128.0,raw_isolated_mask,64.0,254.0,212.0,42.0,212.0,0.9333552249960958,0.9333552249960958,4.0,malchow_project\analysis\output\labels\IMG-0747__qr-NOQR__7b68dfe0__labels.tif,malchow_project\analysis\output\labels\IMG-0747__qr-NOQR__7b68dfe0__labels_full_working.tif,malchow_project\analysis\output\labels\IMG-0747__qr-NOQR__7b68dfe0__labels_full_original.tif,malchow_project\analysis\output\overlays\IMG-0747__qr-NOQR__7b68dfe0__labeled.png,original_pixels,malchow_project\analysis\output\stats\IMG-0747__qr-NOQR__7b68dfe0__worms.csv,,,17.0,1.0,21.0,R4S,242.0,,,high,200,200,897.195,781.5,182,2154,491.5627290161338,179439,3.3961444139668835,3.5041343381534915,1.6384474131739697,5.040684870535507,0.7587424022910579,679.2288827933767,65.3807508258199,61.46611234815059,28.75292886459436,114.45327413373818,23.692105313935375,13076.15016516398,19.197585045126942,18.189101826289598,7.7789265798381,33.71255205633297,5.136208081594811,3839.5170090253887,128.0,128.0,128,128,0.0,25600,0.9481787219643593,0.959092617034912,0.7525794506072998,0.9881039261817932,0.036062499996670175,189.63574439287186,0.5,0.5,0.5,0.5,0.0,100.0,2.0,2.0,2,2,0.0,400,0.0,0.0,0.0,0.0,0.0,0.0,0.0,0.0,0,0,0.0,0,0.945689365532247,0.9584147465443454,0.7921442609987039,0.9801240217538154,0.03353884694064084,189.1378731064494,32.5885049398323,31.544123298692824,15.222667215103916,52.36943745506095,8.985387306646425,6517.700987966459,208.21939811706542,208.76138305664062,184.2294921875,228.5409393310547,7.365081176835143,41643.879623413086,210.675,212.0,197.0,229.0,6.152939812943731,42135.0,65.785,69.0,18.0,113.0,21.295805494469825,13157.0,60.04158981323242,62.08367919921875,22.071456909179688,100.59146118164062,15.045699022878201,12008.317962646484,148.17780830383302,146.80392456054688,97.26618957519533,193.5869598388672,15.680339398294027,29635.5616607666,17.818925246454647,17.9100790513834,7.0,25.73170731707317,3.342951989966802,3563.7850492909292,144.89,142.0,91.0,198.5,22.2121543078328,28978.0,0.05579738654075118,0.12855460530676543,-1.5530208564195525,1.5620949423112287,0.9101194777723728,11.159477308150235,146.73787634965745,139.30813485483816,71.11269837220809,261.76450198781714,50.28358676439285,29347.57526993149,,,,,,0.0,,,,,,0.0,0.134766,0.134766,0.134766,0.134766,0.0,26.9532,0.19252299999999997,0.192523,0.192523,0.192523,0.0,38.504599999999996,7.4203,7.4203,7.4203,7.4203,0.0,1484.06,5.1942,5.1942,5.1942,5.1942,0.0,1038.8400000000001,0.16,0.0,0,4,0.72597188367002,32,48.465,46.0,15.0,94.0,20.38150642175647,9693.0,0.8339552203644636,0.8355892959593476,0.6771300448430493,0.9604743083003952,0.06766019508924268,166.7910440728927,208
malchow_project\images\IMG_0749.jpg,IMG_0749.jpg,IMG-0749__qr-NOQR__891c046d,199,,17.0,1.0,21.0,242.0,True,FeldNr: 17 | X=I;y =21 | R4s | 242,242.0,0.7,4705.0,3138.0,3294.0,2197.0,True,FeldNr: 17 | X=I;y =21 | R4s | 242,none,,,,,,,,,,,,,,,,,,,,,,,,,0.14,428.0,214.0,,,,,428.0,,,,,,214.0,,malchow_project\analysis\output\metadata\IMG-0749__qr-NOQR__891c046d__qr.txt,malchow_project\analysis\output\metadata\IMG-0749__qr-NOQR__891c046d__qr.json,container_interior_v2_raw,568.0,3255.0,48.0,2197.0,2687.0,2149.0,working_pixels,container_interior_v2_raw,"{""left"": 67, ""right"": 3138, ""top"": 809, ""bottom"": 4649}","[819, 4640, 77, 3138]","[1602, 2729]","{""left"": 0, ""right"": 0, ""top"": 0, ""bottom"": 0}",10986338.0,12.0,True,0.0,1.0,196.0,196.0,196.0,0.0,0.0,196.0,173.0,145.0,0.0,0.0,17.0,341.0,324.0,True,F:\claude_larvae_collection\analysis\models\larva_candidate_classifier_retrained.pt,0.5,128.0,raw_isolated_mask,64.0,324.0,209.0,115.0,209.0,0.9323859618801242,0.9323859618801242,10.0,malchow_project\analysis\output\labels\IMG-0749__qr-NOQR__891c046d__labels.tif,malchow_project\analysis\output\labels\IMG-0749__qr-NOQR__891c046d__labels_full_working.tif,malchow_project\analysis\output\labels\IMG-0749__qr-NOQR__891c046d__labels_full_original.tif,malchow_project\analysis\output\overlays\IMG-0749__qr-NOQR__891c046d__labeled.png,original_pixels,malchow_project\analysis\output\stats\IMG-0749__qr-NOQR__891c046d__worms.csv,,,17.0,1.0,21.0,R4S,242.0,,,high,196,196,917.1734693877551,807.5,214,2219,517.3967881816837,179766,3.455029770711014,3.4891406682703376,1.646636554376095,6.281881217885496,0.8167982984769196,677.1858350593587,66.45583011851141,64.1101235368579,26.06198576466368,115.10544319848609,24.259082055438903,13025.342703228236,19.316393840949164,18.32247756976114,6.846668395479681,35.71750868224198,5.626934671231304,3786.013192826036,128.0,128.0,128,128,0.0,25088,0.9528479688629812,0.9649096429347992,0.7157487869262695,0.9902365803718568,0.04031404451340561,186.75820189714432,0.5,0.5,0.5,0.5,0.0,98.0,2.0,2.0,2,2,0.0,392,0.0,0.0,0.0,0.0,0.0,0.0,0.0,0.0,0,0,0.0,0,0.9476553692214879,0.958049219588408,0.7944737032501287,0.9872482899933458,0.03133008473246876,185.74045236741162,32.840683351508545,32.06463525171746,16.50676414605009,53.15372564333874,9.47253122753104,6436.7739368956745,208.94242399566028,210.09844207763672,174.10020446777344,226.4377593994141,7.141994003501875,40952.715103149414,212.1530612244898,213.0,197.0,227.0,4.86716268806885,41582.0,67.76530612244898,70.0,17.0,110.0,21.344993297730692,13282.0,60.69391449130311,61.71427917480469,22.847686767578125,96.6408920288086,14.901968537119041,11896.00724029541,148.24850950435717,147.9826431274414,95.9278793334961,187.38723754882807,14.844188503187794,29056.707862854004,17.585870707510846,17.785567915690866,5.714285714285714,29.586666666666662,3.9641961022991468,3446.830658672126,144.3877551020408,143.0,90.0,197.0,22.06970665545119,28300.0,-0.15183335522260755,-0.1749763917919081,-1.5463463838137583,1.5188593447051182,0.8579146481949161,-29.75933762363108,148.83294580280815,142.20458146424488,65.11269837220809,262.45079348883235,51.805956358892296,29171.257377350397,,,,,,0.0,,,,,,0.0,0.13442,0.13442,0.13442,0.13442,0.0,26.346320000000002,0.192029,0.192029,0.192029,0.192029,0.0,37.637684,7.4393,7.4393,7.4393,7.4393,0.0,1458.1028000000001,5.2075,5.2075,5.2075,5.2075,0.0,1020.67,0.18877551020408162,0.0,0,6,0.8412911509269211,37,49.83163265306123,46.0,17.0,93.0,20.69627042798935,9767.0,0.8301106073124104,0.8312729222326471,0.6150485436893204,0.956480605487228,0.06849107113312516,162.70167903323244,199
malchow_project\analysis\output\images_oriented\IMG_0753.jpg,IMG_0753.jpg,IMG-0753__qr-NOQR__6c9b706f,356,,18.0,1.0,22.0,187.0,True,FeldNr: 18 | x=I;y = 22 | R4s,187.0,0.7,4705.0,3138.0,3294.0,2197.0,True,FeldNr: 18 | x=I;y = 22 | R4s,none,,,,,,,,,,,,,,,,,,,,,,,,,0.14,428.0,214.0,,,,,428.0,,,,,,214.0,,malchow_project\analysis\output\metadata\IMG-0753__qr-NOQR__6c9b706f__qr.txt,malchow_project\analysis\output\metadata\IMG-0753__qr-NOQR__6c9b706f__qr.json,container_interior_v2_raw,559.0,3253.0,47.0,2197.0,2694.0,2150.0,working_pixels,container_interior_v2_raw,"{""left"": 65, ""right"": 3138, ""top"": 797, ""bottom"": 4646}","[807, 4637, 75, 3138]","[1601, 2721]","{""left"": 0, ""right"": 0, ""top"": 0, ""bottom"": 0}",10944925.0,12.0,True,0.0,1.0,373.0,373.0,373.0,0.0,0.0,373.0,177.0,144.0,0.0,0.0,25.0,517.0,492.0,True,F:\claude_larvae_collection\analysis\models\larva_candidate_classifier_retrained.pt,0.5,128.0,raw_isolated_mask,64.0,492.0,398.0,94.0,398.0,0.926025621104608,0.926025621104608,42.0,malchow_project\analysis\output\labels\IMG-0753__qr-NOQR__6c9b706f__labels.tif,malchow_project\analysis\output\labels\IMG-0753__qr-NOQR__6c9b706f__labels_full_working.tif,malchow_project\analysis\output\labels\IMG-0753__qr-NOQR__6c9b706f__labels_full_original.tif,malchow_project\analysis\output\overlays\IMG-0753__qr-NOQR__6c9b706f__labeled.png,original_pixels,malchow_project\analysis\output\stats\IMG-0753__qr-NOQR__6c9b706f__worms.csv,,,18.0,1.0,22.0,R4S,187.0,,,high,349,349,932.2808022922636,849.0,119,2505,532.0194839179483,325366,3.6875950827040573,3.724413451977704,1.7257773430543912,8.331247223033403,0.7649563547669348,1286.970683863716,68.748732625323,68.17039759878394,19.820737096401608,191.45705059264748,26.449938758473678,23993.307686237727,18.387643124050825,17.3828956120023,6.546720354473984,34.79399465541994,5.52538405421955,6417.2874502937375,128.0,128.0,128,128,0.0,44672,0.9349467650183976,0.9513381719589232,0.7198637127876282,0.9895094633102416,0.0504383683524281,326.29642099142075,0.5,0.5,0.5,0.5,0.0,174.5,2.0,2.0,2,2,0.0,698,0.0,0.0,0.0,0.0,0.0,0.0,0.0,0.0,0,0,0.0,0,0.9561661400080278,0.9632800592904024,0.8150084825452395,0.9927702592718504,0.025301116579064777,333.7019828628017,33.007473773915,32.8782659743508,12.309163489997376,56.475349131825496,9.889575277328024,11519.608347096337,203.5437931181025,204.0674591064453,171.7406463623047,226.15711975097656,8.611876930661742,71036.78379821777,208.7406876790831,210.0,197.0,229.0,5.680876934429247,72850.5,56.00573065902579,53.5,9.0,143.0,24.70158032421111,19546.0,50.18957488926229,48.81141662597656,3.56805419921875,118.70641326904295,18.4546177203539,17516.16163635254,153.3542182288402,153.56085205078125,106.71232604980467,192.1350250244141,17.241066282238982,53520.622161865234,17.10403082065643,17.327272727272728,5.909090909090909,27.9,3.8762537690905448,5969.306756409093,152.7349570200573,154.0,86.0,204.0,24.803928447915197,53304.5,-0.008439251562141389,-0.0369738045691776,-1.5487852558203317,1.5616259115607285,0.9112227853301543,-2.9452987951873446,152.0826773737886,148.71067811865476,46.14213562373095,380.9360748630709,56.77626150339402,53076.85440345223,,,,,,0.0,,,,,,0.0,0.13442,0.13442,0.13442,0.13442,0.0,46.912580000000005,0.19202900000000003,0.192029,0.192029,0.192029,0.0,67.01812100000001,7.4393,7.4393,7.4393,7.4393,0.0,2596.3157,5.2075,5.2075,5.2075,5.2075,0.0,1817.4174999999998,0.19197707736389685,0.0,0,7,0.7989532228776637,67,51.92263610315186,49.0,15.0,150.0,22.891605597338415,18121.0,0.8446375698391921,0.8550884955752213,0.5752009184845006,0.9618581907090464,0.07017865220241142,294.7785118738781,356
malchow_project\analysis\output\images_oriented\IMG_0754.jpg,IMG_0754.jpg,IMG-0754__qr-NOQR__23e57503,379,,18.0,1.0,22.0,187.0,True,FeldNr: 18 | R4s | X=1;y = 22,187.0,0.7,4705.0,3138.0,3294.0,2197.0,True,FeldNr: 18 | R4s | X=1;y = 22,none,,,,,,,,,,,,,,,,,,,,,,,,,0.14,428.0,214.0,,,,,428.0,,,,,,214.0,,malchow_project\analysis\output\metadata\IMG-0754__qr-NOQR__23e57503__qr.txt,malchow_project\analysis\output\metadata\IMG-0754__qr-NOQR__23e57503__qr.json,container_interior_v2_raw,558.0,3251.0,49.0,2197.0,2693.0,2148.0,working_pixels,container_interior_v2_raw,"{""left"": 68, ""right"": 3138, ""top"": 795, ""bottom"": 4644}","[805, 4635, 78, 3138]","[1603, 2719]","{""left"": 0, ""right"": 0, ""top"": 0, ""bottom"": 0}",10933714.0,12.0,True,0.0,1.0,383.0,383.0,383.0,0.0,0.0,383.0,177.0,136.0,0.0,0.0,28.0,519.0,491.0,True,F:\claude_larvae_collection\analysis\models\larva_candidate_classifier_retrained.pt,0.5,128.0,raw_isolated_mask,64.0,491.0,412.0,79.0,412.0,0.9262106876162144,0.9262106876162144,33.0,malchow_project\analysis\output\labels\IMG-0754__qr-NOQR__23e57503__labels.tif,malchow_project\analysis\output\labels\IMG-0754__qr-NOQR__23e57503__labels_full_working.tif,malchow_project\analysis\output\labels\IMG-0754__qr-NOQR__23e57503__labels_full_original.tif,malchow_project\analysis\output\overlays\IMG-0754__qr-NOQR__23e57503__labeled.png,original_pixels,malchow_project\analysis\output\stats\IMG-0754__qr-NOQR__23e57503__worms.csv,,,18.0,1.0,22.0,R4S,187.0,,,high,369,369,912.1653116531165,858.0,72,2217,532.4389863902076,336589,3.681725096084968,3.734048005069114,1.5136756764834376,7.165007205804485,0.7638706637083458,1358.5565604553533,67.568602306923,67.83765930015623,16.530407069686355,127.82953324361574,25.350267961400334,24932.814251254586,18.214788025045213,17.483566339992628,5.359665246898008,39.68158572768604,5.768586635894978,6721.256781241684,128.0,128.0,128,128,0.0,47232,0.9228308031229469,0.954947590827942,0.5086173415184021,0.9911847710609436,0.0810007183262432,340.5245663523674,0.5,0.5,0.5,0.5,0.0,184.5,2.0,2.0,2,2,0.0,738,0.0,0.0,0.0,0.0,0.0,0.0,0.0,0.0,0,0,0.0,0,0.9554370850706885,0.9634728913430496,0.7506997822660499,0.9902126016358757,0.02806815789136721,352.55628439108403,32.53849887130001,33.05207299675423,9.574614729634384,53.12976633374041,10.145441359106355,12006.706083509704,204.21808183871633,204.9130401611328,173.34326171875,224.96739196777344,8.536924380777537,75356.47219848633,209.19783197831978,211.0,183.0,226.0,6.0676794919758175,77194.0,54.11924119241193,51.0,6.0,120.5,25.409432805743677,19970.0,48.96583288342649,47.571044921875,2.299789428710937,96.1865005493164,19.035712532896394,18068.392333984375,155.25224895528984,155.22569274902344,107.3009262084961,202.686767578125,17.599873915191637,57288.07986450195,16.83509917724679,16.92,3.48,26.476190476190474,4.141340528925264,6212.1515964040655,155.07859078590786,157.0,83.5,206.0,24.66940219240138,57224.0,-0.07049684045141197,-0.026203470190168,-1.5636679881705082,1.5534528449422451,0.8722211443428973,-26.013334126571017,149.6076211205694,149.4386001800126,39.3492424049175,282.5929291125633,55.25643454786652,55205.21219349011,,,,,,0.0,,,,,,0.0,0.13442,0.13442,0.13442,0.13442,0.0,49.60098000000001,0.19202899999999998,0.192029,0.192029,0.192029,0.0,70.858701,7.4393,7.4393,7.4393,7.4393,0.0,2745.1017,5.2075,5.2075,5.2075,5.2075,0.0,1921.5674999999999,0.3523035230352303,0.0,0,6,1.0812137679345608,130,51.16531165311653,50.0,15.0,108.0,21.889353426924334,18880.0,0.8410450309782949,0.8491921005385996,0.4971098265895953,0.9642137096774194,0.0722497420008069,310.3456164309908,379
malchow_project\analysis\output\images_oriented\IMG_0756.jpg,IMG_0756.jpg,IMG-0756__qr-NOQR__2a20fa4b,205,,19.0,1.0,23.0,531.0,True,FeldNr: 19 | R4s | x=I;y =23,531.0,0.7,4705.0,3138.0,3294.0,2197.0,True,FeldNr: 19 | R4s | x=I;y =23,none,,,,,,,,,,,,,,,,,,,,,,,,,0.14,428.0,214.0,,,,,428.0,,,,,,214.0,,malchow_project\analysis\output\metadata\IMG-0756__qr-NOQR__2a20fa4b__qr.txt,malchow_project\analysis\output\metadata\IMG-0756__qr-NOQR__2a20fa4b__qr.json,container_interior_v2_raw,562.0,3247.0,44.0,2197.0,2685.0,2153.0,working_pixels,container_interior_v2_raw,"{""left"": 61, ""right"": 3138, ""top"": 800, ""bottom"": 4638}","[810, 4629, 71, 3138]","[1599, 2719]","{""left"": 0, ""right"": 0, ""top"": 0, ""bottom"": 0}",10997975.0,12.0,True,0.0,1.0,182.0,182.0,182.0,0.0,0.0,182.0,203.0,167.0,0.0,0.0,29.0,349.0,320.0,True,F:\claude_larvae_collection\analysis\models\larva_candidate_classifier_retrained.pt,0.5,128.0,raw_isolated_mask,64.0,320.0,226.0,94.0,226.0,0.9323763731867794,0.9323763731867794,21.0,malchow_project\analysis\output\labels\IMG-0756__qr-NOQR__2a20fa4b__labels.tif,malchow_project\analysis\output\labels\IMG-0756__qr-NOQR__2a20fa4b__labels_full_working.tif,malchow_project\analysis\output\labels\IMG-0756__qr-NOQR__2a20fa4b__labels_full_original.tif,malchow_project\analysis\output\overlays\IMG-0756__qr-NOQR__2a20fa4b__labeled.png,original_pixels,malchow_project\analysis\output\stats\IMG-0756__qr-NOQR__2a20fa4b__worms.csv,,,19.0,1.0,23.0,R4S,531.0,,,high,194,194,881.8556701030927,841.5,88,2026,498.2810241830885,171080,3.9843394959073835,4.053505050961929,1.9041003432626344,6.887737894129468,0.7466282324474397,772.9618622060324,70.52566966641041,73.14417594384787,21.211190857172145,118.62960653880047,26.127974607335304,13681.979915283619,17.67463525864798,16.683607146582347,5.960326584233671,36.42087155112427,6.21854907995394,3428.8792401777087,128.0,128.0,128,128,0.0,24832,0.9196994952934304,0.9388227760791779,0.5225300192832947,0.9871371984481812,0.06975925277382877,178.4217020869255,0.5,0.5,0.5,0.5,0.0,97.0,2.0,2.0,2,2,0.0,388,0.0,0.0,0.0,0.0,0.0,0.0,0.0,0.0,0,0,0.0,0,0.963659709374999,0.9690918166275237,0.8509896827661032,0.9894044454513542,0.017850135693139313,186.9499836187498,31.9504326910242,32.732685693874856,10.585134856802457,50.78959851813597,10.12480982471437,6198.383942058695,205.1639554525159,205.76097106933594,166.59519958496094,223.7474670410156,8.367278218150917,39801.807357788086,209.07731958762886,211.0,183.0,224.0,6.371016059303635,40561.0,61.30670103092783,63.75,5.0,123.0,25.74783066355429,11893.5,54.08589479112133,55.842140197753906,6.665298461914063,104.4447021484375,20.213354726930902,10492.663589477539,151.07806066139457,149.69166564941406,97.54141235351562,203.2675170898437,20.498201791938747,29309.143768310547,15.188196351018442,15.314867967853043,4.190476190476191,22.289156626506024,3.8591366914087697,2946.510092097578,147.77061855670104,145.25,80.0,207.0,26.407973215609307,28667.5,0.06826713181555111,0.09026708140154245,-1.5374584922695562,1.55758622880402,0.9452530288148139,13.243823572216915,153.96279036439253,156.86753236814712,53.21320343559643,279.98380207782344,57.3649122287377,29868.78133069215,,,,,,0.0,,,,,,0.0,0.134651,0.134651,0.134651,0.134651,0.0,26.122294,0.19235800000000003,0.192358,0.192358,0.192358,0.0,37.317452,7.4266,7.4266,7.4266,7.4266,0.0,1440.7604,5.1986,5.1986,5.1986,5.1986,0.0,1008.5284,0.18041237113402062,0.0,0,5,0.7708603867139051,35,54.355670103092784,56.0,15.0,106.0,22.86074749376114,10545.0,0.808503391371939,0.8133111924128866,0.4490267238535136,0.9521072796934866,0.0779818436326131,156.84965792615617,205
malchow_project\analysis\output\images_oriented\IMG_0757.jpg,IMG_0757.jpg,IMG-0757__qr-NOQR__7ed0852a,174,,19.0,1.0,23.0,531.0,True,FeldNr: 19 | x=1;y = 23 | R4s,531.0,0.7,4705.0,3138.0,3294.0,2197.0,True,FeldNr: 19 | x=1;y = 23 | R4s,none,,,,,,,,,,,,,,,,,,,,,,,,,0.14,428.0,214.0,,,,,428.0,,,,,,214.0,,malchow_project\analysis\output\metadata\IMG-0757__qr-NOQR__7ed0852a__qr.txt,malchow_project\analysis\output\metadata\IMG-0757__qr-NOQR__7ed0852a__qr.json,container_interior_v2_raw,569.0,3245.0,60.0,2197.0,2676.0,2137.0,working_pixels,container_interior_v2_raw,"{""left"": 83, ""right"": 3138, ""top"": 811, ""bottom"": 4635}","[821, 4626, 93, 3138]","[1610, 2723]","{""left"": 0, ""right"": 0, ""top"": 0, ""bottom"": 0}",11340592.0,12.0,True,0.0,1.0,165.0,165.0,165.0,0.0,0.0,165.0,184.0,137.0,0.0,0.0,21.0,302.0,281.0,True,F:\claude_larvae_collection\analysis\models\larva_candidate_classifier_retrained.pt,0.5,128.0,raw_isolated_mask,64.0,281.0,190.0,91.0,190.0,0.9718064453402327,0.9718064453402327,16.0,malchow_project\analysis\output\labels\IMG-0757__qr-NOQR__7ed0852a__labels.tif,malchow_project\analysis\output\labels\IMG-0757__qr-NOQR__7ed0852a__labels_full_working.tif,malchow_project\analysis\output\labels\IMG-0757__qr-NOQR__7ed0852a__labels_full_original.tif,malchow_project\analysis\output\overlays\IMG-0757__qr-NOQR__7ed0852a__labeled.png,original_pixels,malchow_project\analysis\output\stats\IMG-0757__qr-NOQR__7ed0852a__worms.csv,,,19.0,1.0,23.0,R4S,531.0,,,high,172,172,990.8372093023256,942.0,81,2592,538.2488144062282,170424,4.0356762576830265,4.059129018528819,1.5985904339476569,7.2000434432640175,0.714437857228823,694.1363163214805,74.7877180558992,77.08919299881325,22.995813595903527,147.2560510174786,25.100097012843104,12863.487505614663,19.113089428755682,18.052756458963486,5.082165548494714,82.75459155083406,8.609687370175736,3287.4513817459774,128.0,128.0,128,128,0.0,22016,0.9350406517123067,0.961444765329361,0.6717079281806946,0.9892995357513428,0.06180464937525189,160.82699209451675,0.5,0.5,0.5,0.5,0.0,86.0,2.0,2.0,2,2,0.0,344,0.0,0.0,0.0,0.0,0.0,0.0,0.0,0.0,0,0,0.0,0,0.9645782460554888,0.9691787550303065,0.7801831994708727,0.9903080880847548,0.020972882032135078,165.90745832154408,33.96193024934659,34.63222940025439,10.155412503859614,57.44768837780631,10.430384846244278,5841.452002887613,206.9449226024539,208.73021697998047,174.82862854003906,226.9079132080078,8.180968841394323,35594.52668762207,211.62209302325581,213.0,198.0,227.0,5.079736171322632,36399.0,63.82267441860465,63.0,3.0,118.0,22.086597450890977,10977.5,54.54839582221452,54.231346130371094,0.7263946533203125,103.24795532226562,17.598014020241614,9382.324081420898,152.39652678023938,152.4800567626953,94.70442199707033,207.82473754882807,17.334518140778,26212.202606201172,15.928101433701517,16.691722408026756,4.05,24.37037037037037,4.383287470136225,2739.633446596661,147.79941860465115,148.5,82.0,211.0,22.321066275158152,25421.5,0.11769547981437595,0.24859245852660794,-1.545474262155268,1.5553198613181078,0.9621346018887539,20.243622528072663,164.43365916170123,167.4386001800126,48.83452377915607,406.0315292925759,59.62455477127045,28282.58937581261,,,,,,0.0,,,,,,0.0,0.134535,0.134535,0.134535,0.134535,0.0,23.140019999999996,0.19219299999999997,0.192193,0.192193,0.192193,0.0,33.057196,7.432999999999999,7.433,7.433,7.433,0.0,1278.4759999999999,5.2031,5.2031,5.2031,5.2031,0.0,894.9332,0.2558139534883721,0.0,0,4,0.887681077965747,44,58.27906976744186,59.5,17.0,158.0,23.34117720929199,10024.0,0.8049094583335802,0.8079470615167113,0.412673141219551,0.9412568306010928,0.08616274006941971,138.4444268333758,174
malchow_project\analysis\output\images_oriented\IMG_0759.jpg,IMG_0759.jpg,IMG-0759__qr-NOQR__ac46f86e,221,,20.0,1.0,24.0,147.0,True,FeldNr: 20 | x=1;y =24 | R4s,147.0,0.7,4705.0,3138.0,3294.0,2197.0,True,FeldNr: 20 | x=1;y =24 | R4s,none,,,,,,,,,,,,,,,,,,,,,,,,,0.14,428.0,214.0,,,,,428.0,,,,,,214.0,,malchow_project\analysis\output\metadata\IMG-0759__qr-NOQR__ac46f86e__qr.txt,malchow_project\analysis\output\metadata\IMG-0759__qr-NOQR__ac46f86e__qr.json,container_interior_v2_raw,556.0,3245.0,55.0,2197.0,2689.0,2142.0,working_pixels,container_interior_v2_raw,"{""left"": 77, ""right"": 3138, ""top"": 792, ""bottom"": 4635}","[802, 4626, 87, 3138]","[1607, 2713]","{""left"": 0, ""right"": 0, ""top"": 0, ""bottom"": 0}",11475594.0,12.0,True,0.0,1.0,242.0,242.0,242.0,0.0,0.0,242.0,81.0,35.0,0.0,0.0,4.0,277.0,273.0,True,F:\claude_larvae_collection\analysis\models\larva_candidate_classifier_retrained.pt,0.5,128.0,raw_isolated_mask,64.0,273.0,246.0,27.0,246.0,0.976338223401422,0.976338223401422,25.0,malchow_project\analysis\output\labels\IMG-0759__qr-NOQR__ac46f86e__labels.tif,malchow_project\analysis\output\labels\IMG-0759__qr-NOQR__ac46f86e__labels_full_working.tif,malchow_project\analysis\output\labels\IMG-0759__qr-NOQR__ac46f86e__labels_full_original.tif,malchow_project\analysis\output\overlays\IMG-0759__qr-NOQR__ac46f86e__labeled.png,original_pixels,malchow_project\analysis\output\stats\IMG-0759__qr-NOQR__ac46f86e__worms.csv,,,20.0,1.0,24.0,R4S,147.0,,,high,220,220,704.3636363636364,611.5,47,2211,400.3940006409606,154960,3.5998294729481963,3.5728520118674694,1.8239301590238544,7.538935409429609,0.8289569722756341,791.9624840486032,58.85806743524865,56.0341794869352,20.542934288294493,111.7283192353887,21.68683213003923,12948.774835754703,16.341565630630363,15.674391160166513,3.978712087975743,38.592011290289314,5.049300194944644,3595.1444387386796,128.0,128.0,128,128,0.0,28160,0.9179777922955427,0.9396602213382721,0.5676131844520569,0.9914506077766418,0.07153060885768443,201.95511430501938,0.5,0.5,0.5,0.5,0.0,110.0,2.0,2.0,2,2,0.0,440,0.0,0.0,0.0,0.0,0.0,0.0,0.0,0.0,0,0,0.0,0,0.9531407299301831,0.9600318212130599,0.8363036096204111,0.9911636481573244,0.025143495051990743,209.69096058464027,28.72869576288007,27.903151282080355,7.735777827895049,53.05782348918437,8.474201677143572,6320.313067833615,205.05538697676226,206.5290985107422,164.64503479003906,225.5176696777344,8.663072578236989,45112.185134887695,209.8909090909091,211.0,194.0,226.0,6.215087629170891,46176.0,50.16590909090909,47.5,6.0,126.0,26.08628064677994,11036.5,47.79756577231667,46.61604309082031,6.067596435546875,97.5903778076172,19.579544784482493,10515.464469909668,157.25782120444558,158.71376037597656,89.73714447021484,195.26959228515625,21.30125359457153,34596.72066497803,15.261342980001844,15.618819776714513,2.9375,25.773333333333333,3.8797991404610284,3357.495455600406,159.725,162.0,90.5,209.0,28.23228927193552,35139.5,-0.09899808128878865,-0.17468589987212174,-1.5660894463133086,1.5645815360248103,0.8963846867496058,-21.779577883533502,130.5759050708727,124.21067811865474,33.72792206135785,249.89444430272832,46.824690811622965,28726.69911559199,,,,,,0.0,,,,,,0.0,0.134882,0.134882,0.134882,0.134882,0.0,29.67404,0.192688,0.192688,0.192688,0.192688,0.0,42.39136,7.4139,7.4139,7.4139,7.4139,0.0,1631.058,5.189700000000001,5.1897,5.1897,5.1897,0.0,1141.7340000000002,0.2818181818181818,0.0,0,5,0.9616558985665408,62,44.19090909090909,41.0,15.0,105.0,18.57405046746545,9722.0,0.8431007235439711,0.8538150594111664,0.4913494809688581,0.9711191335740073,0.07706173800408299,185.48215917967366,221
malchow_project\analysis\output\images_oriented\IMG_0760.jpg,IMG_0760.jpg,IMG-0760__qr-NOQR__e762a957,214,,20.0,1.0,24.0,147.0,True,FeldNr: 20 | x=1;y | = | 24 | R4s,147.0,0.7,4705.0,3138.0,3294.0,2197.0,True,FeldNr: 20 | x=1;y | = | 24 | R4s,none,,,,,,,,,,,,,,,,,,,,,,,,,0.14,428.0,214.0,,,,,428.0,,,,,,214.0,,malchow_project\analysis\output\metadata\IMG-0760__qr-NOQR__e762a957__qr.txt,malchow_project\analysis\output\metadata\IMG-0760__qr-NOQR__e762a957__qr.json,container_interior_v2_raw,527.0,3245.0,90.0,2197.0,2718.0,2107.0,working_pixels,container_interior_v2_raw,"{""left"": 126, ""right"": 3138, ""top"": 751, ""bottom"": 4635}","[761, 4626, 136, 3138]","[1632, 2693]","{""left"": 0, ""right"": 0, ""top"": 0, ""bottom"": 0}",11314373.0,12.0,True,0.0,1.0,240.0,240.0,240.0,0.0,0.0,240.0,63.0,31.0,0.0,0.0,5.0,271.0,266.0,True,F:\claude_larvae_collection\analysis\models\larva_candidate_classifier_retrained.pt,0.5,128.0,raw_isolated_mask,64.0,266.0,237.0,29.0,237.0,0.9681373242351,0.9681373242351,23.0,malchow_project\analysis\output\labels\IMG-0760__qr-NOQR__e762a957__labels.tif,malchow_project\analysis\output\labels\IMG-0760__qr-NOQR__e762a957__labels_full_working.tif,malchow_project\analysis\output\labels\IMG-0760__qr-NOQR__e762a957__labels_full_original.tif,malchow_project\analysis\output\overlays\IMG-0760__qr-NOQR__e762a957__labeled.png,original_pixels,malchow_project\analysis\output\stats\IMG-0760__qr-NOQR__e762a957__worms.csv,,,20.0,1.0,24.0,R4S,147.0,,,high,214,214,734.9766355140187,679.0,99,2108,412.91638187249737,157285,3.65020738165863,3.6924134572095397,1.940896981080428,5.835557042779424,0.7620469159838976,781.1443796749468,60.85902935371138,58.0382784273065,20.2161904315817,123.62828563463168,22.52746309793685,13023.832281694235,16.64103546550815,16.220676175154825,6.3811736950615545,45.66986208853936,5.4659310006866075,3561.181589618744,128.0,128.0,128,128,0.0,27392,0.9254295597566622,0.9476910531520844,0.5509564876556396,0.987953782081604,0.06543504839804529,198.04192578792572,0.5,0.5,0.5,0.5,0.0,107.0,2.0,2.0,2,2,0.0,428,0.0,0.0,0.0,0.0,0.0,0.0,0.0,0.0,0,0,0.0,0,0.955703164588882,0.9626231033260271,0.8570545379895068,0.9852079159995591,0.021302353563736613,204.52047722202076,29.360217954636873,29.4027575260436,11.227230955528665,51.807228842138656,8.609605005335107,6283.086642292291,205.47862478951427,207.20001983642578,174.86158752441406,228.73013305664065,8.743091388594769,43972.425704956055,210.42056074766356,212.0,186.0,229.0,5.947402294303194,45030.0,50.91121495327103,47.0,6.0,120.0,24.700441261583933,10895.0,47.78896563521055,45.82569885253906,3.923187255859375,88.38026428222656,17.72959616342306,10226.838645935059,157.6896591543037,158.27208709716797,96.45355224609376,197.8410797119141,19.234026050158946,33745.587059020996,15.463128156008256,15.723908918406071,5.5,25.96923076923077,3.8683992323476404,3309.109425385767,159.50934579439252,161.0,78.0,212.0,26.60535627779859,34135.0,-0.03879468684778894,-0.01900476199942315,-1.5635974165659043,1.5672274432811488,0.9311880666244358,-8.302062985426833,134.32264121465107,130.73706704297268,45.21320343559643,296.49242404917493,48.705845066799206,28745.045219935328,,,,,,0.0,,,,,,0.0,0.135813,0.135813,0.135813,0.135813,0.0,29.063982,0.194019,0.194019,0.194019,0.194019,0.0,41.520066,7.363,7.363,7.363,7.363,0.0,1575.682,5.1541,5.1541,5.1541,5.1541,0.0,1102.9774,0.22897196261682243,0.0,0,7,0.9084382043051694,49,45.55140186915888,45.0,15.0,112.0,19.133940369978014,9748.0,0.8408250862587554,0.8488627545045362,0.4978914074855034,0.9575971731448764,0.08226647960712388,179.93656845937366,214
malchow_project\analysis\output\images_oriented\IMG_0762.jpg,IMG_0762.jpg,IMG-0762__qr-NOQR__40e29dd0,218,,21.0,1.0,25.0,266.0,True,FeldNr: 21 | X=I;y = 25 | R4s,266.0,0.7,4705.0,3138.0,3294.0,2197.0,True,FeldNr: 21 | X=I;y = 25 | R4s,none,,,,,,,,,,,,,,,,,,,,,,,,,0.14,428.0,214.0,,,,,428.0,,,,,,214.0,,malchow_project\analysis\output\metadata\IMG-0762__qr-NOQR__40e29dd0__qr.txt,malchow_project\analysis\output\metadata\IMG-0762__qr-NOQR__40e29dd0__qr.json,container_interior_v2_raw,550.0,3225.0,25.0,2197.0,2675.0,2172.0,working_pixels,container_interior_v2_raw,"{""left"": 33, ""right"": 3138, ""top"": 784, ""bottom"": 4606}","[794, 4597, 43, 3138]","[1585, 2695]","{""left"": 0, ""right"": 0, ""top"": 0, ""bottom"": 0}",11020571.0,12.0,True,0.0,1.0,211.0,211.0,211.0,0.0,0.0,211.0,119.0,91.0,0.0,0.0,14.0,302.0,288.0,True,F:\claude_larvae_collection\analysis\models\larva_candidate_classifier_retrained.pt,0.5,128.0,raw_isolated_mask,64.0,288.0,231.0,57.0,231.0,0.929472298239273,0.929472298239273,13.0,malchow_project\analysis\output\labels\IMG-0762__qr-NOQR__40e29dd0__labels.tif,malchow_project\analysis\output\labels\IMG-0762__qr-NOQR__40e29dd0__labels_full_working.tif,malchow_project\analysis\output\labels\IMG-0762__qr-NOQR__40e29dd0__labels_full_original.tif,malchow_project\analysis\output\overlays\IMG-0762__qr-NOQR__40e29dd0__labeled.png,original_pixels,malchow_project\analysis\output\stats\IMG-0762__qr-NOQR__40e29dd0__worms.csv,,,21.0,1.0,25.0,R4S,266.0,,,high,217,217,770.3548387096774,685.0,143,2111,461.408981822603,167167,3.8755805244119497,3.870847051169239,1.923333864656048,6.534908232921829,0.7573248471197399,841.000973797393,64.23320168832207,61.21740222163807,22.739577632208,115.6394095830082,24.79800041258783,13938.60476636589,16.43706944296512,15.473196458720818,7.156302019201882,37.46461549076959,5.456639657473322,3566.8440691234314,128.0,128.0,128,128,0.0,27776,0.9174222042483668,0.935471534729004,0.7003366947174072,0.9859238862991332,0.05985090008051982,199.0806183218956,0.5,0.5,0.5,0.5,0.0,108.5,2.0,2.0,2,2,0.0,434,0.0,0.0,0.0,0.0,0.0,0.0,0.0,0.0,0,0,0.0,0,0.961249829474723,0.9660536875544372,0.8542085469044035,0.9882224204457212,0.019027145476848417,208.5912129960149,29.920777935909378,29.53250900522315,13.49345229721172,51.844080461861104,9.273055433523872,6492.808812092335,203.31597344886322,204.77932739257807,160.39691162109375,221.0082855224609,9.01092037233551,44119.56623840332,208.23502304147465,209.0,196.0,221.0,5.291946110243936,45187.0,59.255760368663594,58.0,13.0,121.0,26.266930633503303,12858.5,52.44488191384874,51.180938720703125,5.9486083984375,96.60895538330078,20.73115388142673,11380.539375305176,150.8710915350145,152.86598205566406,90.03607177734375,187.2300720214844,22.021654116962363,32739.026863098145,15.183237830711263,14.807692307692308,6.181818181818182,26.72151898734177,3.920596790573098,3294.762609264344,148.97926267281105,151.0,75.0,197.5,28.19563407578048,32328.5,0.07279141719744729,0.1133023766982828,-1.5632259561936837,1.5635781117596412,0.9159225844557405,15.795737531846063,140.51418221862346,134.42640687119285,55.39087296526012,261.5218613006978,53.72986239783287,30491.577541441293,,,,,,0.0,,,,,,0.0,0.134306,0.134306,0.134306,0.134306,0.0,29.144402000000003,0.191865,0.191865,0.191865,0.191865,0.0,41.634705000000004,7.4457,7.4457,7.4457,7.4457,0.0,1615.7169000000001,5.212,5.212,5.212,5.212,0.0,1131.004,0.33640552995391704,0.0,0,8,1.0980673179655667,73,48.35944700460829,45.0,15.0,108.0,21.830572676787114,10494.0,0.8336674319863884,0.854,0.5572305974316024,0.9552238805970148,0.08627321853717872,180.90583274104628,218
malchow_project\images\IMG_0763.jpg,IMG_0763.jpg,IMG-0763__qr-NOQR__7715a48e,219,,21.0,1.0,25.0,266.0,True,FeldNr: 21 | X=I;y = 25 | R4s,266.0,0.7,4705.0,3138.0,3294.0,2197.0,True,FeldNr: 21 | X=I;y = 25 | R4s,none,,,,,,,,,,,,,,,,,,,,,,,,,0.14,428.0,214.0,,,,,428.0,,,,,,214.0,,malchow_project\analysis\output\metadata\IMG-0763__qr-NOQR__7715a48e__qr.txt,malchow_project\analysis\output\metadata\IMG-0763__qr-NOQR__7715a48e__qr.json,container_interior_v2_raw,552.0,3228.0,32.0,2197.0,2676.0,2165.0,working_pixels,container_interior_v2_raw,"{""left"": 43, ""right"": 3138, ""top"": 786, ""bottom"": 4610}","[796, 4601, 53, 3138]","[1590, 2698]","{""left"": 0, ""right"": 0, ""top"": 0, ""bottom"": 0}",10980900.0,12.0,True,0.0,1.0,219.0,219.0,219.0,0.0,0.0,219.0,75.0,28.0,0.0,0.0,8.0,247.0,239.0,True,F:\claude_larvae_collection\analysis\models\larva_candidate_classifier_retrained.pt,0.5,128.0,raw_isolated_mask,64.0,239.0,225.0,14.0,225.0,0.9288240005247224,0.9288240005247224,6.0,malchow_project\analysis\output\labels\IMG-0763__qr-NOQR__7715a48e__labels.tif,malchow_project\analysis\output\labels\IMG-0763__qr-NOQR__7715a48e__labels_full_working.tif,malchow_project\analysis\output\labels\IMG-0763__qr-NOQR__7715a48e__labels_full_original.tif,malchow_project\analysis\output\overlays\IMG-0763__qr-NOQR__7715a48e__labeled.png,original_pixels,malchow_project\analysis\output\stats\IMG-0763__qr-NOQR__7715a48e__worms.csv,,,21.0,1.0,25.0,R4S,266.0,,,high,217,217,827.815668202765,748.0,84,2400,504.0750175042296,179636,3.866929846692243,3.844541160906047,1.66454531422652,7.02094715658791,0.8413332670987815,839.1237767322167,66.68646644693484,65.08307495924043,19.54042582321208,180.92624377200136,27.169814075752893,14470.96321898486,17.211377706261654,16.451672985210905,6.068728028043815,36.07917306627245,5.939881754734994,3734.868962258779,128.0,128.0,128,128,0.0,27776,0.9224196221971293,0.9462608098983764,0.5335068106651306,0.9899784326553344,0.06868510436779691,200.16505801677704,0.5,0.5,0.5,0.5,0.0,108.5,2.0,2.0,2,2,0.0,434,0.0,0.0,0.0,0.0,0.0,0.0,0.0,0.0,0,0,0.0,0,0.9594864022863947,0.965579243363156,0.7994259334790658,0.9898047441379496,0.024983452481219658,208.20854929614765,30.936907980043337,30.860706075232656,10.34176589165282,55.27906391541368,9.867322403063438,6713.309031669404,204.7623052640994,205.54119873046875,172.8221893310547,224.71734619140625,8.624538325505531,44433.42024230957,209.38709677419354,210.0,180.0,226.0,5.668702196077465,45437.0,55.91935483870968,55.5,11.0,130.0,25.129648889022395,12134.5,49.925603945683775,46.49232482910156,2.2594757080078125,112.03717041015624,20.295277091999456,10833.856056213379,154.83670131841563,155.87069702148438,70.35951232910156,189.2091522216797,20.15835749288444,33599.56418609619,15.322469594630812,15.392857142857142,4.2,26.9375,3.989474215274975,3324.975902034886,153.46774193548387,154.0,66.0,199.0,26.08916993568585,33302.5,0.04945108747729219,0.015295633440035,-1.5623062022169991,1.5678346829399603,0.920518049343532,10.730885982572405,146.1967155816621,141.29646455628165,42.62741699796952,380.47518010647184,57.8313023265857,31724.68728122067,,,,,,0.0,,,,,,0.0,0.134306,0.134306,0.134306,0.134306,0.0,29.144402000000003,0.191865,0.191865,0.191865,0.191865,0.0,41.634705000000004,7.4457,7.4457,7.4457,7.4457,0.0,1615.7169000000001,5.212,5.212,5.212,5.212,0.0,1131.004,0.31797235023041476,0.0,0,7,1.1035714492847282,69,50.94930875576037,47.0,15.0,143.0,23.12330498255528,11056.0,0.8269472408862663,0.8554313099041534,0.4617940199335548,0.9516864175022788,0.0911577748206731,179.44755127231977,219
malchow_project\images\IMG_0765.jpg,IMG_0765.jpg,IMG-0765__qr-NOQR__331bddf5,281,,22.0,1.0,26.0,224.0,True,FeldNr: 22 | X=1;y = 26 | R4s | 224,224.0,0.7,4705.0,3138.0,3294.0,2197.0,True,FeldNr: 22 | X=1;y = 26 | R4s | 224,none,,,,,,,,,,,,,,,,,,,,,,,,,0.14,428.0,214.0,,,,,428.0,,,,,,214.0,,malchow_project\analysis\output\metadata\IMG-0765__qr-NOQR__331bddf5__qr.txt,malchow_project\analysis\output\metadata\IMG-0765__qr-NOQR__331bddf5__qr.json,container_interior_v2_raw,545.0,3229.0,13.0,2197.0,2684.0,2184.0,working_pixels,container_interior_v2_raw,"{""left"": 17, ""right"": 3138, ""top"": 776, ""bottom"": 4612}","[786, 4603, 27, 3138]","[1577, 2694]","{""left"": 0, ""right"": 0, ""top"": 0, ""bottom"": 0}",11044197.0,12.0,True,0.0,1.0,292.0,292.0,292.0,0.0,0.0,292.0,37.0,26.0,0.0,0.0,10.0,318.0,308.0,True,F:\claude_larvae_collection\analysis\models\larva_candidate_classifier_retrained.pt,0.5,128.0,raw_isolated_mask,64.0,308.0,296.0,12.0,296.0,0.9232995488118438,0.9232995488118438,15.0,malchow_project\analysis\output\labels\IMG-0765__qr-NOQR__331bddf5__labels.tif,malchow_project\analysis\output\labels\IMG-0765__qr-NOQR__331bddf5__labels_full_working.tif,malchow_project\analysis\output\labels\IMG-0765__qr-NOQR__331bddf5__labels_full_original.tif,malchow_project\analysis\output\overlays\IMG-0765__qr-NOQR__331bddf5__labeled.png,original_pixels,malchow_project\analysis\output\stats\IMG-0765__qr-NOQR__331bddf5__worms.csv,,,22.0,1.0,26.0,R4S,224.0,,,high,278,278,1032.2913669064749,997.5,109,3153,529.5763970252182,286977,3.9446387873311832,3.981250535959789,1.7649295425160103,6.427930482002089,0.6804778162917634,1096.609582878069,75.33787006249598,77.4832420291691,21.168683676452773,216.54208377758133,25.81375629837254,20943.92787737388,19.15283932577059,17.726181267605494,5.860328392763256,58.36688601381954,6.181242163609,5324.489332564224,128.0,128.0,128,128,0.0,35584,0.9374326032271488,0.9553158581256866,0.5837846994400024,0.9894495606422424,0.05986069639723262,260.60626369714737,0.5,0.5,0.5,0.5,0.0,139.0,2.0,2.0,2,2,0.0,556,0.0,0.0,0.0,0.0,0.0,0.0,0.0,0.0,0,0,0.0,0,0.9630119806209582,0.967940471101812,0.8239965225346559,0.9878247027134645,0.019650983591530648,267.71733061262637,34.9185800013769,35.63782332645117,11.780624362746345,63.36027370955691,9.7667850669286,9707.365240382778,206.0503033974188,207.11572265625,167.39047241210938,225.51870727539065,8.099771096657559,57281.98434448242,209.91726618705036,211.0,196.0,226.0,5.584628569009601,58357.0,59.44064748201439,58.0,18.0,117.5,22.605729975784868,16524.5,53.269126699982785,52.56468963623047,6.677581787109375,92.89425659179688,16.53206120210203,14808.817222595215,152.781176697436,153.4797592163086,103.86067199707033,185.91262817382807,16.68015277512698,42473.16712188721,17.203252729940264,17.35750738651625,6.055555555555555,27.58904109589041,3.8834071782595796,4782.5042589233935,150.47661870503597,152.0,79.5,192.0,23.1792651351996,41832.5,0.005165577512787158,0.0055259775608684,-1.5557440698175629,1.5703867104689102,0.9315310684671831,1.4360305485548301,165.02917045368685,165.7878425849301,47.55634918610404,505.70057685088807,56.988710016105586,45878.10938612495,,,,,,0.0,,,,,,0.0,0.133962,0.133962,0.133962,0.133962,0.0,37.241436,0.191375,0.191375,0.191375,0.191375,0.0,53.20225,7.464800000000001,7.4648,7.4648,7.4648,0.0,2075.2144000000003,5.2253,5.2253,5.2253,5.2253,0.0,1452.6334,0.26258992805755393,0.0,0,5,0.9226999607215328,73,57.17985611510792,58.0,15.0,192.0,22.602754312390744,15896.0,0.8327946477357604,0.842759285434884,0.4035065267468646,0.9602032176121932,0.0795122905291386,231.5169120705414,281
malchow_project\images\IMG_0766.jpg,IMG_0766.jpg,IMG-0766__qr-NOQR__eda3b928,281,,22.0,1.0,26.0,224.0,True,FeldNr; 22 | x=I;y = 26 | R4s | 224,224.0,0.7,4705.0,3138.0,3294.0,2197.0,True,FeldNr; 22 | x=I;y = 26 | R4s | 224,none,,,,,,,,,,,,,,,,,,,,,,,,,0.14,428.0,214.0,,,,,428.0,,,,,,214.0,,malchow_project\analysis\output\metadata\IMG-0766__qr-NOQR__eda3b928__qr.txt,malchow_project\analysis\output\metadata\IMG-0766__qr-NOQR__eda3b928__qr.json,container_interior_v2_raw,547.0,3235.0,18.0,2197.0,2688.0,2179.0,working_pixels,container_interior_v2_raw,"{""left"": 23, ""right"": 3138, ""top"": 779, ""bottom"": 4620}","[789, 4611, 33, 3138]","[1580, 2699]","{""left"": 0, ""right"": 0, ""top"": 0, ""bottom"": 0}",10941994.0,12.0,True,0.0,1.0,296.0,296.0,296.0,0.0,0.0,296.0,30.0,26.0,0.0,0.0,7.0,322.0,315.0,True,F:\claude_larvae_collection\analysis\models\larva_candidate_classifier_retrained.pt,0.5,128.0,raw_isolated_mask,64.0,315.0,300.0,15.0,300.0,0.9154452539391158,0.9154452539391158,19.0,malchow_project\analysis\output\labels\IMG-0766__qr-NOQR__eda3b928__labels.tif,malchow_project\analysis\output\labels\IMG-0766__qr-NOQR__eda3b928__labels_full_working.tif,malchow_project\analysis\output\labels\IMG-0766__qr-NOQR__eda3b928__labels_full_original.tif,malchow_project\analysis\output\overlays\IMG-0766__qr-NOQR__eda3b928__labeled.png,original_pixels,malchow_project\analysis\output\stats\IMG-0766__qr-NOQR__eda3b928__worms.csv,,,22.0,1.0,26.0,R4S,224.0,,,high,277,277,1056.8483754512636,1020.0,146,2430,529.9118112019553,292747,3.944269683205311,3.9224830625059264,2.0001138299895147,10.203092752220403,0.7656949384763382,1092.5627022478711,75.72090767080334,77.71599159002392,22.32025262681164,176.45875944428226,24.59910395186376,20974.691424812525,19.277477134961114,18.31463193210779,5.017877281818952,32.33475245353949,5.706443034020509,5339.861166384228,128.0,128.0,128,128,0.0,35456,0.9418229256295986,0.959846556186676,0.5602626800537109,0.9883823990821838,0.054343555104763505,260.8849503993988,0.5,0.5,0.5,0.5,0.0,138.5,2.0,2.0,2,2,0.0,554,0.0,0.0,0.0,0.0,0.0,0.0,0.0,0.0,0,0,0.0,0,0.9632456136648972,0.966956728389401,0.8660418321698297,0.9951854793337118,0.017142036007574232,266.81903498517653,35.3853006145269,36.03754064347158,13.63425735166143,55.6234850913393,9.687126452602369,9801.72827022395,205.74495942153655,207.0623474121093,169.6494140625,227.9439849853516,8.799012888632156,56991.353759765625,211.2942238267148,212.0,192.0,228.0,5.28851324211627,58528.5,58.56678700361011,55.5,8.0,120.0,23.3032555448177,16223.0,51.15183968664507,49.75347900390625,10.465957641601562,94.6639404296875,17.756089789844673,14169.059593200684,154.59311973489147,154.795166015625,102.6142120361328,196.2032470703125,17.503218969830833,42822.29416656494,17.33665899406548,17.475409836065573,4.166666666666667,29.26086956521739,4.188139016484947,4802.254541356138,152.72743682310468,155.0,78.0,207.0,24.403363949044174,42305.5,0.052052318164559463,0.1114123949777814,-1.5450933490377634,1.5668029313857914,0.9029786550385731,14.41849213158297,166.3545879386566,166.94722215136414,52.04163056034261,374.7178207935912,53.72721048531624,46080.22085900788,,,,,,0.0,,,,,,0.0,0.133735,0.133735,0.133735,0.133735,0.0,37.044595,0.191049,0.191049,0.191049,0.191049,0.0,52.920573,7.4775,7.4775,7.4775,7.4775,0.0,2071.2675,5.2342,5.2342,5.2342,5.2342,0.0,1449.8734000000002,0.2996389891696751,0.0,0,8,1.0427978737180372,83,58.20216606498195,59.0,15.0,137.0,21.39201722812192,16122.0,0.8351597062583622,0.8479103834554071,0.5335968379446641,0.9669565217391304,0.07224580147104641,231.33923863356634,281
malchow_project\analysis\output\images_oriented\IMG_0768.jpg,IMG_0768.jpg,IMG-0768__qr-NOQR__aaa929a9,186,,23.0,1.0,27.0,379.0,True,FeidNr: 23 | X=i;y = 27 | R4s,379.0,0.7,4705.0,3138.0,3294.0,2197.0,True,FeidNr: 23 | X=i;y = 27 | R4s,none,,,,,,,,,,,,,,,,,,,,,,,,,0.14,428.0,214.0,,,,,428.0,,,,,,214.0,,malchow_project\analysis\output\metadata\IMG-0768__qr-NOQR__aaa929a9__qr.txt,malchow_project\analysis\output\metadata\IMG-0768__qr-NOQR__aaa929a9__qr.json,container_interior_v2_raw,393.0,3080.0,37.0,2197.0,2687.0,2160.0,working_pixels,container_interior_v2_raw,"{""left"": 50, ""right"": 3138, ""top"": 559, ""bottom"": 4399}","[569, 4390, 60, 3138]","[1594, 2479]","{""left"": 0, ""right"": 0, ""top"": 0, ""bottom"": 0}",11017543.0,12.0,True,0.0,1.0,194.0,194.0,194.0,0.0,0.0,194.0,195.0,137.0,0.0,0.0,26.0,331.0,305.0,True,F:\claude_larvae_collection\analysis\models\larva_candidate_classifier_retrained.pt,0.5,128.0,raw_isolated_mask,64.0,305.0,208.0,97.0,208.0,0.930188562213125,0.930188562213125,22.0,malchow_project\analysis\output\labels\IMG-0768__qr-NOQR__aaa929a9__labels.tif,malchow_project\analysis\output\labels\IMG-0768__qr-NOQR__aaa929a9__labels_full_working.tif,malchow_project\analysis\output\labels\IMG-0768__qr-NOQR__aaa929a9__labels_full_original.tif,malchow_project\analysis\output\overlays\IMG-0768__qr-NOQR__aaa929a9__labeled.png,original_pixels,malchow_project\analysis\output\stats\IMG-0768__qr-NOQR__aaa929a9__worms.csv,,,23.0,1.0,27.0,R4S,379.0,,,high,186,186,710.2258064516129,629.5,116,2207,439.89341777992416,132102,3.8896487835489046,3.8000600050824342,1.5259269497871708,19.229020836477588,1.4512721624067246,723.4746737400963,61.19644096892168,57.83101682642362,17.80499188865023,227.906324100834,26.957880441179153,11382.538020219432,15.690181849406692,14.925922498351337,5.681299307871284,32.381621696237445,4.977024566187906,2918.3738239896447,128.0,128.0,128,128,0.0,23808,0.9034047565793478,0.9330317080020905,0.6453788876533508,0.9876803159713744,0.07760344289618651,168.0332847237587,0.5,0.5,0.5,0.5,0.0,93.0,2.0,2.0,2,2,0.0,372,0.0,0.0,0.0,0.0,0.0,0.0,0.0,0.0,0,0,0.0,0,0.957681169894646,0.964753895516631,0.7553345717162119,0.9986468386053652,0.026678726753778696,178.12869760040417,28.69969916299422,28.310581008733294,12.153015559492998,53.00980734949434,9.002811025866105,5338.144044316925,204.6532457413212,206.39401245117188,159.2812042236328,219.0458984375,8.051733247528771,38065.50370788574,207.8709677419355,210.0,195.0,219.0,6.018396673356849,38664.0,53.88978494623656,53.0,4.0,120.0,28.225634370713045,10023.5,50.1230459725985,50.6448974609375,5.10028076171875,104.10299682617188,20.65453286236722,9322.88655090332,154.5301997687227,156.71163940429688,81.0692138671875,203.2899932861328,22.507568459395824,28742.617156982422,14.851442676050025,14.828494623655914,6.105263157894737,23.79310344827586,3.6855535756429494,2762.368337745305,153.9811827956989,156.0,78.0,207.0,29.490097663708298,28640.5,0.0038011195340449805,0.1059674954582448,-1.5563888380276143,1.5691484120986243,0.9320809451971026,0.7070082333323664,133.34150463244922,126.72539674441617,50.8700576850888,434.3086578651014,55.10381276023048,24801.519861635552,,,,,,0.0,,,,,,0.0,0.133962,0.133962,0.133962,0.133962,0.0,24.916932,0.19137499999999996,0.191375,0.191375,0.191375,0.0,35.595749999999995,7.4648,7.4648,7.4648,7.4648,0.0,1388.4528,5.2253,5.2253,5.2253,5.2253,0.0,971.9058,0.3602150537634409,0.0,0,8,1.150477201573211,67,45.365591397849464,43.5,15.0,190.0,21.80343882931069,8438.0,0.845799411271255,0.8595459476212615,0.4757763975155279,0.9570815450643776,0.07465777167886029,157.31869049645343,186
malchow_project\analysis\output\images_oriented\IMG_0769.jpg,IMG_0769.jpg,IMG-0769__qr-NOQR__04caecee,182,,23.0,1.0,27.0,379.0,True,FeidNr: 23 | X=1;y = 27 | R4s,379.0,0.7,4705.0,3138.0,3294.0,2197.0,True,FeidNr: 23 | X=1;y = 27 | R4s,none,,,,,,,,,,,,,,,,,,,,,,,,,0.14,428.0,214.0,,,,,428.0,,,,,,214.0,,malchow_project\analysis\output\metadata\IMG-0769__qr-NOQR__04caecee__qr.txt,malchow_project\analysis\output\metadata\IMG-0769__qr-NOQR__04caecee__qr.json,container_interior_v2_raw,400.0,3082.0,55.0,2197.0,2682.0,2142.0,working_pixels,container_interior_v2_raw,"{""left"": 76, ""right"": 3138, ""top"": 569, ""bottom"": 4402}","[579, 4393, 86, 3138]","[1607, 2485]","{""left"": 0, ""right"": 0, ""top"": 0, ""bottom"": 0}",10984682.0,12.0,True,0.0,1.0,180.0,180.0,180.0,0.0,0.0,180.0,148.0,111.0,0.0,0.0,20.0,291.0,271.0,True,F:\claude_larvae_collection\analysis\models\larva_candidate_classifier_retrained.pt,0.5,128.0,raw_isolated_mask,64.0,271.0,191.0,80.0,191.0,0.9370409361855604,0.9370409361855604,9.0,malchow_project\analysis\output\labels\IMG-0769__qr-NOQR__04caecee__labels.tif,malchow_project\analysis\output\labels\IMG-0769__qr-NOQR__04caecee__labels_full_working.tif,malchow_project\analysis\output\labels\IMG-0769__qr-NOQR__04caecee__labels_full_original.tif,malchow_project\analysis\output\overlays\IMG-0769__qr-NOQR__04caecee__labeled.png,original_pixels,malchow_project\analysis\output\stats\IMG-0769__qr-NOQR__04caecee__worms.csv,,,23.0,1.0,27.0,R4S,379.0,,,high,182,182,733.9285714285714,655.0,74,2517,440.62196166534346,133575,3.802216951502973,3.88494596061514,1.7252943209213871,6.36503829862684,0.7896195143051641,692.0034851735411,61.64572514118225,60.145998007393175,21.15897244547057,119.34876051475374,23.713894185799454,11219.521975695168,16.04048894430838,15.44646435128947,4.902777634026089,35.68174633811563,5.090698823600012,2919.368987864125,128.0,128.0,128,128,0.0,23296,0.9117804991674947,0.9418365061283112,0.6518967151641846,0.9864509105682372,0.07557854266022888,165.94405084848404,0.5,0.5,0.5,0.5,0.0,91.0,2.0,2.0,2,2,0.0,364,0.0,0.0,0.0,0.0,0.0,0.0,0.0,0.0,0,0,0.0,0,0.9582720758599337,0.9663037109160064,0.8148931202971138,0.9875813886348912,0.024825838352646963,174.40551780650793,29.19868382395825,28.878571671769564,9.70668461991024,56.610457815658094,9.075034433561694,5314.160455960401,206.04455843076602,208.13719177246094,177.83438110351562,222.0507659912109,7.85923747622,37500.109634399414,208.91758241758242,211.0,195.0,223.0,6.429285438528613,38023.0,53.29120879120879,50.5,4.0,121.0,26.546640487690425,9699.0,50.05137055784791,48.60679626464844,-2.816802978515625,100.7689437866211,20.09380665285748,9109.34944152832,155.9931878729181,157.95150756835938,101.12541198730467,203.82765197753903,21.210384055301187,28390.760192871094,15.194767913992195,15.341991341991342,3.7,22.473684210526315,3.5399818723739935,2765.4477603465793,155.62637362637363,161.0,89.0,207.0,27.50570944313435,28324.0,0.007299828388948669,-0.007858461310088851,-1.5654278071403946,1.555490305633125,0.9501464691724242,1.3285687667886577,134.72006496815393,130.5005230102633,44.87005768508881,295.2203461105329,50.9661777223014,24519.051824204016,,,,,,0.0,,,,,,0.0,0.137837,0.137837,0.137837,0.137837,0.0,25.086333999999997,0.19691,0.19691,0.19691,0.19691,0.0,35.83762,7.255000000000001,7.255,7.255,7.255,0.0,1320.41,5.0785,5.0785,5.0785,5.0785,0.0,924.287,0.4175824175824176,0.0,0,8,1.2965396706152905,76,45.61538461538461,42.0,15.0,120.0,20.401369919753797,8302.0,0.843883838217873,0.8602649930264993,0.5753164556962025,0.9696969696969696,0.0753180326352864,153.5868585556529,182
malchow_project\analysis\output\images_oriented\IMG_0771.jpg,IMG_0771.jpg,IMG-0771__qr-NOQR__25621cde,126,,24.0,1.0,28.0,384.0,True,FeldNr: 24 | R4s | 1 | x=I;y = 28,384.0,0.7,4705.0,3138.0,3294.0,2197.0,True,FeldNr: 24 | R4s | 1 | x=I;y = 28,none,,,,,,,,,,,,,,,,,,,,,,,,,0.14,428.0,214.0,,,,,428.0,,,,,,214.0,,malchow_project\analysis\output\metadata\IMG-0771__qr-NOQR__25621cde__qr.txt,malchow_project\analysis\output\metadata\IMG-0771__qr-NOQR__25621cde__qr.json,container_interior_v2_raw,391.0,3081.0,69.0,2197.0,2690.0,2128.0,working_pixels,container_interior_v2_raw,"{""left"": 96, ""right"": 3138, ""top"": 557, ""bottom"": 4400}","[567, 4391, 106, 3138]","[1617, 2478]","{""left"": 0, ""right"": 0, ""top"": 0, ""bottom"": 0}",10929003.0,12.0,True,0.0,1.0,132.0,132.0,132.0,0.0,0.0,132.0,216.0,161.0,0.0,0.0,17.0,293.0,276.0,True,F:\claude_larvae_collection\analysis\models\larva_candidate_classifier_retrained.pt,0.5,128.0,raw_isolated_mask,64.0,276.0,137.0,139.0,137.0,0.9355628266763564,0.9355628266763564,11.0,malchow_project\analysis\output\labels\IMG-0771__qr-NOQR__25621cde__labels.tif,malchow_project\analysis\output\labels\IMG-0771__qr-NOQR__25621cde__labels_full_working.tif,malchow_project\analysis\output\labels\IMG-0771__qr-NOQR__25621cde__labels_full_original.tif,malchow_project\analysis\output\overlays\IMG-0771__qr-NOQR__25621cde__labeled.png,original_pixels,malchow_project\analysis\output\stats\IMG-0771__qr-NOQR__25621cde__worms.csv,,,24.0,1.0,28.0,R4S,384.0,,,high,124,124,765.7016129032259,632.5,116,2111,451.98724674142034,94947,4.02466036406515,4.0246370930562945,1.567938303614924,5.689813063207369,0.7022161064299023,499.0578851440786,64.49028304099699,59.00885254117412,18.35760977434219,111.60929944241724,22.60747619347714,7996.795097083626,16.028989643951387,15.007387890733746,5.966817270621695,31.25850205142069,5.053131095605755,1987.594715849972,128.0,128.0,128,128,0.0,15872,0.9109991788864136,0.9374761879444122,0.5878393650054932,0.9894262552261353,0.07795759895099598,112.96389818191528,0.5,0.5,0.5,0.5,0.0,62.0,2.0,2.0,2,2,0.0,248,0.0,0.0,0.0,0.0,0.0,0.0,0.0,0.0,0,0,0.0,0,0.9641924744645246,0.9686396925563441,0.7702184238562129,0.9844343497454776,0.022650088984625474,119.55986683360105,29.943033792954875,28.37822908905322,12.153015559492998,51.844080461861104,8.886685590252807,3712.9361903264044,207.6372835713048,209.5422134399414,192.8545379638672,222.4046173095703,6.59463645688863,25747.023162841797,209.21774193548387,211.0,196.0,223.0,5.788354560514338,25943.0,56.54032258064516,56.5,9.0,113.0,25.297626481275916,7011.0,52.33963025000788,56.08478546142578,9.64849853515625,95.34181213378906,18.998655680245204,6490.114151000977,155.29765332129693,152.9708480834961,113.5949935913086,203.57408142089844,19.51628769769825,19256.90901184082,15.458802754739958,15.391156462585034,5.923076923076923,25.49275362318841,3.6733194692402513,1916.8915415877548,152.67741935483872,151.5,100.0,206.0,25.538842849650305,18932.0,-0.022221369463210294,-0.051114937162826155,-1.5630295387715345,1.5558916130051874,0.959512716198255,-2.7554498134380765,139.31640881487377,126.98275605729688,47.31370849898476,250.06601717798213,48.89727459940114,17275.234693044345,,,,,,0.0,,,,,,0.0,0.133848,0.133848,0.133848,0.133848,0.0,16.597151999999998,0.191212,0.191212,0.191212,0.191212,0.0,23.710288,7.4711,7.4711,7.4711,7.4711,0.0,926.4164,5.2298,5.2298,5.2298,5.2298,0.0,648.4952,0.16129032258064516,0.0,0,4,0.6912589760271518,20,46.58870967741935,43.0,15.0,90.0,18.653020024787104,5777.0,0.8440555146175485,0.852163038698329,0.6428571428571429,0.950207468879668,0.06760636835276333,104.66288381257601,126
malchow_project\analysis\output\images_oriented\IMG_0772.jpg,IMG_0772.jpg,IMG-0772__qr-NOQR__c0faf60f,126,,24.0,1.0,28.0,384.0,True,FeldNr: 24 | X=I;y = 28 | R4s | 384,384.0,0.7,4705.0,3138.0,3294.0,2197.0,True,FeldNr: 24 | X=I;y = 28 | R4s | 384,none,,,,,,,,,,,,,,,,,,,,,,,,,0.14,428.0,214.0,,,,,428.0,,,,,,214.0,,malchow_project\analysis\output\metadata\IMG-0772__qr-NOQR__c0faf60f__qr.txt,malchow_project\analysis\output\metadata\IMG-0772__qr-NOQR__c0faf60f__qr.json,container_interior_v2_raw,397.0,3081.0,71.0,2197.0,2684.0,2126.0,working_pixels,container_interior_v2_raw,"{""left"": 99, ""right"": 3138, ""top"": 565, ""bottom"": 4401}","[575, 4392, 109, 3138]","[1618, 2483]","{""left"": 0, ""right"": 0, ""top"": 0, ""bottom"": 0}",10905350.0,12.0,True,0.0,1.0,125.0,125.0,125.0,0.0,0.0,125.0,240.0,181.0,0.0,0.0,19.0,306.0,287.0,True,F:\claude_larvae_collection\analysis\models\larva_candidate_classifier_retrained.pt,0.5,128.0,raw_isolated_mask,64.0,287.0,142.0,145.0,142.0,0.9365334170787344,0.9365334170787344,16.0,malchow_project\analysis\output\labels\IMG-0772__qr-NOQR__c0faf60f__labels.tif,malchow_project\analysis\output\labels\IMG-0772__qr-NOQR__c0faf60f__labels_full_working.tif,malchow_project\analysis\output\labels\IMG-0772__qr-NOQR__c0faf60f__labels_full_original.tif,malchow_project\analysis\output\overlays\IMG-0772__qr-NOQR__c0faf60f__labeled.png,original_pixels,malchow_project\analysis\output\stats\IMG-0772__qr-NOQR__c0faf60f__worms.csv,,,24.0,1.0,28.0,R4S,384.0,,,high,124,124,760.6693548387096,628.0,89,2035,482.83242429185293,94323,4.16147474281035,4.087454606465657,2.34490452979161,6.552085224665884,0.7531284752006369,516.0228681084834,64.43529919372853,57.04197039552476,23.0853386518884,115.53116727045231,23.53300229850963,7989.977100022336,15.680878714118576,15.09836409574162,4.376185132069573,30.494238773557925,5.509103683380631,1944.4289605507033,128.0,128.0,128,128,0.0,15872,0.9085110613415318,0.9497750103473662,0.551133394241333,0.9888476133346558,0.08872713047428793,112.65537160634995,0.5,0.5,0.5,0.5,0.0,62.0,2.0,2.0,2,2,0.0,248,0.0,0.0,0.0,0.0,0.0,0.0,0.0,0.0,0,0,0.0,0,0.9670616263799456,0.9696111835002713,0.904508028201595,0.988284457418884,0.01526097301186807,119.91564167111326,29.601868597034855,28.27637487536991,10.645107772184812,50.90228357879493,9.643320342045971,3670.631706032322,208.47144145350302,210.38688659667966,189.66702270507807,217.54177856445312,6.216037395996749,25850.458740234375,209.78225806451613,211.0,195.0,218.0,5.9006827273044395,26013.0,57.850806451612904,57.75,15.0,106.0,23.724963683499553,7173.5,53.874881252165764,56.04698181152344,23.4205322265625,91.58673095703124,17.6955363654527,6680.485275268555,154.59656020133727,154.07160186767578,115.3802719116211,190.85791015625,17.925618857778264,19169.97346496582,14.971551091444377,15.223492723492722,4.45,23.602941176470587,4.169653402009903,1856.4723353391028,151.93145161290323,151.5,102.0,198.5,23.662887710215283,18839.5,0.08369231459003951,0.11296571094130585,-1.5628932388314003,1.56211557524042,0.948745240144153,10.377847009164899,138.5517771919413,127.71067811865476,54.04163056034261,246.06601717798213,51.44995865670016,17180.420371800723,,,,,,0.0,,,,,,0.0,0.133962,0.133962,0.133962,0.133962,0.0,16.611288,0.191375,0.191375,0.191375,0.191375,0.0,23.7305,7.4648,7.4648,7.4648,7.4648,0.0,925.6352,5.2253,5.2253,5.2253,5.2253,0.0,647.9372,0.13709677419354838,0.0,0,5,0.6906421828305571,17,47.016129032258064,40.0,15.0,91.0,19.58055442838769,5830.0,0.8374055891361893,0.8460498960498961,0.6929824561403509,0.9623655913978496,0.061434883612305806,103.83829305288748,126
malchow_project\analysis\output\images_oriented\IMG_0774.jpg,IMG_0774.jpg,IMG-0774__qr-NOQR__cdd19887,156,,25.0,1.0,29.0,344.0,True,FeldNr: 25 | R4s | x=I;y = 29,344.0,0.7,4705.0,3138.0,3294.0,2197.0,True,FeldNr: 25 | R4s | x=I;y = 29,none,,,,,,,,,,,,,,,,,,,,,,,,,0.14,428.0,214.0,,,,,428.0,,,,,,214.0,,malchow_project\analysis\output\metadata\IMG-0774__qr-NOQR__cdd19887__qr.txt,malchow_project\analysis\output\metadata\IMG-0774__qr-NOQR__cdd19887__qr.json,container_interior_v2_raw,398.0,3080.0,23.0,2197.0,2682.0,2174.0,working_pixels,container_interior_v2_raw,"{""left"": 30, ""right"": 3138, ""top"": 567, ""bottom"": 4399}","[577, 4390, 40, 3138]","[1584, 2483]","{""left"": 0, ""right"": 0, ""top"": 0, ""bottom"": 0}",11033501.0,12.0,True,0.0,1.0,157.0,157.0,157.0,0.0,0.0,157.0,214.0,167.0,0.0,0.0,32.0,324.0,292.0,True,F:\claude_larvae_collection\analysis\models\larva_candidate_classifier_retrained.pt,0.5,128.0,raw_isolated_mask,64.0,292.0,170.0,122.0,170.0,0.9273146747508176,0.9273146747508176,14.0,malchow_project\analysis\output\labels\IMG-0774__qr-NOQR__cdd19887__labels.tif,malchow_project\analysis\output\labels\IMG-0774__qr-NOQR__cdd19887__labels_full_working.tif,malchow_project\analysis\output\labels\IMG-0774__qr-NOQR__cdd19887__labels_full_original.tif,malchow_project\analysis\output\overlays\IMG-0774__qr-NOQR__cdd19887__labeled.png,original_pixels,malchow_project\analysis\output\stats\IMG-0774__qr-NOQR__cdd19887__worms.csv,,,25.0,1.0,29.0,R4S,344.0,,,high,150,150,962.2666666666667,879.5,152,2332,557.8036346731581,144340,3.9084403954464757,3.9989781464780254,1.5130390858456686,8.059619046647414,0.8110566637493789,586.2660593169713,71.88908775529138,71.39927890146669,20.505121472185653,163.9917549042075,26.967109267316108,10783.363163293707,18.26825860037687,17.48384778157861,9.338594126495543,32.35473413289741,5.886063631082462,2740.238790056531,128.0,128.0,128,128,0.0,19200,0.9253212583065032,0.9498689770698547,0.5668632388114929,0.9877947568893432,0.06793341653496929,138.7981887459755,0.5,0.5,0.5,0.5,0.0,75.0,2.0,2.0,2,2,0.0,300,0.0,0.0,0.0,0.0,0.0,0.0,0.0,0.0,0,0,0.0,0,0.9603807054477517,0.9682293230600643,0.7504550787066612,0.9922727997821216,0.026852495242524272,144.05710581716275,33.4741277320757,33.463396244342896,13.911592676604096,54.49031673905373,10.265538810553311,5021.119159811355,207.00629404703776,208.75984191894534,185.7815856933593,219.3233642578125,6.323141720907418,31050.944107055664,208.75333333333333,210.0,194.0,219.0,5.704039151322615,31313.0,55.553333333333335,55.0,5.0,111.0,24.99195485763897,8333.0,53.289551188151044,54.71656036376953,-0.7804107666015625,97.26602935791016,19.06500875038176,7993.432678222656,153.71674285888673,152.32874298095703,98.94332122802734,198.12969970703125,20.079453596972606,23057.511428833008,16.881008926643094,16.759103641456583,6.571428571428571,27.047619047619047,4.079411054486642,2532.1513389964643,153.2,152.5,97.0,208.0,26.28087829122895,22980.0,0.028560280747928542,0.06719371219657405,-1.555405386156261,1.5626076802548483,0.9278321337533338,4.284042112189281,157.17857806314376,155.31727983645294,50.2842712474619,329.56349186104046,57.91987766706107,23576.786709471562,,,,,,0.0,,,,,,0.0,0.137958,0.137958,0.137958,0.137958,0.0,20.6937,0.197083,0.197083,0.197083,0.197083,0.0,29.562450000000002,7.2486,7.2486,7.2486,7.2486,0.0,1087.29,5.074,5.074,5.074,5.074,0.0,761.1,0.12666666666666668,0.0,0,4,0.6883173400593641,19,53.50666666666667,52.0,16.0,123.0,22.143142216125952,8026.0,0.8411132651766805,0.8490199245691274,0.6269035532994924,0.9589552238805972,0.07212507008184776,126.16698977650208,156
malchow_project\analysis\output\images_oriented\IMG_0775.jpg,IMG_0775.jpg,IMG-0775__qr-NOQR__69568db4,164,,25.0,1.0,29.0,344.0,True,FeldNr: 25 | R4s | x=1;y = 29,344.0,0.7,4705.0,3138.0,3294.0,2197.0,True,FeldNr: 25 | R4s | x=1;y = 29,none,,,,,,,,,,,,,,,,,,,,,,,,,0.14,428.0,214.0,,,,,428.0,,,,,,214.0,,malchow_project\analysis\output\metadata\IMG-0775__qr-NOQR__69568db4__qr.txt,malchow_project\analysis\output\metadata\IMG-0775__qr-NOQR__69568db4__qr.json,container_interior_v2_raw,389.0,3083.0,74.0,2197.0,2694.0,2123.0,working_pixels,container_interior_v2_raw,"{""left"": 104, ""right"": 3138, ""top"": 553, ""bottom"": 4403}","[563, 4394, 114, 3138]","[1621, 2478]","{""left"": 0, ""right"": 0, ""top"": 0, ""bottom"": 0}",10880665.0,12.0,True,0.0,1.0,158.0,158.0,158.0,0.0,0.0,158.0,167.0,131.0,0.0,0.0,16.0,289.0,273.0,True,F:\claude_larvae_collection\analysis\models\larva_candidate_classifier_retrained.pt,0.5,128.0,raw_isolated_mask,64.0,273.0,178.0,95.0,178.0,0.9322896504889882,0.9322896504889882,14.0,malchow_project\analysis\output\labels\IMG-0775__qr-NOQR__69568db4__labels.tif,malchow_project\analysis\output\labels\IMG-0775__qr-NOQR__69568db4__labels_full_working.tif,malchow_project\analysis\output\labels\IMG-0775__qr-NOQR__69568db4__labels_full_original.tif,malchow_project\analysis\output\overlays\IMG-0775__qr-NOQR__69568db4__labeled.png,original_pixels,malchow_project\analysis\output\stats\IMG-0775__qr-NOQR__69568db4__worms.csv,,,25.0,1.0,29.0,R4S,344.0,,,high,152,152,966.328947368421,882.0,115,2866,577.0119970324832,146882,3.8352332867534904,4.015173663045633,1.9912053317588905,5.182832214764266,0.6681033214011496,582.9554595865305,71.3078689983073,71.07645911870003,21.31970809677236,173.22675161829744,27.689895491628796,10838.79608774271,18.355180852612598,17.308978508736768,7.165942170972337,59.1850453430966,6.554764769401355,2789.9874895971147,128.0,128.0,128,128,0.0,19456,0.9273370088715303,0.9522265791893005,0.6409475803375244,0.98738831281662,0.06905586361666946,140.9552253484726,0.5,0.5,0.5,0.5,0.0,76.0,2.0,2.0,2,2,0.0,304,0.0,0.0,0.0,0.0,0.0,0.0,0.0,0.0,0,0,0.0,0,0.961022752811663,0.9684889521411356,0.8647466363219233,0.9812096326730048,0.018567843654621396,146.07545842737278,33.44781121119731,33.51114616900972,12.100518486599809,60.40781849405735,10.599589969942214,5084.067304101992,208.29646833319413,209.51837921142578,193.11282348632807,225.4330596923828,6.575292259580349,31661.063186645508,209.69736842105263,211.0,197.0,226.0,6.3036197670864675,31874.0,52.25,50.5,5.0,109.0,24.814143584945754,7942.0,51.398095783434414,51.45221710205078,3.3745880126953125,94.74095916748048,18.580479184937115,7812.510559082031,156.89837254975973,154.64824676513672,118.68213653564452,206.22608947753903,19.303286450583524,23848.552627563477,17.29412606021607,17.100900900900903,4.791666666666667,26.38961038961039,3.783008200860981,2628.707161152842,157.44736842105263,157.5,105.0,208.0,25.63098793838827,23932.0,0.11489284232875632,0.1313624080439956,-1.5706493481493882,1.5461909262736862,0.9525699940175583,17.46371203397096,155.64873680211429,152.5035713374682,50.62741699796952,410.8772003600252,60.435743361306386,23658.60799392137,,,,,,0.0,,,,,,0.0,0.133848,0.133848,0.133848,0.133848,0.0,20.344896,0.191212,0.191212,0.191212,0.191212,0.0,29.064224,7.4711,7.4711,7.4711,7.4711,0.0,1135.6072,5.2298,5.2298,5.2298,5.2298,0.0,794.9296,0.06578947368421052,0.0,0,4,0.46990280285062513,10,52.328947368421055,50.5,15.0,158.0,23.66425653375202,7954.0,0.843567382854483,0.8491877946467785,0.445653864095786,0.9444444444444444,0.06887035443341072,128.2222421938814,164
malchow_project\images\IMG_0777.jpg,IMG_0777.jpg,IMG-0777__qr-NOQR__b7e51b2e,337,,26.0,1.0,30.0,225.0,True,FeldNr: 26 | R4s | X=I;y = 30,225.0,0.7,4705.0,3138.0,3294.0,2197.0,True,FeldNr: 26 | R4s | X=I;y = 30,none,,,,,,,,,,,,,,,,,,,,,,,,,0.14,428.0,214.0,,,,,428.0,,,,,,214.0,,malchow_project\analysis\output\metadata\IMG-0777__qr-NOQR__b7e51b2e__qr.txt,malchow_project\analysis\output\metadata\IMG-0777__qr-NOQR__b7e51b2e__qr.json,container_interior_v2_raw,382.0,3064.0,32.0,2197.0,2682.0,2165.0,working_pixels,container_interior_v2_raw,"{""left"": 43, ""right"": 3138, ""top"": 544, ""bottom"": 4376}","[554, 4367, 53, 3138]","[1590, 2460]","{""left"": 0, ""right"": 0, ""top"": 0, ""bottom"": 0}",11537601.0,12.0,True,0.0,1.0,352.0,352.0,352.0,0.0,0.0,352.0,138.0,109.0,0.0,0.0,19.0,461.0,442.0,True,F:\claude_larvae_collection\analysis\models\larva_candidate_classifier_retrained.pt,0.5,128.0,raw_isolated_mask,64.0,442.0,340.0,102.0,340.0,0.9737111493439284,0.9737111493439284,3.0,malchow_project\analysis\output\labels\IMG-0777__qr-NOQR__b7e51b2e__labels.tif,malchow_project\analysis\output\labels\IMG-0777__qr-NOQR__b7e51b2e__labels_full_working.tif,malchow_project\analysis\output\labels\IMG-0777__qr-NOQR__b7e51b2e__labels_full_original.tif,malchow_project\analysis\output\overlays\IMG-0777__qr-NOQR__b7e51b2e__labeled.png,original_pixels,malchow_project\analysis\output\stats\IMG-0777__qr-NOQR__b7e51b2e__worms.csv,,,26.0,1.0,30.0,R4S,225.0,,,high,334,334,1011.0149700598803,986.0,132,2592,429.84339254845656,337679,4.068783259458498,4.117325117944313,1.5973502506433468,7.066681486326205,0.7152018762245954,1358.9736086591383,76.34910837377186,76.90419723961509,20.22032041202167,185.1426468486233,22.134762166570944,25500.602196839798,18.92416988215161,18.170922080588984,8.044180930329912,60.37120842274416,5.319911392568797,6320.672740638638,128.0,128.0,128,128,0.0,42752,0.9344963201148782,0.9496328234672546,0.6779991388320923,0.9916229844093324,0.04771151194745647,312.1217709183693,0.5,0.5,0.5,0.5,0.0,167.0,2.0,2.0,2,2,0.0,668,0.0,0.0,0.0,0.0,0.0,0.0,0.0,0.0,0,0,0.0,0,0.9649646810052014,0.9700572535090359,0.7797935341633159,0.9899369495522432,0.020830680014364323,322.2982034557373,35.039379502217635,35.43180632975894,12.964089628857147,57.44768837780631,7.725595211309838,11703.152753740691,203.0118555308816,204.85606384277338,161.22329711914062,225.4291534423828,10.21907079079691,67805.95974731445,208.97904191616766,210.0,171.0,226.0,6.348926582422271,69799.0,63.291916167664674,62.0,15.0,131.0,25.464088130252453,21139.5,53.01316262433629,51.79939270019531,4.7454376220703125,107.16173553466795,19.375442528418233,17706.39631652832,149.9986929065453,149.22992706298828,95.44408416748048,192.10191345214844,19.380884514781293,50099.56343078613,16.853055224741748,16.596467695059246,5.225,26.288888888888888,3.4244823101216917,5628.920445063744,145.687125748503,145.25,72.0,201.0,26.31648192945437,48659.5,0.012272664142917179,0.011671316456400349,-1.566525990322434,1.566315509843178,0.9238373420266621,4.099069823734338,166.81210328530958,167.79951288348659,48.04163056034261,382.00209204105306,47.15426582342662,55715.2424972934,,,,,,0.0,,,,,,0.0,0.137837,0.137837,0.137837,0.137837,0.0,46.037558,0.19690999999999997,0.19691,0.19691,0.19691,0.0,65.76794,7.255,7.255,7.255,7.255,0.0,2423.17,5.0785,5.0785,5.0785,5.0785,0.0,1696.219,0.47604790419161674,0.0,0,8,1.2439745263963093,159,58.712574850299404,59.0,15.0,145.0,19.0688973042829,19610.0,0.8307824241232655,0.8417463270674279,0.3978685612788632,0.9689655172413794,0.0786588425332482,277.4813296571707,337
malchow_project\images\IMG_0778.jpg,IMG_0778.jpg,IMG-0778__qr-NOQR__15f35046,333,,26.0,1.0,30.0,225.0,True,FeldNr: 26 | X=1;y = 30 | R4s,225.0,0.7,4705.0,3138.0,3294.0,2197.0,True,FeldNr: 26 | X=1;y = 30 | R4s,none,,,,,,,,,,,,,,,,,,,,,,,,,0.14,428.0,214.0,,,,,428.0,,,,,,214.0,,malchow_project\analysis\output\metadata\IMG-0778__qr-NOQR__15f35046__qr.txt,malchow_project\analysis\output\metadata\IMG-0778__qr-NOQR__15f35046__qr.json,container_interior_v2_raw,389.0,3074.0,28.0,2197.0,2685.0,2169.0,working_pixels,container_interior_v2_raw,"{""left"": 38, ""right"": 3138, ""top"": 554, ""bottom"": 4391}","[564, 4382, 48, 3138]","[1588, 2472]","{""left"": 0, ""right"": 0, ""top"": 0, ""bottom"": 0}",11091066.0,12.0,True,0.0,1.0,337.0,337.0,337.0,0.0,0.0,337.0,100.0,80.0,0.0,0.0,12.0,417.0,405.0,True,F:\claude_larvae_collection\analysis\models\larva_candidate_classifier_retrained.pt,0.5,128.0,raw_isolated_mask,64.0,405.0,342.0,63.0,342.0,0.9332723762033668,0.9332723762033668,9.0,malchow_project\analysis\output\labels\IMG-0778__qr-NOQR__15f35046__labels.tif,malchow_project\analysis\output\labels\IMG-0778__qr-NOQR__15f35046__labels_full_working.tif,malchow_project\analysis\output\labels\IMG-0778__qr-NOQR__15f35046__labels_full_original.tif,malchow_project\analysis\output\overlays\IMG-0778__qr-NOQR__15f35046__labeled.png,original_pixels,malchow_project\analysis\output\stats\IMG-0778__qr-NOQR__15f35046__worms.csv,,,26.0,1.0,30.0,R4S,225.0,,,high,328,328,1037.4024390243903,1016.0,205,2530,435.49605052699854,340268,4.105015395875175,4.144210240379605,1.9279224000099988,7.143055871816424,0.613225656936928,1346.4450498470574,77.37101027429601,78.54118206051143,29.395633665373083,200.0565763193992,20.404580383433103,25377.691369969092,19.01790558011094,18.11291018338835,8.528892729089764,55.16843076601316,5.167433597348428,6237.873030276389,128.0,128.0,128,128,0.0,41984,0.939572506198069,0.9518609344959259,0.6970477104187012,0.992789089679718,0.04069281254088408,308.1797820329666,0.5,0.5,0.5,0.5,0.0,164.0,2.0,2.0,2,2,0.0,656,0.0,0.0,0.0,0.0,0.0,0.0,0.0,0.0,0,0,0.0,0,0.9673068184077246,0.9704502101065557,0.8549605212423653,0.9901520542719764,0.013252183194779159,317.27663643773366,35.51431006199875,35.96680938658481,16.15593100600236,56.7564626115825,7.7316129948059285,11648.693700335589,203.2968318287919,204.55259704589844,175.56320190429688,229.715087890625,8.781484065229257,66681.36083984375,209.3170731707317,210.0,194.0,230.0,5.841176306442666,68656.0,63.43140243902439,62.0,12.0,129.0,25.27743349113413,20805.5,53.13061569958198,52.86051940917969,3.48736572265625,103.85858154296876,19.571174682899763,17426.84194946289,150.16621612920994,151.42898559570312,92.35921478271484,188.5784912109375,19.110872839531535,49254.51889038086,16.92671239281603,17.13934948979592,6.722222222222222,26.841463414634145,3.3754808660965616,5551.961664843658,145.8856707317073,147.5,73.0,202.0,25.896463023012615,47850.5,-0.036508680002450854,-0.0179772134768722,-1.5635986304609442,1.5436817750063925,0.864159241365412,-11.97484704080388,169.12965478213678,170.24621202458746,66.59188309203678,400.41630560342617,44.54937444664802,55474.52676854087,,,,,,0.0,,,,,,0.0,0.134651,0.134651,0.134651,0.134651,0.0,44.165527999999995,0.192358,0.192358,0.192358,0.192358,0.0,63.093424,7.4266,7.4266,7.4266,7.4266,0.0,2435.9248,5.1986,5.1986,5.1986,5.1986,0.0,1705.1408,0.35365853658536583,0.0,0,6,1.07084751618699,116,59.59451219512195,59.0,22.0,152.0,18.020296925699384,19547.0,0.8289288919320748,0.8343461783627791,0.5143692157817827,0.9440842787682334,0.06936554405906839,271.88867655372053,333
malchow_project\images\IMG_0780.jpg,IMG_0780.jpg,IMG-0780__qr-NOQR__073034c5,65,,27.0,1.0,31.0,342.0,True,FeldNr: 27 | R4s | x=I;y = 31,342.0,0.7,4705.0,3138.0,3294.0,2197.0,True,FeldNr: 27 | R4s | x=I;y = 31,none,,,,,,,,,,,,,,,,,,,,,,,,,0.14,428.0,214.0,,,,,428.0,,,,,,214.0,,malchow_project\analysis\output\metadata\IMG-0780__qr-NOQR__073034c5__qr.txt,malchow_project\analysis\output\metadata\IMG-0780__qr-NOQR__073034c5__qr.json,container_interior_v2_raw,372.0,3294.0,0.0,2197.0,2922.0,2197.0,working_pixels,container_interior_v2_raw,"{""left"": 0, ""right"": 3138, ""top"": 529, ""bottom"": 4387}","[539, 4705, 0, 3138]","[1569, 2458]","{""left"": 0, ""right"": 0, ""top"": 0, ""bottom"": 0}",12438399.0,12.0,True,0.0,1.0,28.0,28.0,28.0,0.0,0.0,28.0,176.0,100.0,0.0,0.0,11.0,128.0,117.0,True,F:\claude_larvae_collection\analysis\models\larva_candidate_classifier_retrained.pt,0.5,128.0,raw_isolated_mask,64.0,117.0,72.0,45.0,72.0,0.9495412043739564,0.9495412043739564,7.0,malchow_project\analysis\output\labels\IMG-0780__qr-NOQR__073034c5__labels.tif,malchow_project\analysis\output\labels\IMG-0780__qr-NOQR__073034c5__labels_full_working.tif,malchow_project\analysis\output\labels\IMG-0780__qr-NOQR__073034c5__labels_full_original.tif,malchow_project\analysis\output\overlays\IMG-0780__qr-NOQR__073034c5__labeled.png,original_pixels,malchow_project\analysis\output\stats\IMG-0780__qr-NOQR__073034c5__worms.csv,,,27.0,1.0,31.0,R4S,342.0,,,high,53,53,443.60377358490564,344.0,63,1806,347.69871681930874,23511,3.607213113298681,3.4429679041452257,1.667861625145613,6.641159716594747,1.1118550871916801,191.18229500483008,45.569178499736786,37.94269124788797,18.98686374534689,112.7543834887247,19.78447511381,2415.16646048605,13.162055644798755,12.40240795980868,5.621373826240399,27.74639348340901,5.34873730952294,697.5889491743341,128.0,128.0,128,128,0.0,6784,0.8882001019873709,0.9230218529701232,0.5997957587242126,0.9769040942192078,0.09030330872566981,47.07460540533066,0.5,0.5,0.5,0.5,0.0,26.5,2.0,2.0,2,2,0.0,106,0.0,0.0,0.0,0.0,0.0,0.0,0.0,0.0,0,0,0.0,0,0.9481918021616872,0.9568910540820011,0.8003222272407676,0.9885984194385992,0.03320370168190929,50.25416551456942,22.289691105088966,20.928315827817965,8.95623198216277,47.95279572445911,8.324116342075751,1181.3536285697153,207.57280256163398,208.8282012939453,184.4053497314453,215.5182647705078,6.558303143810775,11001.358535766602,208.9245283018868,211.0,194.0,216.0,5.124785386139734,11073.0,64.06603773584905,63.0,2.0,124.0,28.211603882337727,3395.5,61.09723389823482,60.42601013183594,4.357330322265625,103.87464141845705,20.451292645974554,3238.1533966064453,146.47556866339917,150.74073791503906,91.53968048095705,193.69541931152344,22.78358097622866,7763.205139160156,11.891622313292363,11.242424242424242,3.3157894736842106,21.859375,4.3525368305782495,630.2559826044952,144.85849056603774,149.0,82.0,202.0,29.86884428993288,7677.5,-0.11990787722823834,-0.0974810374233454,-1.5013845700660975,1.514781098977393,0.8370680552556207,-6.355117493096632,100.18173848087403,84.66904755831213,38.970562748477136,240.61017305526644,43.17697294051565,5309.6321394863235,,,,,,0.0,,,,,,0.0,0.133621,0.133621,0.133621,0.133621,0.0,7.081912999999999,0.190887,0.190887,0.190887,0.190887,0.0,10.117011,7.4839,7.4839,7.4839,7.4839,0.0,396.6467,5.2387,5.2387,5.2387,5.2387,0.0,277.6511,0.1320754716981132,0.0,0,7,0.9615239476408233,7,34.0377358490566,29.0,15.0,90.0,15.849001745015293,1804.0,0.8177600610705726,0.8376068376068376,0.536036036036036,0.9428969359331476,0.08914280767026536,43.34128323674035,65
malchow_project\images\IMG_0782.jpg,IMG_0782.jpg,IMG-0782__qr-NOQR__2d29a38a,59,,27.0,1.0,31.0,342.0,True,FeldNr: 27 | R4s | x=I;y = 31,342.0,0.7,4705.0,3138.0,3294.0,2197.0,True,FeldNr: 27 | R4s | x=I;y = 31,none,,,,,,,,,,,,,,,,,,,,,,,,,0.14,428.0,214.0,,,,,428.0,,,,,,214.0,,malchow_project\analysis\output\metadata\IMG-0782__qr-NOQR__2d29a38a__qr.txt,malchow_project\analysis\output\metadata\IMG-0782__qr-NOQR__2d29a38a__qr.json,container_interior_v2_raw,384.0,3071.0,52.0,2197.0,2687.0,2145.0,working_pixels,container_interior_v2_raw,"{""left"": 72, ""right"": 3138, ""top"": 547, ""bottom"": 4386}","[557, 4377, 82, 3138]","[1605, 2466]","{""left"": 0, ""right"": 0, ""top"": 0, ""bottom"": 0}",10927613.0,12.0,True,0.0,1.0,65.0,65.0,65.0,0.0,0.0,65.0,143.0,102.0,0.0,0.0,9.0,167.0,158.0,True,F:\claude_larvae_collection\analysis\models\larva_candidate_classifier_retrained.pt,0.5,128.0,raw_isolated_mask,64.0,158.0,76.0,82.0,76.0,0.9290849579647495,0.9290849579647495,17.0,malchow_project\analysis\output\labels\IMG-0782__qr-NOQR__2d29a38a__labels.tif,malchow_project\analysis\output\labels\IMG-0782__qr-NOQR__2d29a38a__labels_full_working.tif,malchow_project\analysis\output\labels\IMG-0782__qr-NOQR__2d29a38a__labels_full_original.tif,malchow_project\analysis\output\overlays\IMG-0782__qr-NOQR__2d29a38a__labeled.png,original_pixels,malchow_project\analysis\output\stats\IMG-0782__qr-NOQR__2d29a38a__worms.csv,,,27.0,1.0,31.0,R4S,342.0,,,high,59,59,498.96610169491527,426.0,128,1844,331.4761637085765,29439,3.330736959971658,3.167884942832816,2.053858482867762,6.1043211382118585,0.8610185662330492,196.51348063832782,47.32477157783596,39.12930989473856,21.76739263255349,111.41636361528852,19.711370464049235,2792.1615230923217,14.367839615051967,13.235681956667475,6.410100158361054,27.852897143778208,4.840715597424115,847.7025372880661,128.0,128.0,128,128,0.0,7552,0.9114703051114487,0.9283552765846252,0.6716683506965637,0.9832952618598938,0.06812801733934257,53.77674800157547,0.5,0.5,0.5,0.5,0.0,29.5,2.0,2.0,2,2,0.0,118,0.0,0.0,0.0,0.0,0.0,0.0,0.0,0.0,0,0,0.0,0,0.9440791630971911,0.9488696931985156,0.8734641518519641,0.9864905161058308,0.027889182074807232,55.70067062273427,24.058239747628154,23.28948359361322,12.766152972845846,48.45465633447048,7.581470005707315,1419.436145110061,210.03001455533303,211.64605712890625,187.7826538085937,217.32443237304688,6.169464010635343,12391.770858764648,210.77966101694915,212.0,196.0,217.0,5.139662529543369,12436.0,49.83050847457627,46.5,9.0,131.0,29.339806161579606,2940.0,52.347395428156446,50.223663330078125,20.897140502929688,107.21782684326172,20.735290584996783,3088.4963302612305,157.68261912717657,159.69381713867188,85.5085678100586,193.9338531494141,23.08410404424964,9303.274528503418,14.447128263465405,14.8,6.076923076923077,23.34177215189873,4.094938966515873,852.3805675444589,160.94915254237287,162.0,80.0,206.0,30.26331210581981,9496.0,0.003681887487861585,-0.0289044105921313,-1.4596020979295825,1.541768312152997,0.830983583675427,0.2172313617838335,105.34276535638276,92.66904755831212,50.97056274847714,242.14927829866733,42.082240417370436,6215.223156026583,,,,,,0.0,,,,,,0.0,0.134306,0.134306,0.134306,0.134306,0.0,7.924054000000001,0.191865,0.191865,0.191865,0.191865,0.0,11.320035,7.4457,7.4457,7.4457,7.4457,0.0,439.29630000000003,5.212,5.212,5.212,5.212,0.0,307.508,0.0,0.0,0,0,0.0,0,33.16949152542373,26.0,15.0,79.0,16.12253995388388,1957.0,0.8485958388724073,0.8672086720867209,0.6174536760310819,0.9525862068965516,0.07450851479078648,50.06715449347203,59
malchow_project\images\IMG_0784.jpg,IMG_0784.jpg,IMG-0784__qr-NOQR__14193a7a,236,,28.0,1.0,32.0,149.0,True,FeldNr: 28 | R4s | x=1;y = 32 | 149,149.0,0.7,4705.0,3138.0,3294.0,2197.0,True,FeldNr: 28 | R4s | x=1;y = 32 | 149,none,,,,,,,,,,,,,,,,,,,,,,,,,0.14,428.0,214.0,,,,,428.0,,,,,,214.0,,malchow_project\analysis\output\metadata\IMG-0784__qr-NOQR__14193a7a__qr.txt,malchow_project\analysis\output\metadata\IMG-0784__qr-NOQR__14193a7a__qr.json,container_interior_v2_raw,373.0,3073.0,37.0,2197.0,2700.0,2160.0,working_pixels,container_interior_v2_raw,"{""left"": 50, ""right"": 3138, ""top"": 530, ""bottom"": 4389}","[540, 4380, 60, 3138]","[1594, 2459]","{""left"": 0, ""right"": 0, ""top"": 0, ""bottom"": 0}",11001678.0,12.0,True,0.0,1.0,234.0,234.0,234.0,0.0,0.0,234.0,165.0,119.0,0.0,0.0,13.0,353.0,340.0,True,F:\claude_larvae_collection\analysis\models\larva_candidate_classifier_retrained.pt,0.5,128.0,raw_isolated_mask,64.0,340.0,256.0,84.0,256.0,0.9244140946502056,0.9244140946502056,20.0,malchow_project\analysis\output\labels\IMG-0784__qr-NOQR__14193a7a__labels.tif,malchow_project\analysis\output\labels\IMG-0784__qr-NOQR__14193a7a__labels_full_working.tif,malchow_project\analysis\output\labels\IMG-0784__qr-NOQR__14193a7a__labels_full_original.tif,malchow_project\analysis\output\overlays\IMG-0784__qr-NOQR__14193a7a__labeled.png,original_pixels,malchow_project\analysis\output\stats\IMG-0784__qr-NOQR__14193a7a__worms.csv,,,28.0,1.0,32.0,R4S,149.0,,,high,235,235,942.4297872340426,904.0,93,2288,543.14290980961,221471,3.84343345567322,3.897221681253824,2.000615013406484,5.600003698913062,0.7320952761610235,903.2068620832067,70.65903602743235,74.79684645629469,20.50908628760653,119.869621135209,27.189679672049095,16604.873466446603,18.149148857172847,17.44579666058971,6.460623998474434,35.57096492502264,6.0431628419735555,4265.049981435619,128.0,128.0,128,128,0.0,30080,0.9233623717693572,0.9483155608177184,0.5998764634132385,0.9918981790542604,0.06703781326255362,216.99015736579895,0.5,0.5,0.5,0.5,0.0,117.5,2.0,2.0,2,2,0.0,470,0.0,0.0,0.0,0.0,0.0,0.0,0.0,0.0,0,0,0.0,0,0.9607805498428076,0.966519532338246,0.866114127849447,0.9839269724034044,0.018369252239849202,225.78342921305978,33.005381789322634,33.92651689225682,10.881694613449236,53.973809188846886,10.538321776655168,7756.264720490819,204.15793327169214,205.659408569336,176.01638793945312,220.4602508544922,8.504751285304225,47977.114318847656,208.38510638297873,210.0,195.0,222.0,6.309807138186822,48970.5,62.58723404255319,65.5,10.0,121.0,26.46610973564131,14708.0,55.457217407226565,56.85763549804688,12.814620971679688,98.7667007446289,18.854497063448896,13032.446090698242,148.7007158644656,147.88330078125,95.7706069946289,188.59230041503903,19.44647279170969,34944.668228149414,16.49246932390776,17.08,5.8125,27.175,4.042466400621878,3875.7302911183237,145.79787234042553,143.0,86.0,203.0,26.78073750733212,34262.5,0.14309368887239782,0.1838426980689483,-1.563450940992053,1.5689266508943724,0.9123928747946224,33.62701688501349,154.8673437071002,160.81118318204307,46.698484809834994,269.32085117392114,58.76645746120914,36393.825771168544,,,,,,0.0,,,,,,0.0,0.134077,0.134077,0.134077,0.134077,0.0,31.508095,0.191538,0.191538,0.191538,0.191538,0.0,45.011430000000004,7.4584,7.4584,7.4584,7.4584,0.0,1752.724,5.2209,5.2209,5.2209,5.2209,0.0,1226.9115000000002,0.225531914893617,0.0,0,4,0.8295988334155473,53,53.62978723404255,57.0,15.0,102.0,23.348236219678817,12603.0,0.8368074688307217,0.85790273556231,0.5194312796208531,0.9576271186440678,0.08092301211497302,196.64975517521958,236
malchow_project\images\IMG_0785.jpg,IMG_0785.jpg,IMG-0785__qr-NOQR__84600a13,242,,28.0,1.0,32.0,149.0,True,FeldNr: 28 | R4s | X=I;y = 32,149.0,0.7,4705.0,3138.0,3294.0,2197.0,True,FeldNr: 28 | R4s | X=I;y = 32,none,,,,,,,,,,,,,,,,,,,,,,,,,0.14,428.0,214.0,,,,,428.0,,,,,,214.0,,malchow_project\analysis\output\metadata\IMG-0785__qr-NOQR__84600a13__qr.txt,malchow_project\analysis\output\metadata\IMG-0785__qr-NOQR__84600a13__qr.json,container_interior_v2_raw,382.0,3294.0,0.0,2197.0,2912.0,2197.0,working_pixels,container_interior_v2_raw,"{""left"": 0, ""right"": 3138, ""top"": 543, ""bottom"": 4388}","[553, 4705, 0, 3138]","[1569, 2465]","{""left"": 0, ""right"": 0, ""top"": 0, ""bottom"": 0}",12445752.0,12.0,True,0.0,1.0,244.0,244.0,244.0,0.0,0.0,244.0,155.0,76.0,0.0,0.0,11.0,320.0,309.0,True,F:\claude_larvae_collection\analysis\models\larva_candidate_classifier_retrained.pt,0.5,128.0,raw_isolated_mask,64.0,309.0,257.0,52.0,257.0,0.9533887681503748,0.9533887681503748,15.0,malchow_project\analysis\output\labels\IMG-0785__qr-NOQR__84600a13__labels.tif,malchow_project\analysis\output\labels\IMG-0785__qr-NOQR__84600a13__labels_full_working.tif,malchow_project\analysis\output\labels\IMG-0785__qr-NOQR__84600a13__labels_full_original.tif,malchow_project\analysis\output\overlays\IMG-0785__qr-NOQR__84600a13__labeled.png,original_pixels,malchow_project\analysis\output\stats\IMG-0785__qr-NOQR__84600a13__worms.csv,,,28.0,1.0,32.0,R4S,149.0,,,high,231,231,1036.5497835497836,1058.0,70,2362,569.0704822912273,239443,3.7669044949430517,3.755370581181774,1.7104545735319567,5.610844041558685,0.686012727072913,870.154938331845,73.25136519635879,77.67377958444692,20.67819969468556,144.23278511433043,27.058719106676694,16921.06536035888,19.210314842405083,18.690183441420565,4.602818151711661,31.301321976966285,5.976760336543525,4437.582728595574,128.0,128.0,128,128,0.0,29568,0.9260217854470918,0.9509641528129578,0.5750706791877747,0.9917359948158264,0.07004308745049155,213.9110324382782,0.5,0.5,0.5,0.5,0.0,115.5,2.0,2.0,2,2,0.0,462,0.0,0.0,0.0,0.0,0.0,0.0,0.0,0.0,0,0,0.0,0,0.9591102776883198,0.9638942558319687,0.8112929070658685,0.9839895244862568,0.02129028480694461,221.55447414600187,34.75670249331147,36.70268979693181,9.440697438826296,54.83969187244267,10.594039188197195,8028.79827595495,205.11531146160968,206.6951446533203,181.760498046875,228.1260528564453,7.347951563799308,47381.636947631836,209.03246753246754,210.0,195.0,229.0,5.602020789705192,48286.5,56.70779220779221,58.0,10.0,106.0,23.695993605049523,13099.5,51.60616345426221,51.51911926269531,6.404708862304688,88.33367156982422,17.454997634644204,11921.02375793457,153.50914800734748,152.96383666992188,111.8769302368164,188.44956970214844,17.431029013883013,35460.613189697266,17.942150899434687,18.369230769230768,4.666666666666667,28.11904761904762,4.059077943288408,4144.636857769413,152.32467532467533,152.5,95.0,199.0,23.910080587452555,35187.0,-0.014777811099011655,0.0488924086606322,-1.5647445404108358,1.5575822302440303,0.9668906841041996,-3.413674363871692,161.14916689055136,170.91168824543144,42.04163056034262,301.4802307403552,58.542146906797804,37225.457551717365,,,,,,0.0,,,,,,0.0,0.132719,0.132719,0.132719,0.132719,0.0,30.658089,0.189598,0.189598,0.189598,0.189598,0.0,43.797138,7.5347,7.5347,7.5347,7.5347,0.0,1740.5157,5.2743,5.2743,5.2743,5.2743,0.0,1218.3633,0.2510822510822511,0.0,0,7,0.9767675826913225,58,54.54978354978355,56.0,15.0,104.0,22.713066292064752,12601.0,0.8450383138198859,0.868766404199475,0.5880952380952381,0.9680365296803652,0.07749399088807594,195.20385049239366,242
malchow_project\images\IMG_0787.jpg,IMG_0787.jpg,IMG-0787__qr-NOQR__46222e6b,350,,29.0,1.0,33.0,221.0,True,FeldNr: 29 | R4s | x=I;y = 33,221.0,0.7,4705.0,3138.0,3294.0,2197.0,True,FeldNr: 29 | R4s | x=I;y = 33,none,,,,,,,,,,,,,,,,,,,,,,,,,0.14,428.0,214.0,,,,,428.0,,,,,,214.0,,malchow_project\analysis\output\metadata\IMG-0787__qr-NOQR__46222e6b__qr.txt,malchow_project\analysis\output\metadata\IMG-0787__qr-NOQR__46222e6b__qr.json,container_interior_v2_raw,371.0,3072.0,41.0,2197.0,2701.0,2156.0,working_pixels,container_interior_v2_raw,"{""left"": 57, ""right"": 3138, ""top"": 528, ""bottom"": 4388}","[538, 4379, 67, 3138]","[1597, 2458]","{""left"": 0, ""right"": 0, ""top"": 0, ""bottom"": 0}",11069718.0,12.0,True,0.0,1.0,359.0,359.0,359.0,0.0,0.0,359.0,162.0,93.0,0.0,0.0,19.0,452.0,433.0,True,F:\claude_larvae_collection\analysis\models\larva_candidate_classifier_retrained.pt,0.5,128.0,raw_isolated_mask,64.0,433.0,367.0,66.0,367.0,0.9314817778614256,0.9314817778614256,17.0,malchow_project\analysis\output\labels\IMG-0787__qr-NOQR__46222e6b__labels.tif,malchow_project\analysis\output\labels\IMG-0787__qr-NOQR__46222e6b__labels_full_working.tif,malchow_project\analysis\output\labels\IMG-0787__qr-NOQR__46222e6b__labels_full_original.tif,malchow_project\analysis\output\overlays\IMG-0787__qr-NOQR__46222e6b__labeled.png,original_pixels,malchow_project\analysis\output\stats\IMG-0787__qr-NOQR__46222e6b__worms.csv,,,29.0,1.0,33.0,R4S,221.0,,,high,344,344,947.6686046511628,915.0,130,2741,504.71987502733674,325998,3.912720389137911,3.9447081083372977,1.7074791465113088,6.559757748967349,0.7504875472176431,1345.9758138634413,72.07680653195233,74.27415902684665,22.3101073889116,147.11685306576305,24.35685310531081,24794.4214469916,18.558515512158102,17.303363028332825,7.176174613777241,61.51337837200644,6.622839372582633,6384.129336182387,128.0,128.0,128,128,0.0,44032,0.9273729603304419,0.947624683380127,0.5243609547615051,0.9907047152519226,0.06299108767391964,319.016298353672,0.5,0.5,0.5,0.5,0.0,172.0,2.0,2.0,2,2,0.0,688,0.0,0.0,0.0,0.0,0.0,0.0,0.0,0.0,0,0,0.0,0,0.961620778440494,0.9673341898040098,0.8105577702601466,0.9883120091771584,0.021223186236383612,330.7975477835299,33.49094071816345,34.13229900772746,12.865501965161371,59.07579531516339,9.231129234224348,11520.883607048227,203.70134956892147,204.78937530517575,157.37857055664062,226.8845672607422,9.9368259899015,70073.26425170898,209.8125,211.0,156.0,229.0,7.283144054444082,72175.5,51.41424418604651,48.0,-13.5,128.0,24.406644903838483,17686.5,44.921785709469816,42.33766174316406,-10.04541015625,112.83687591552734,18.804613649787495,15453.094284057617,158.77956385945166,161.19116973876953,79.95508575439453,195.3475646972656,18.99626114736241,54620.16996765137,16.28885952130862,16.28270509977827,7.071428571428571,26.2375,3.6536670146282932,5603.367675330165,158.39825581395348,162.0,75.0,205.0,25.652075482127813,54489.0,-0.01344357026035196,0.0034964338355059008,-1.56875904053738,1.5634275111954907,0.9207098255153292,-4.624588169561075,159.03573295662926,159.9827560572969,48.970562748477136,354.1787155501902,54.73048562800854,54708.29213708046,,,,,,0.0,,,,,,0.0,0.133848,0.133848,0.133848,0.133848,0.0,46.043712,0.191212,0.191212,0.191212,0.191212,0.0,65.776928,7.4711,7.4711,7.4711,7.4711,0.0,2570.0584,5.2298,5.2298,5.2298,5.2298,0.0,1799.0512,0.34011627906976744,0.0,0,10,1.1443948779095137,117,55.79360465116279,55.5,15.0,152.0,22.335263202028422,19193.0,0.8272698153237891,0.8383189155684911,0.3411151405258386,0.9785867237687366,0.07974078031154823,284.58081647138346,350
malchow_project\images\IMG_0788.jpg,IMG_0788.jpg,IMG-0788__qr-NOQR__975b3e2f,375,,29.0,1.0,33.0,221.0,True,FeldNr: 29 | x=I;y = 33 | R4s,221.0,0.7,4705.0,3138.0,3294.0,2197.0,True,FeldNr: 29 | x=I;y = 33 | R4s,none,,,,,,,,,,,,,,,,,,,,,,,,,0.14,428.0,214.0,,,,,428.0,,,,,,214.0,,malchow_project\analysis\output\metadata\IMG-0788__qr-NOQR__975b3e2f__qr.txt,malchow_project\analysis\output\metadata\IMG-0788__qr-NOQR__975b3e2f__qr.json,container_interior_v2_raw,383.0,3294.0,0.0,2197.0,2911.0,2197.0,working_pixels,container_interior_v2_raw,"{""left"": 0, ""right"": 3138, ""top"": 545, ""bottom"": 4377}","[555, 4705, 0, 3138]","[1569, 2461]","{""left"": 0, ""right"": 0, ""top"": 0, ""bottom"": 0}",12411548.0,12.0,True,0.0,1.0,363.0,363.0,363.0,0.0,0.0,363.0,181.0,101.0,0.0,0.0,21.0,464.0,443.0,True,F:\claude_larvae_collection\analysis\models\larva_candidate_classifier_retrained.pt,0.5,128.0,raw_isolated_mask,64.0,443.0,390.0,53.0,390.0,0.9510887946103076,0.9510887946103076,15.0,malchow_project\analysis\output\labels\IMG-0788__qr-NOQR__975b3e2f__labels.tif,malchow_project\analysis\output\labels\IMG-0788__qr-NOQR__975b3e2f__labels_full_working.tif,malchow_project\analysis\output\labels\IMG-0788__qr-NOQR__975b3e2f__labels_full_original.tif,malchow_project\analysis\output\overlays\IMG-0788__qr-NOQR__975b3e2f__labeled.png,original_pixels,malchow_project\analysis\output\stats\IMG-0788__qr-NOQR__975b3e2f__worms.csv,,,29.0,1.0,33.0,R4S,221.0,,,high,362,362,957.0911602209944,904.5,82,3975,536.0342166480482,346467,3.843765075538604,3.8756372435356052,1.9157650156463524,5.865143645846159,0.6559177944016519,1391.4429573449747,71.34527234083737,73.67493101799974,17.543710909339914,237.9805359990494,25.701672437739333,25826.988587383126,18.407414272842114,17.598617006622852,5.405922245934368,43.93764180351511,5.639679613141079,6663.483966768846,128.0,128.0,128,128,0.0,46336,0.9274337489301987,0.951656311750412,0.5412983894348145,0.994152843952179,0.06573451126442781,335.73101711273193,0.5,0.5,0.5,0.5,0.0,181.0,2.0,2.0,2,2,0.0,724,0.0,0.0,0.0,0.0,0.0,0.0,0.0,0.0,0,0,0.0,0,0.9615923245954715,0.9661389697884907,0.8529548567531773,0.985357882442634,0.01746850096930357,348.0964215035607,33.55761892238077,33.9358862621381,10.217907939900584,71.14159957663499,9.63061458847434,12147.858049901837,204.39554005828353,205.326042175293,169.31948852539062,229.816162109375,9.379381692378631,73991.18550109863,210.61602209944752,212.0,178.0,230.0,6.532600342510406,76243.0,47.41436464088398,43.0,2.0,110.0,24.03937474723208,17164.0,41.93161265757861,40.162452697753906,-1.3128662109375,90.04067993164062,18.307729694587323,15179.243782043457,162.4639274007049,164.51851654052734,111.65264129638672,214.3131256103516,17.848431455772086,58811.941719055176,16.515982054717366,16.544834307992204,3.9047619047619047,29.818181818181817,4.153159018151565,5978.785503807686,163.20165745856355,168.0,99.0,215.0,24.915217957864225,59079.0,0.05463261601413441,0.10897078659180386,-1.57013495603587,1.550485950289058,0.8981275881135783,19.777006997116658,157.55810641978022,158.618795026618,40.89949493661166,499.8305191657993,56.341133161919,57036.03452396044,,,,,,0.0,,,,,,0.0,0.137958,0.137958,0.137958,0.137958,0.0,49.940796,0.197083,0.197083,0.197083,0.197083,0.0,71.344046,7.2486,7.2486,7.2486,7.2486,0.0,2623.9932,5.074,5.074,5.074,5.074,0.0,1836.788,0.43370165745856354,0.0,0,9,1.28803231986063,157,55.24033149171271,54.0,15.0,198.0,22.615667059932345,19997.0,0.8342281905893226,0.8418700006721784,0.3907898121944945,0.9593301435406698,0.07320549279903148,301.9906049933348,375
malchow_project\images\IMG_0791.jpg,IMG_0791.jpg,IMG-0791__qr-NOQR__6d091b88,213,,30.0,1.0,34.0,296.0,True,FelNr: 30 | R4s | X?I;y = 34,296.0,0.7,4705.0,3138.0,3294.0,2197.0,True,FelNr: 30 | R4s | X?I;y = 34,none,,,,,,,,,,,,,,,,,,,,,,,,,0.14,428.0,214.0,,,,,428.0,,,,,,214.0,,malchow_project\analysis\output\metadata\IMG-0791__qr-NOQR__6d091b88__qr.txt,malchow_project\analysis\output\metadata\IMG-0791__qr-NOQR__6d091b88__qr.json,container_interior_v2_raw,371.0,3062.0,14.0,2197.0,2691.0,2183.0,working_pixels,container_interior_v2_raw,"{""left"": 18, ""right"": 3138, ""top"": 528, ""bottom"": 4373}","[538, 4364, 28, 3138]","[1578, 2450]","{""left"": 0, ""right"": 0, ""top"": 0, ""bottom"": 0}",11667710.0,12.0,True,0.0,1.0,234.0,234.0,234.0,0.0,0.0,234.0,126.0,76.0,0.0,0.0,6.0,310.0,304.0,True,F:\claude_larvae_collection\analysis\models\larva_candidate_classifier_retrained.pt,0.5,128.0,raw_isolated_mask,64.0,304.0,219.0,85.0,219.0,0.9733105363171686,0.9733105363171686,6.0,malchow_project\analysis\output\labels\IMG-0791__qr-NOQR__6d091b88__labels.tif,malchow_project\analysis\output\labels\IMG-0791__qr-NOQR__6d091b88__labels_full_working.tif,malchow_project\analysis\output\labels\IMG-0791__qr-NOQR__6d091b88__labels_full_original.tif,malchow_project\analysis\output\overlays\IMG-0791__qr-NOQR__6d091b88__labeled.png,original_pixels,malchow_project\analysis\output\stats\IMG-0791__qr-NOQR__6d091b88__worms.csv,,,30.0,1.0,34.0,R4S,296.0,,,high,212,212,1096.2311320754718,1017.0,193,2146,444.7418105804008,232401,4.235643261566484,4.285005222624703,2.1592222487885016,6.405285244255339,0.5808488981919453,897.9563714520946,80.34573997691622,80.63082158396558,30.15516800819607,123.29494371014452,20.36457234492102,17033.29687510624,19.039664202257754,18.487675777673758,6.552444622022495,30.58280246873689,4.590272984914668,4036.408810878644,128.0,128.0,128,128,0.0,27136,0.9503518820933576,0.9646406471729279,0.6380383372306824,0.9925628304481506,0.04852137216569307,201.4745990037918,0.5,0.5,0.5,0.5,0.0,106.0,2.0,2.0,2,2,0.0,424,0.0,0.0,0.0,0.0,0.0,0.0,0.0,0.0,0,0,0.0,0,0.9696218337571122,0.9723874352723444,0.8862905057158016,0.987737926182356,0.011531250904986138,205.55982875650778,36.51529626665428,35.98429213350579,15.67594437773643,52.2720964090944,7.917934771422834,7741.242808530707,207.21992974911095,208.29299926757812,182.620849609375,228.925537109375,7.031789897669528,43930.62510681152,210.98584905660377,212.0,196.0,229.0,5.664790039808805,44729.0,67.60849056603773,68.0,8.0,121.0,23.579501974185572,14333.0,57.43865743673073,57.51374816894531,8.2955322265625,97.00383758544922,18.67554939376776,12176.995376586914,149.78127231238022,150.42362213134766,104.12510681152344,198.2742462158203,18.21497100812438,31753.62973022461,17.637561118531504,17.67669858641131,5.848484848484849,25.61428571428572,3.212973219212835,3739.162957128679,143.37735849056602,144.0,93.0,199.0,23.78286564320265,30396.0,-0.15149602100324894,-0.3083537366296766,-1.555959090321252,1.56147014285478,0.896573018326996,-32.117156452688775,173.893940472641,172.33504678941932,66.42640687119285,269.9655121145938,44.11998503262298,36865.51538019989,,,,,,0.0,,,,,,0.0,0.133962,0.133962,0.133962,0.133962,0.0,28.399943999999998,0.191375,0.191375,0.191375,0.191375,0.0,40.5715,7.4648,7.4648,7.4648,7.4648,0.0,1582.5376,5.2253,5.2253,5.2253,5.2253,0.0,1107.7636,0.2358490566037736,0.0,0,4,0.8659092341306104,50,60.40094339622642,60.0,18.0,107.0,17.960319587204065,12805.0,0.841919380859963,0.8448724776614001,0.6266425011327594,0.9583333333333334,0.06386805907957355,178.48690874231215,213
malchow_project\images\IMG_0792.jpg,IMG_0792.jpg,IMG-0792__qr-NOQR__d6ed65df,216,,30.0,1.0,34.0,296.0,True,Feldwr: 30 | R4s | 296 | X?T;y = 34,296.0,0.7,4705.0,3138.0,3294.0,2197.0,True,Feldwr: 30 | R4s | 296 | X?T;y = 34,none,,,,,,,,,,,,,,,,,,,,,,,,,0.14,428.0,214.0,,,,,428.0,,,,,,214.0,,malchow_project\analysis\output\metadata\IMG-0792__qr-NOQR__d6ed65df__qr.txt,malchow_project\analysis\output\metadata\IMG-0792__qr-NOQR__d6ed65df__qr.json,container_interior_v2_raw,373.0,3070.0,75.0,2197.0,2697.0,2122.0,working_pixels,container_interior_v2_raw,"{""left"": 105, ""right"": 3138, ""top"": 530, ""bottom"": 4385}","[540, 4376, 115, 3138]","[1621, 2457]","{""left"": 0, ""right"": 0, ""top"": 0, ""bottom"": 0}",10789308.0,12.0,True,0.0,1.0,214.0,214.0,214.0,0.0,0.0,214.0,213.0,163.0,0.0,0.0,21.0,377.0,356.0,True,F:\claude_larvae_collection\analysis\models\larva_candidate_classifier_retrained.pt,0.5,128.0,raw_isolated_mask,64.0,356.0,221.0,135.0,221.0,0.9237804632997112,0.9237804632997112,5.0,malchow_project\analysis\output\labels\IMG-0792__qr-NOQR__d6ed65df__labels.tif,malchow_project\analysis\output\labels\IMG-0792__qr-NOQR__d6ed65df__labels_full_working.tif,malchow_project\analysis\output\labels\IMG-0792__qr-NOQR__d6ed65df__labels_full_original.tif,malchow_project\analysis\output\overlays\IMG-0792__qr-NOQR__d6ed65df__labeled.png,original_pixels,malchow_project\analysis\output\stats\IMG-0792__qr-NOQR__d6ed65df__worms.csv,,,30.0,1.0,34.0,R4S,296.0,,,high,213,213,1073.3333333333333,994.0,109,2205,468.4450559460004,228620,4.242195455649521,4.337039803333807,1.9189092243572,5.874489066562281,0.6377181600867282,903.587632053348,79.57678751447959,79.5375554553163,24.28769050898003,120.28622446144922,21.78992188697909,16949.855740584153,18.830297295294308,18.65214440652311,8.053490033787167,30.24326856970968,4.883530731148527,4010.853323897688,128.0,128.0,128,128,0.0,27264,0.9506042219103782,0.96629136800766,0.6296047568321228,0.9924864768981934,0.04660564662735856,202.47869926691055,0.5,0.5,0.5,0.5,0.0,106.5,2.0,2.0,2,2,0.0,426,0.0,0.0,0.0,0.0,0.0,0.0,0.0,0.0,0,0,0.0,0,0.9689015437698729,0.9730552638979564,0.8534776829990459,0.9854047769023208,0.015138168898917,206.37602882298293,35.95543660851526,35.575273821388244,11.780624362746345,52.98578296242336,8.611922925690898,7658.50799761375,207.91002579809916,209.3001403808593,185.17691040039065,222.5022430419922,7.16048316277164,44284.83549499512,210.47417840375587,212.0,197.0,223.0,5.985480853155699,44831.0,68.13849765258216,69.0,11.0,126.0,21.402495481290167,14513.5,59.37796056326566,59.71124267578125,9.690689086914062,107.10868072509766,16.91103564866401,12647.505599975586,148.53206523483348,149.10580444335938,103.33670806884766,199.0,17.86481730596284,31637.32989501953,17.08309468035549,17.288888888888888,4.1923076923076925,25.32876712328768,3.606696332395642,3638.6991669157196,142.3356807511737,142.0,82.0,201.0,22.7786983437865,30317.5,0.00981866954389173,-0.0201615182446819,-1.5257698263050294,1.565106453435804,0.900758759008955,2.0913766128489386,172.1119922153441,170.81118318204307,55.970562748477136,261.1787155501902,47.344221323140665,36659.85434186829,,,,,,0.0,,,,,,0.0,0.133962,0.133962,0.133962,0.133962,0.0,28.533905999999998,0.19137500000000002,0.191375,0.191375,0.191375,0.0,40.762875,7.4648,7.4648,7.4648,7.4648,0.0,1590.0024,5.2253,5.2253,5.2253,5.2253,0.0,1112.9889,0.24882629107981222,0.0,0,4,0.9002415990521708,53,60.305164319248824,60.0,18.0,100.0,18.52957405644927,12845.0,0.8349894524180614,0.8449334698055271,0.6022099447513812,0.9599609375,0.06766146789643573,177.85275336504708,216
malchow_project\images\IMG_0794.jpg,IMG_0794.jpg,IMG-0794__qr-NOQR__f8e4591b,263,,31.0,2.0,5.0,181.0,True,FeldNr: 31 | R4s | 181 | X=2;y = 5,181.0,0.7,4705.0,3138.0,3294.0,2197.0,True,FeldNr: 31 | R4s | 181 | X=2;y = 5,none,,,,,,,,,,,,,,,,,,,,,,,,,0.14,428.0,214.0,,,,,428.0,,,,,,214.0,,malchow_project\analysis\output\metadata\IMG-0794__qr-NOQR__f8e4591b__qr.txt,malchow_project\analysis\output\metadata\IMG-0794__qr-NOQR__f8e4591b__qr.json,container_interior_v2_raw,193.0,3294.0,0.0,2197.0,3101.0,2197.0,working_pixels,container_interior_v2_raw,"{""left"": 0, ""right"": 3138, ""top"": 273, ""bottom"": 4385}","[283, 4705, 0, 3138]","[1569, 2329]","{""left"": 0, ""right"": 0, ""top"": 0, ""bottom"": 0}",13107834.0,12.0,True,0.0,1.0,261.0,261.0,261.0,0.0,0.0,261.0,81.0,59.0,0.0,0.0,8.0,320.0,312.0,True,F:\claude_larvae_collection\analysis\models\larva_candidate_classifier_retrained.pt,0.5,128.0,raw_isolated_mask,64.0,312.0,268.0,44.0,268.0,0.94289639194604,0.94289639194604,5.0,malchow_project\analysis\output\labels\IMG-0794__qr-NOQR__f8e4591b__labels.tif,malchow_project\analysis\output\labels\IMG-0794__qr-NOQR__f8e4591b__labels_full_working.tif,malchow_project\analysis\output\labels\IMG-0794__qr-NOQR__f8e4591b__labels_full_original.tif,malchow_project\analysis\output\overlays\IMG-0794__qr-NOQR__f8e4591b__labeled.png,original_pixels,malchow_project\analysis\output\stats\IMG-0794__qr-NOQR__f8e4591b__worms.csv,,,31.0,2.0,5.0,R4S,181.0,,,high,261,261,1174.007662835249,1094.0,89,2819,673.102592433765,306416,3.944676514970721,3.9461401121859616,2.146484104594258,5.42122201076553,0.6026278531540873,1029.5605704073582,79.02925728428664,82.1222641226685,19.68863690042384,133.65837266497496,26.48742996280664,20626.636151198814,20.02322360220352,18.837744048588373,8.13082935450209,42.17867804758001,6.357665865346632,5226.061360175118,128.0,128.0,128,128,0.0,33408,0.9422416339888884,0.9588319659233092,0.577480137348175,0.991132915019989,0.05129720443103098,245.92506647109985,0.5,0.5,0.5,0.5,0.0,130.5,2.0,2.0,2,2,0.0,522,0.0,0.0,0.0,0.0,0.0,0.0,0.0,0.0,0,0,0.0,0,0.9643036473730802,0.967358394273264,0.8848488957452503,0.9828399737252445,0.014642905959263125,251.6832519643739,36.99867304574942,37.32189788770486,10.645107772184812,59.9104521482556,11.241680115738676,9656.653664940599,207.7119570911159,208.44558715820312,191.46739196777344,224.8333282470703,6.859991142669614,54212.82080078125,209.74329501915707,211.0,195.0,225.0,6.439003974064111,54743.0,58.16858237547893,57.0,7.0,110.0,24.11383917806719,15182.0,53.873229015832656,52.88175964355469,7.6001434326171875,97.75662994384766,17.45853114252863,14060.912773132324,153.83872807528323,154.038818359375,104.98551940917967,203.1468505859375,18.737110405806938,40151.908027648926,18.46212112779313,18.035714285714285,5.235294117647059,31.35632183908046,4.606891885530362,4818.613614354007,151.57471264367817,152.0,93.0,206.0,25.485387449964385,39561.0,0.024484050514999377,0.0190231580168688,-1.559785934469158,1.567541320953512,0.9083896280128229,6.390337184414837,173.24314784338196,177.1543289325507,45.55634918610404,298.73506473629425,58.84390553318496,45216.46158712269,,,,,,0.0,,,,,,0.0,0.127863,0.127863,0.127863,0.127863,0.0,33.372243000000005,0.182662,0.182662,0.182662,0.182662,0.0,47.674782,7.8208,7.8208,7.8208,7.8208,0.0,2041.2288,5.4746,5.4746,5.4746,5.4746,0.0,1428.8706,0.15708812260536398,0.0,0,4,0.7300141910453632,41,59.30651340996169,61.0,16.0,106.0,22.768355142035578,15479.0,0.8391130215000108,0.8408450704225352,0.5791184971098265,0.9643605870020964,0.06330894990562906,219.0084986115028,263
malchow_project\images\IMG_0795.jpg,IMG_0795.jpg,IMG-0795__qr-NOQR__95e726d4,264,,31.0,2.0,5.0,181.0,True,FeldNr: 31 | R4s | 181 | X=2;y = 5,181.0,0.7,4705.0,3138.0,3294.0,2197.0,True,FeldNr: 31 | R4s | 181 | X=2;y = 5,none,,,,,,,,,,,,,,,,,,,,,,,,,0.14,428.0,214.0,,,,,428.0,,,,,,214.0,,malchow_project\analysis\output\metadata\IMG-0795__qr-NOQR__95e726d4__qr.txt,malchow_project\analysis\output\metadata\IMG-0795__qr-NOQR__95e726d4__qr.json,container_interior_v2_raw,202.0,3294.0,0.0,2197.0,3092.0,2197.0,working_pixels,container_interior_v2_raw,"{""left"": 0, ""right"": 3138, ""top"": 286, ""bottom"": 4376}","[296, 4705, 0, 3138]","[1569, 2331]","{""left"": 0, ""right"": 0, ""top"": 0, ""bottom"": 0}",13087200.0,12.0,True,0.0,1.0,262.0,262.0,262.0,0.0,0.0,262.0,103.0,46.0,0.0,0.0,7.0,308.0,301.0,True,F:\claude_larvae_collection\analysis\models\larva_candidate_classifier_retrained.pt,0.5,128.0,raw_isolated_mask,64.0,301.0,272.0,29.0,272.0,0.944174138437632,0.944174138437632,8.0,malchow_project\analysis\output\labels\IMG-0795__qr-NOQR__95e726d4__labels.tif,malchow_project\analysis\output\labels\IMG-0795__qr-NOQR__95e726d4__labels_full_working.tif,malchow_project\analysis\output\labels\IMG-0795__qr-NOQR__95e726d4__labels_full_original.tif,malchow_project\analysis\output\overlays\IMG-0795__qr-NOQR__95e726d4__labeled.png,original_pixels,malchow_project\analysis\output\stats\IMG-0795__qr-NOQR__95e726d4__worms.csv,,,31.0,2.0,5.0,R4S,181.0,,,high,259,259,1189.3783783783783,1132.0,175,2887,668.0395967205144,308049,3.9503495476963875,3.9643927632304807,2.0183311696897808,5.398359720671087,0.584599514994975,1023.1405328533643,79.9402721172516,82.61473669140021,26.77091589692318,137.2854273911705,25.954039756614073,20704.530478368164,20.1959678816498,18.90198929023881,8.62783658170934,36.59495571963693,6.132649619902462,5230.755681347298,128.0,128.0,128,128,0.0,33152,0.9435385564579467,0.961255133152008,0.5020802617073059,0.9931651949882508,0.0613249666303379,244.37648612260818,0.5,0.5,0.5,0.5,0.0,129.5,2.0,2.0,2,2,0.0,518,0.0,0.0,0.0,0.0,0.0,0.0,0.0,0.0,0,0,0.0,0,0.9646773150967983,0.9676632873081094,0.8686314222497179,0.9826930365000592,0.013884845025363997,249.85142461007078,37.32222082705507,37.96455142155909,14.927053303604616,60.62872723099517,11.040200176375373,9666.455194207263,208.47896590656296,210.3561248779297,181.3823699951172,227.4314727783203,7.943520665154164,53996.052169799805,211.07142857142858,212.0,187.0,227.0,6.40975775383916,54667.5,58.33011583011583,56.0,3.0,118.0,24.556691654726038,15107.5,53.58809756128024,52.52085876464844,3.820114135742188,99.8006591796875,18.87069938591604,13879.317268371582,154.8908683452827,155.0612335205078,106.27721405029295,190.28797912597656,18.123677730117187,40116.73490142822,18.520436104159813,18.58823529411765,6.762711864406779,30.046511627906977,4.650050846460347,4796.792950977391,152.74131274131275,154.0,95.0,201.0,24.850613202989678,39560.0,0.03540585696673627,0.0401589456125016,-1.54510694055453,1.5461955062139914,0.8964039295976579,9.170116954384692,175.215822761628,180.953318805774,59.21320343559643,311.7056274847714,57.453747398337974,45380.898095261655,,,,,,0.0,,,,,,0.0,0.127967,0.127967,0.127967,0.127967,0.0,33.143453,0.182811,0.182811,0.182811,0.182811,0.0,47.348049,7.8145,7.8145,7.8145,7.8145,0.0,2023.9555,5.4701,5.4701,5.4701,5.4701,0.0,1416.7559,0.18146718146718147,0.0,0,8,0.8858732880304617,47,60.23166023166023,61.0,15.0,113.0,22.260273334763287,15600.0,0.834832718130811,0.8314285714285714,0.4772727272727273,0.9613899613899614,0.07010938657960991,216.22167399588002,264
malchow_project\images\IMG_0797.jpg,IMG_0797.jpg,IMG-0797__qr-NOQR__27ce6ce0,236,,32.0,2.0,6.0,532.0,True,FeldNr: 32 | X=2;y = 6 | R4s,532.0,0.7,4705.0,3138.0,3294.0,2197.0,True,FeldNr: 32 | X=2;y = 6 | R4s,none,,,,,,,,,,,,,,,,,,,,,,,,,0.14,428.0,214.0,,,,,428.0,,,,,,214.0,,malchow_project\analysis\output\metadata\IMG-0797__qr-NOQR__27ce6ce0__qr.txt,malchow_project\analysis\output\metadata\IMG-0797__qr-NOQR__27ce6ce0__qr.json,container_interior_v2_raw,200.0,3294.0,0.0,2197.0,3094.0,2197.0,working_pixels,container_interior_v2_raw,"{""left"": 0, ""right"": 3138, ""top"": 283, ""bottom"": 4379}","[293, 4705, 0, 3138]","[1569, 2331]","{""left"": 0, ""right"": 0, ""top"": 0, ""bottom"": 0}",13137914.0,12.0,True,0.0,1.0,240.0,240.0,240.0,0.0,0.0,240.0,156.0,109.0,0.0,0.0,16.0,349.0,333.0,True,F:\claude_larvae_collection\analysis\models\larva_candidate_classifier_retrained.pt,0.5,128.0,raw_isolated_mask,64.0,333.0,254.0,79.0,254.0,0.9472189702182472,0.9472189702182472,18.0,malchow_project\analysis\output\labels\IMG-0797__qr-NOQR__27ce6ce0__labels.tif,malchow_project\analysis\output\labels\IMG-0797__qr-NOQR__27ce6ce0__labels_full_working.tif,malchow_project\analysis\output\labels\IMG-0797__qr-NOQR__27ce6ce0__labels_full_original.tif,malchow_project\analysis\output\overlays\IMG-0797__qr-NOQR__27ce6ce0__labeled.png,original_pixels,malchow_project\analysis\output\stats\IMG-0797__qr-NOQR__27ce6ce0__worms.csv,,,32.0,2.0,6.0,R4S,532.0,,,high,236,236,1058.415254237288,994.5,76,3186,606.6660734724568,249786,3.970730211346373,3.9854187236303003,1.6619336138951497,9.395698466371648,0.8791421321615538,937.092329877744,75.85878065468225,78.63581199946103,16.539540406477702,205.71627357793105,27.809981247281794,17902.67223450501,19.27217368883521,18.365299549516084,6.426257755339363,47.76800477605932,6.630948053296942,4548.2329905651095,128.0,128.0,128,128,0.0,30208,0.9330038637933085,0.960327684879303,0.5339409112930298,0.9936007857322692,0.06647362416014424,220.1889118552208,0.5,0.5,0.5,0.5,0.0,118.0,2.0,2.0,2,2,0.0,472,0.0,0.0,0.0,0.0,0.0,0.0,0.0,0.0,0,0,0.0,0,0.9618074073305743,0.9680091944548641,0.7987155803479977,0.9943200173336914,0.023443576625821205,226.98654813001554,35.06361531606863,35.584192091387365,9.83698151873187,63.69098201100552,10.893201633455398,8275.013214592196,206.43825640920866,208.6247329711914,167.22805786132812,223.33956909179688,9.025420888275418,48719.42851257324,209.10805084745763,211.0,175.0,228.0,7.153185483937686,49349.5,59.21822033898305,59.75,5.0,120.0,25.029515483324236,13975.5,54.096211190951074,55.081871032714844,-1.096771240234375,96.28411865234376,18.734510114694913,12766.705841064453,152.34204521825757,153.2946548461914,81.10173034667969,201.40701293945312,19.70279869416189,35952.72267150879,17.38306331900534,17.958180708180706,4.75,26.43209876543209,4.316027078788543,4102.40294328526,149.88983050847457,151.0,75.0,205.0,25.386135904098587,35374.0,0.0338485215547985,0.05477840301197415,-1.5517333706858476,1.534487179654939,0.9198970009012296,7.988251086932445,166.16576116978598,167.31727983645294,36.7634559672906,419.9898987322333,61.182405982495844,39215.11963606949,,,,,,0.0,,,,,,0.0,0.125617,0.125617,0.125617,0.125617,0.0,29.645612,0.179452,0.179452,0.179452,0.179452,0.0,42.350672,7.9607,7.9607,7.9607,7.9607,0.0,1878.7252,5.5725,5.5725,5.5725,5.5725,0.0,1315.11,0.2627118644067797,0.0,0,10,1.0431373798404207,62,57.220338983050844,57.0,15.0,162.0,23.959055710167284,13504.0,0.8299264512896883,0.8388351920693928,0.558648111332008,0.965065502183406,0.08095855547879603,195.86264250436645,236
malchow_project\images\IMG_0799.jpg,IMG_0799.jpg,IMG-0799__qr-NOQR__71a6ec3a,241,,32.0,2.0,6.0,532.0,True,FeldNr: 32 | X=2;y = 6 | R4s | 532,532.0,0.7,4705.0,3138.0,3294.0,2197.0,True,FeldNr: 32 | X=2;y = 6 | R4s | 532,none,,,,,,,,,,,,,,,,,,,,,,,,,0.14,428.0,214.0,,,,,428.0,,,,,,214.0,,malchow_project\analysis\output\metadata\IMG-0799__qr-NOQR__71a6ec3a__qr.txt,malchow_project\analysis\output\metadata\IMG-0799__qr-NOQR__71a6ec3a__qr.json,container_interior_v2_raw,193.0,3294.0,0.0,2197.0,3101.0,2197.0,working_pixels,container_interior_v2_raw,"{""left"": 0, ""right"": 3138, ""top"": 273, ""bottom"": 4366}","[283, 4705, 0, 3138]","[1569, 2319]","{""left"": 0, ""right"": 0, ""top"": 0, ""bottom"": 0}",13149519.0,12.0,True,0.0,1.0,241.0,241.0,241.0,0.0,0.0,241.0,56.0,41.0,0.0,0.0,11.0,282.0,271.0,True,F:\claude_larvae_collection\analysis\models\larva_candidate_classifier_retrained.pt,0.5,128.0,raw_isolated_mask,64.0,271.0,250.0,21.0,250.0,0.945899079349064,0.945899079349064,9.0,malchow_project\analysis\output\labels\IMG-0799__qr-NOQR__71a6ec3a__labels.tif,malchow_project\analysis\output\labels\IMG-0799__qr-NOQR__71a6ec3a__labels_full_working.tif,malchow_project\analysis\output\labels\IMG-0799__qr-NOQR__71a6ec3a__labels_full_original.tif,malchow_project\analysis\output\overlays\IMG-0799__qr-NOQR__71a6ec3a__labeled.png,original_pixels,malchow_project\analysis\output\stats\IMG-0799__qr-NOQR__71a6ec3a__worms.csv,,,32.0,2.0,6.0,R4S,532.0,,,high,238,238,1097.281512605042,1056.5,85,2462,612.9472142891879,261153,3.8683659509389865,3.958054734180968,1.780173280250411,5.670484965913577,0.7153462212031146,920.6710963234788,76.8620529977217,80.22487865620737,20.30241537430801,151.56643977322508,27.643926082713136,18293.168613457765,19.987356015859966,18.72126423121419,5.524819044167133,51.55493700652831,7.046196200999776,4756.990731774672,128.0,128.0,128,128,0.0,30464,0.9328884129263774,0.958536297082901,0.6076985597610474,0.9940462112426758,0.06642611448579536,222.0274422764778,0.5,0.5,0.5,0.5,0.0,119.0,2.0,2.0,2,2,0.0,476,0.0,0.0,0.0,0.0,0.0,0.0,0.0,0.0,0,0,0.0,0,0.9608915529449769,0.967557684619494,0.8273117463001765,0.9843272103222532,0.021784165366264856,228.6921896009045,35.72936340442878,36.67648905647409,10.403141895720198,55.98853238957037,11.001059292343562,8503.58849025405,206.63246020148782,208.81107330322266,168.02294921875,218.44390869140625,8.496880291307455,49178.5255279541,209.2268907563025,212.0,185.0,220.0,7.13100672825934,49796.0,57.25,57.0,7.0,119.0,25.784883790071856,13625.5,52.65786422601267,52.66694641113281,6.870376586914063,97.8404541015625,18.680402295857547,12532.571685791016,153.97459597547515,155.2468032836914,83.06657409667969,203.6536102294922,19.54271349135929,36645.953842163086,17.73194717596726,18.22993827160494,4.681818181818182,26.98809523809524,4.363655997792492,4220.2034278802075,151.9768907563025,154.0,77.0,206.0,25.811032124294222,36170.5,-0.05875182912584378,-0.0442588876979527,-1.5640331519808872,1.5642433473331925,0.9299844559192183,-13.98293533195082,169.02540172128067,172.2609306503489,42.69238815542512,332.90663761154804,60.77005130518346,40228.0456096648,,,,,,0.0,,,,,,0.0,0.125316,0.125316,0.125316,0.125316,0.0,29.825208000000003,0.179023,0.179023,0.179023,0.179023,0.0,42.607473999999996,7.9798,7.9798,7.9798,7.9798,0.0,1899.1924,5.5859,5.5859,5.5859,5.5859,0.0,1329.4442,0.23109243697478993,0.0,0,11,1.02354129190252,55,58.285714285714285,57.5,15.0,122.0,24.102328566232913,13872.0,0.8263884640346173,0.8355818690215279,0.4299706170421156,0.9798657718120806,0.08781360169826342,196.68045444023892,241
malchow_project\images\IMG_0800.jpg,IMG_0800.jpg,IMG-0800__qr-NOQR__1f8f8d37,247,,32.0,2.0,6.0,532.0,True,FeldNr: 32 | R4s | X=2;y = 6,532.0,0.7,4705.0,3138.0,3294.0,2197.0,True,FeldNr: 32 | R4s | X=2;y = 6,none,,,,,,,,,,,,,,,,,,,,,,,,,0.14,428.0,214.0,,,,,428.0,,,,,,214.0,,malchow_project\analysis\output\metadata\IMG-0800__qr-NOQR__1f8f8d37__qr.txt,malchow_project\analysis\output\metadata\IMG-0800__qr-NOQR__1f8f8d37__qr.json,container_interior_v2_raw,195.0,3294.0,0.0,2197.0,3099.0,2197.0,working_pixels,container_interior_v2_raw,"{""left"": 0, ""right"": 3138, ""top"": 276, ""bottom"": 4369}","[286, 4705, 0, 3138]","[1569, 2322]","{""left"": 0, ""right"": 0, ""top"": 0, ""bottom"": 0}",13047174.0,12.0,True,0.0,1.0,247.0,247.0,247.0,0.0,0.0,247.0,147.0,87.0,0.0,0.0,14.0,334.0,320.0,True,F:\claude_larvae_collection\analysis\models\larva_candidate_classifier_retrained.pt,0.5,128.0,raw_isolated_mask,64.0,320.0,269.0,51.0,269.0,0.939152262986445,0.939152262986445,22.0,malchow_project\analysis\output\labels\IMG-0800__qr-NOQR__1f8f8d37__labels.tif,malchow_project\analysis\output\labels\IMG-0800__qr-NOQR__1f8f8d37__labels_full_working.tif,malchow_project\analysis\output\labels\IMG-0800__qr-NOQR__1f8f8d37__labels_full_original.tif,malchow_project\analysis\output\overlays\IMG-0800__qr-NOQR__1f8f8d37__labeled.png,original_pixels,malchow_project\analysis\output\stats\IMG-0800__qr-NOQR__1f8f8d37__worms.csv,,,32.0,2.0,6.0,R4S,532.0,,,high,238,238,1106.4159663865546,1057.0,74,2581,622.0252203609562,263327,3.905301812362485,3.9452581011401913,1.5479292627793833,6.153126900312335,0.7242608832083255,929.4618313422715,77.28956506096874,80.92650065807891,15.782122432898433,127.09598760980889,27.736631802979044,18394.91648451056,19.848074470823423,18.601071604338983,6.289334552804041,47.29040218681892,7.063426957433738,4723.841724055975,128.0,128.0,128,128,0.0,30464,0.93306937688539,0.9567971229553224,0.5234044790267944,0.991796851158142,0.06037824186631166,222.07051169872284,0.5,0.5,0.5,0.5,0.0,119.0,2.0,2.0,2,2,0.0,476,0.0,0.0,0.0,0.0,0.0,0.0,0.0,0.0,0,0,0.0,0,0.9616695696494594,0.9673432775086509,0.7633167990611298,0.9867054151373394,0.02231313067215228,228.87735757657134,35.83948811738036,36.68533627541606,9.70668461991024,57.325659742923634,11.170853683764234,8529.798171936527,205.04222754470442,205.91696929931638,179.07217407226562,221.43438720703125,7.639765242393452,48800.05015563965,208.01260504201682,210.0,193.0,222.0,6.655780833349172,49507.0,57.23739495798319,57.5,7.0,118.0,24.145902954166825,13622.5,52.18203568658909,53.27650451660156,4.56097412109375,96.8453140258789,18.369336911035212,12419.324493408203,152.86019185811531,153.29835510253906,109.16768646240234,200.67193603515625,17.3548767936985,36380.725662231445,17.651019639642954,17.89768195413759,4.352941176470588,30.9746835443038,4.293573749796476,4200.942674235023,150.7752100840336,151.25,93.0,204.0,23.593178566064257,35884.5,-0.06597747704304334,-0.019373129892155998,-1.5637725643559608,1.4967349754155048,0.8810744351868388,-15.702639536244316,169.98767223390368,173.55992052357226,35.00609665440987,331.26197667087547,61.720332255166895,40457.06599166908,,,,,,0.0,,,,,,0.0,0.129017,0.129017,0.129017,0.129017,0.0,30.706045999999997,0.18431,0.18431,0.18431,0.18431,0.0,43.86578,7.7509,7.7509,7.7509,7.7509,0.0,1844.7142,5.4256,5.4256,5.4256,5.4256,0.0,1291.2928,0.22268907563025211,0.0,0,4,0.839925350790921,53,58.69747899159664,60.0,15.0,127.0,24.251166267783038,13970.0,0.8283234134474825,0.8387298481157016,0.4728770235728486,0.966934763181412,0.07909143615601527,197.14097240050083,247
malchow_project\images\IMG_0802.jpg,IMG_0802.jpg,IMG-0802__qr-NOQR__07705f8c,232,,34.0,2.0,8.0,358.0,True,FeldN;: 34 | X = | 2;y = 8 | R4s,358.0,0.7,4705.0,3138.0,3294.0,2197.0,True,FeldN;: 34 | X = | 2;y = 8 | R4s,none,,,,,,,,,,,,,,,,,,,,,,,,,0.14,428.0,214.0,,,,,428.0,,,,,,214.0,,malchow_project\analysis\output\metadata\IMG-0802__qr-NOQR__07705f8c__qr.txt,malchow_project\analysis\output\metadata\IMG-0802__qr-NOQR__07705f8c__qr.json,container_interior_v2_raw,164.0,3294.0,0.0,2197.0,3130.0,2197.0,working_pixels,container_interior_v2_raw,"{""left"": 0, ""right"": 3138, ""top"": 232, ""bottom"": 4378}","[242, 4705, 0, 3138]","[1569, 2305]","{""left"": 0, ""right"": 0, ""top"": 0, ""bottom"": 0}",13173434.0,12.0,True,0.0,1.0,233.0,233.0,233.0,0.0,0.0,233.0,93.0,75.0,0.0,0.0,20.0,308.0,288.0,True,F:\claude_larvae_collection\analysis\models\larva_candidate_classifier_retrained.pt,0.5,128.0,raw_isolated_mask,64.0,288.0,237.0,51.0,237.0,0.938862753595158,0.938862753595158,5.0,malchow_project\analysis\output\labels\IMG-0802__qr-NOQR__07705f8c__labels.tif,malchow_project\analysis\output\labels\IMG-0802__qr-NOQR__07705f8c__labels_full_working.tif,malchow_project\analysis\output\labels\IMG-0802__qr-NOQR__07705f8c__labels_full_original.tif,malchow_project\analysis\output\overlays\IMG-0802__qr-NOQR__07705f8c__labeled.png,original_pixels,malchow_project\analysis\output\stats\IMG-0802__qr-NOQR__07705f8c__worms.csv,,,34.0,2.0,8.0,R4S,358.0,,,high,232,232,929.7586206896551,814.5,139,2541,521.7337749848997,215704,4.015107335538925,4.002886486824412,1.6221462952963643,8.391090860206956,0.7868153553738049,931.5049018450305,71.81836408791251,68.07197214202284,22.927669286323752,203.1945743716955,26.276746008229107,16661.860468395702,17.816651915708636,16.98222882905392,6.339955913100721,36.35379767026669,5.529081689755764,4133.463244444403,128.0,128.0,128,128,0.0,29696,0.9232541795434623,0.9509503543376923,0.669804573059082,0.9894468784332277,0.0672936625785082,214.19496965408325,0.5,0.5,0.5,0.5,0.0,116.0,2.0,2.0,2,2,0.0,464,0.0,0.0,0.0,0.0,0.0,0.0,0.0,0.0,0,0,0.0,0,0.964121266964578,0.968292364872209,0.7873805812048534,0.9928733825665164,0.018823753856114355,223.6761339357821,33.04635220270767,32.20331522507849,13.303394180365686,56.87971240409051,9.599021273048303,7666.75371102818,204.17333155664903,206.4303207397461,176.47491455078125,221.0031280517578,9.52626709557971,47368.21292114258,208.86637931034483,211.0,156.0,221.0,7.283634552090134,48457.0,59.793103448275865,59.0,16.0,118.0,24.666526467852176,13872.0,52.15837649641366,51.833465576171875,6.12457275390625,98.40692138671876,19.80124088147732,12100.743347167969,152.0149550602354,153.2637939453125,94.64659118652344,192.84030151367188,20.469263795870848,35267.46957397461,16.268395981251693,16.43216463414634,5.56,26.5,3.8252309250700005,3774.267867650393,149.07327586206895,150.5,83.0,199.0,25.758767205042453,34585.0,-0.03535601200674927,-0.11485480947137966,-1.566837124256396,1.5706305203372368,0.9175955997749637,-8.20259478556583,156.3634803014384,148.11017305526642,59.21320343559643,396.5695885154503,55.46614580819163,36276.327429933706,,,,,,0.0,,,,,,0.0,0.126935,0.126935,0.126935,0.126935,0.0,29.448919999999998,0.181335,0.181335,0.181335,0.181335,0.0,42.06972,7.8781,7.8781,7.8781,7.8781,0.0,1827.7192,5.5146999999999995,5.5147,5.5147,5.5147,0.0,1279.4104,0.5086206896551724,0.0,0,7,1.2825548748556426,118,54.32327586206897,53.0,17.0,157.0,22.04823071209933,12603.0,0.8315552464378403,0.8449241373436511,0.4990673575129534,0.9642041127189642,0.07260271167466152,192.92081717357894,232
malchow_project\images\IMG_0803.jpg,IMG_0803.jpg,IMG-0803__qr-NOQR__0c60ab8a,244,,34.0,2.0,8.0,358.0,True,FeldNr: 34 | X=2;y = 8 | R4s,358.0,0.7,4705.0,3138.0,3294.0,2197.0,True,FeldNr: 34 | X=2;y = 8 | R4s,none,,,,,,,,,,,,,,,,,,,,,,,,,0.14,428.0,214.0,,,,,428.0,,,,,,214.0,,malchow_project\analysis\output\metadata\IMG-0803__qr-NOQR__0c60ab8a__qr.txt,malchow_project\analysis\output\metadata\IMG-0803__qr-NOQR__0c60ab8a__qr.json,container_interior_v2_raw,196.0,3294.0,0.0,2197.0,3098.0,2197.0,working_pixels,container_interior_v2_raw,"{""left"": 0, ""right"": 3138, ""top"": 278, ""bottom"": 4374}","[288, 4705, 0, 3138]","[1569, 2326]","{""left"": 0, ""right"": 0, ""top"": 0, ""bottom"": 0}",13129291.0,12.0,True,0.0,1.0,263.0,263.0,263.0,0.0,0.0,263.0,85.0,26.0,0.0,0.0,1.0,289.0,288.0,True,F:\claude_larvae_collection\analysis\models\larva_candidate_classifier_retrained.pt,0.5,128.0,raw_isolated_mask,64.0,288.0,255.0,33.0,255.0,0.9453630207046232,0.9453630207046232,11.0,malchow_project\analysis\output\labels\IMG-0803__qr-NOQR__0c60ab8a__labels.tif,malchow_project\analysis\output\labels\IMG-0803__qr-NOQR__0c60ab8a__labels_full_working.tif,malchow_project\analysis\output\labels\IMG-0803__qr-NOQR__0c60ab8a__labels_full_original.tif,malchow_project\analysis\output\overlays\IMG-0803__qr-NOQR__0c60ab8a__labeled.png,original_pixels,malchow_project\analysis\output\stats\IMG-0803__qr-NOQR__0c60ab8a__worms.csv,,,34.0,2.0,8.0,R4S,358.0,,,high,243,243,902.880658436214,841.0,97,2340,478.8687234449328,219400,3.9515013394010796,3.9699469570844648,1.861339741332336,5.394744912105235,0.6248351085755396,960.2148254744624,70.27654710452082,69.00829672944006,21.978981692856483,119.8322521956538,23.465414739200632,17077.20094639856,17.693620366644375,17.103984614269034,6.086039552150413,32.130268030669285,5.240281068414526,4299.549749094583,128.0,128.0,128,128,0.0,31104,0.929143461180322,0.9515541195869446,0.5719987154006958,0.9908285140991212,0.06290746554606995,225.78186106681824,0.5,0.5,0.5,0.5,0.0,121.5,2.0,2.0,2,2,0.0,486,0.0,0.0,0.0,0.0,0.0,0.0,0.0,0.0,0,0,0.0,0,0.9641309717858809,0.9677552124225955,0.8434246822117691,0.9826696306984976,0.01592535522620247,234.28382614396907,32.67436412434656,32.722995845769866,11.11324596323283,54.58370209760676,9.072375853735908,7939.870482216214,204.08564249674478,205.61627197265625,163.76458740234375,221.6373443603516,8.819519993306285,49592.811126708984,208.88888888888889,210.0,194.0,224.0,6.450062463660595,50760.0,61.565843621399175,59.0,14.5,122.0,25.335512796984954,14960.5,52.730415250048225,52.88639831542969,1.0924072265625,100.0121841430664,19.24210461775343,12813.490905761719,151.35522724669656,152.19155883789062,101.09457397460938,188.3196258544922,19.230081794180723,36779.320220947266,16.07058494245993,16.153846153846153,5.388888888888889,26.89655172413793,3.6625710291591824,3905.1521410177634,147.3230452674897,150.0,87.0,195.0,25.962496071415636,35799.5,-0.12268083808058464,-0.2487276006783939,-1.5557412565174094,1.5624079802426158,0.9073029744324703,-29.811443653582067,153.39961836745647,147.88225099390854,50.52691193458119,264.79393923934,50.96341946088402,37276.107263291924,,,,,,0.0,,,,,,0.0,0.129017,0.129017,0.129017,0.129017,0.0,31.351131,0.18431,0.18431,0.18431,0.18431,0.0,44.78733,7.7509,7.7509,7.7509,7.7509,0.0,1883.4687,5.4256,5.4256,5.4256,5.4256,0.0,1318.4208,0.37037037037037035,0.0,0,5,1.0769306450858702,90,53.452674897119344,52.0,16.0,108.0,20.191664854395203,12989.0,0.8334202684430402,0.8443514644351464,0.5941485371342836,0.943609022556391,0.07051874504571823,202.52112523165877,244
malchow_project\images\IMG_0805.jpg,IMG_0805.jpg,IMG-0805__qr-NOQR__af8666be,199,,35.0,2.0,9.0,366.0,True,FeldNr: 35 | x=2;y = 9 | R4s | 366,366.0,0.7,4705.0,3138.0,3294.0,2197.0,True,FeldNr: 35 | x=2;y = 9 | R4s | 366,none,,,,,,,,,,,,,,,,,,,,,,,,,0.14,428.0,214.0,,,,,428.0,,,,,,214.0,,malchow_project\analysis\output\metadata\IMG-0805__qr-NOQR__af8666be__qr.txt,malchow_project\analysis\output\metadata\IMG-0805__qr-NOQR__af8666be__qr.json,container_interior_v2_raw,184.0,3294.0,0.0,2197.0,3110.0,2197.0,working_pixels,container_interior_v2_raw,"{""left"": 0, ""right"": 3138, ""top"": 260, ""bottom"": 4359}","[270, 4705, 0, 3138]","[1569, 2309]","{""left"": 0, ""right"": 0, ""top"": 0, ""bottom"": 0}",13242192.0,12.0,True,0.0,1.0,199.0,199.0,199.0,0.0,0.0,199.0,80.0,49.0,0.0,0.0,4.0,248.0,244.0,True,F:\claude_larvae_collection\analysis\models\larva_candidate_classifier_retrained.pt,0.5,128.0,raw_isolated_mask,64.0,244.0,202.0,42.0,202.0,0.9498171285895558,0.9498171285895558,3.0,malchow_project\analysis\output\labels\IMG-0805__qr-NOQR__af8666be__labels.tif,malchow_project\analysis\output\labels\IMG-0805__qr-NOQR__af8666be__labels_full_working.tif,malchow_project\analysis\output\labels\IMG-0805__qr-NOQR__af8666be__labels_full_original.tif,malchow_project\analysis\output\overlays\IMG-0805__qr-NOQR__af8666be__labeled.png,original_pixels,malchow_project\analysis\output\stats\IMG-0805__qr-NOQR__af8666be__worms.csv,,,35.0,2.0,9.0,R4S,366.0,,,high,197,197,1358.6598984771574,1285.0,161,2771,650.8907797858208,267656,3.9998338745346174,4.009265750656134,1.92728514862996,8.29731812968384,0.6587866358690375,787.9672732833196,87.65477078801459,91.01715923098617,24.016022221081503,181.7192108111474,26.97100455275428,17267.989845238873,21.909285225999064,22.67929974064877,8.155003264599948,34.333450113330365,5.965078808646115,4316.1291895218155,128.0,128.0,128,128,0.0,25216,0.9368364335921815,0.952176570892334,0.513310968875885,0.9882509112358092,0.05803253613781238,184.55677741765976,0.5,0.5,0.5,0.5,0.0,98.5,2.0,2.0,2,2,0.0,394,0.0,0.0,0.0,0.0,0.0,0.0,0.0,0.0,0,0,0.0,0,0.9650444864184935,0.968394832546786,0.8548564482894898,0.9927107936778252,0.015590953888683276,190.11376382444323,40.21216631279847,40.44889139376608,14.317526556719258,59.398205178785794,10.651625015122685,7921.7967636213,206.37774054048026,208.5706787109375,144.6999969482422,218.34898376464844,8.849903868137769,40656.41488647461,208.56852791878174,210.0,150.0,222.0,8.234547951452944,41088.0,58.85279187817259,59.0,20.0,121.0,20.424166728496004,11594.0,53.02180879854309,54.21388244628906,11.355941772460938,101.32586669921876,14.763617278154834,10445.296333312988,153.35593174193716,153.9213409423828,105.19627380371094,183.6473693847656,15.675261726856444,30211.11855316162,19.465608938952982,19.77551020408164,7.863636363636363,28.86458333333333,4.297669905211068,3834.724960973738,149.71573604060913,150.0,80.0,190.0,21.365273323195915,29494.0,-0.09468303068200887,-0.1981329525631861,-1.5546034206747528,1.5634609721834176,0.9135823571682204,-18.652557044355746,191.96721755765776,198.5512985522207,53.55634918610404,364.8599564173221,58.33320543888805,37817.54185885858,,,,,,0.0,,,,,,0.0,0.125316,0.125316,0.125316,0.125316,0.0,24.687252,0.179023,0.179023,0.179023,0.179023,0.0,35.267531,7.9798,7.9798,7.9798,7.9798,0.0,1572.0206,5.5859,5.5859,5.5859,5.5859,0.0,1100.4223,0.13705583756345177,0.0,0,4,0.6749886332594975,27,66.34010152284264,68.0,18.0,132.0,22.789656309025766,13069.0,0.821405686273472,0.8218639402280771,0.6399132321041214,0.9532467532467532,0.06927238291628256,161.816920195874,199
malchow_project\images\IMG_0806.jpg,IMG_0806.jpg,IMG-0806__qr-NOQR__f12d0383,197,,35.0,2.0,9.0,366.0,True,FeldNr: 35 | R4s | 366 | x=2;y = 9,366.0,0.7,4705.0,3138.0,3294.0,2197.0,True,FeldNr: 35 | R4s | 366 | x=2;y = 9,none,,,,,,,,,,,,,,,,,,,,,,,,,0.14,428.0,214.0,,,,,428.0,,,,,,214.0,,malchow_project\analysis\output\metadata\IMG-0806__qr-NOQR__f12d0383__qr.txt,malchow_project\analysis\output\metadata\IMG-0806__qr-NOQR__f12d0383__qr.json,container_interior_v2_raw,186.0,3294.0,0.0,2197.0,3108.0,2197.0,working_pixels,container_interior_v2_raw,"{""left"": 0, ""right"": 3138, ""top"": 264, ""bottom"": 4362}","[274, 4705, 0, 3138]","[1569, 2313]","{""left"": 0, ""right"": 0, ""top"": 0, ""bottom"": 0}",13185433.0,12.0,True,0.0,1.0,198.0,198.0,198.0,0.0,0.0,198.0,71.0,56.0,0.0,0.0,10.0,254.0,244.0,True,F:\claude_larvae_collection\analysis\models\larva_candidate_classifier_retrained.pt,0.5,128.0,raw_isolated_mask,64.0,244.0,203.0,41.0,203.0,0.9463486830350736,0.9463486830350736,6.0,malchow_project\analysis\output\labels\IMG-0806__qr-NOQR__f12d0383__labels.tif,malchow_project\analysis\output\labels\IMG-0806__qr-NOQR__f12d0383__labels_full_working.tif,malchow_project\analysis\output\labels\IMG-0806__qr-NOQR__f12d0383__labels_full_original.tif,malchow_project\analysis\output\overlays\IMG-0806__qr-NOQR__f12d0383__labeled.png,original_pixels,malchow_project\analysis\output\stats\IMG-0806__qr-NOQR__f12d0383__worms.csv,,,35.0,2.0,9.0,R4S,366.0,,,high,195,195,1349.928205128205,1339.0,151,2650,640.3324241170579,263236,4.064070921230021,4.000913720514152,2.070529902750348,7.319716199454936,0.6942780115448615,792.4938296398542,87.8575102182066,92.44983726102866,23.54100280434237,162.9608743485177,26.217532731905784,17132.214492550287,21.831250035166974,22.89896979218681,5.549634364544425,34.98930756148544,6.224475743707244,4257.09375685756,128.0,128.0,128,128,0.0,24960,0.9393019126011775,0.9520784616470336,0.6624849438667297,0.9884268641471864,0.04852731650051387,183.16387295722961,0.5,0.5,0.5,0.5,0.0,97.5,2.0,2.0,2,2,0.0,390,0.0,0.0,0.0,0.0,0.0,0.0,0.0,0.0,0,0,0.0,0,0.9659851267793963,0.9682605764902524,0.8756379186188896,0.99062389849106,0.014903388297300759,188.36709972198227,40.07034948240585,41.29004420438882,13.86575534383214,58.08687281605183,10.664535071302861,7813.718149069141,208.05008521446814,209.71083068847656,177.34014892578125,224.7413024902344,6.88224369492721,40569.76661682129,209.26153846153846,210.0,192.0,226.0,6.407011920126795,40806.0,60.03846153846154,61.0,17.0,118.0,20.11314151341012,11707.5,55.26980281732021,55.39878845214844,12.95086669921875,98.09660339355467,14.385473331311603,10777.611549377441,152.78028239714794,153.26364135742188,79.24354553222656,186.75900268554688,16.177004083977316,29792.155067443848,19.260814235093534,19.66,4.694444444444445,28.107142857142858,4.301763540053936,3755.858775843239,149.22307692307692,149.0,74.0,192.0,21.13189387956864,29098.5,-0.06358009016966797,-0.1461593696368935,-1.5677834151574996,1.5691765093386358,0.9295938520782427,-12.398117583085254,191.94917422219845,201.63961030678928,52.970562748477136,337.4629867976521,57.49505121207063,37430.0889733287,,,,,,0.0,,,,,,0.0,0.125316,0.125316,0.125316,0.125316,0.0,24.43662,0.179023,0.179023,0.179023,0.179023,0.0,34.909485,7.9798,7.9798,7.9798,7.9798,0.0,1556.061,5.5859,5.5859,5.5859,5.5859,0.0,1089.2504999999999,0.020512820512820513,0.0,0,3,0.22610494687143762,4,66.48205128205129,70.0,17.0,118.0,22.481457099047784,12964.0,0.8190859892183965,0.8128440366972477,0.5260223048327137,0.9632571996027806,0.06838068027467005,159.7217678975873,197
malchow_project\images\IMG_0808.jpg,IMG_0808.jpg,IMG-0808__qr-NOQR__3172cde9,141,,36.0,2.0,10.0,359.0,True,FeldNr: 36 | X=2;y = 10 | R4s,359.0,0.7,4705.0,3138.0,3294.0,2197.0,True,FeldNr: 36 | X=2;y = 10 | R4s,none,,,,,,,,,,,,,,,,,,,,,,,,,0.14,428.0,214.0,,,,,428.0,,,,,,214.0,,malchow_project\analysis\output\metadata\IMG-0808__qr-NOQR__3172cde9__qr.txt,malchow_project\analysis\output\metadata\IMG-0808__qr-NOQR__3172cde9__qr.json,container_interior_v2_raw,171.0,3294.0,0.0,2197.0,3123.0,2197.0,working_pixels,container_interior_v2_raw,"{""left"": 0, ""right"": 3138, ""top"": 242, ""bottom"": 4366}","[252, 4705, 0, 3138]","[1569, 2304]","{""left"": 0, ""right"": 0, ""top"": 0, ""bottom"": 0}",13823629.0,12.0,True,0.0,1.0,170.0,170.0,170.0,0.0,0.0,170.0,160.0,33.0,0.0,0.0,4.0,203.0,199.0,True,F:\claude_larvae_collection\analysis\models\larva_candidate_classifier_retrained.pt,0.5,128.0,raw_isolated_mask,64.0,199.0,152.0,47.0,152.0,0.9873872487313136,0.9873872487313136,11.0,malchow_project\analysis\output\labels\IMG-0808__qr-NOQR__3172cde9__labels.tif,malchow_project\analysis\output\labels\IMG-0808__qr-NOQR__3172cde9__labels_full_working.tif,malchow_project\analysis\output\labels\IMG-0808__qr-NOQR__3172cde9__labels_full_original.tif,malchow_project\analysis\output\overlays\IMG-0808__qr-NOQR__3172cde9__labeled.png,original_pixels,malchow_project\analysis\output\stats\IMG-0808__qr-NOQR__3172cde9__worms.csv,,,36.0,2.0,10.0,R4S,359.0,,,high,138,138,956.0942028985507,883.5,99,2136,443.6671154246323,131941,3.8913235556603287,3.9573638678390646,1.6458392897817316,6.218348040274904,0.7970131127960578,537.0026506811254,72.99343860358198,72.14445238451904,15.972941440672964,120.68817835406436,23.448998499270896,10073.094527294314,18.759211483937175,17.64678418771943,9.705043220101562,35.966891955130656,5.2195818638849065,2588.77118478333,128.0,128.0,128,128,0.0,17664,0.9393157544343368,0.9505826234817505,0.7294197082519531,0.9865498542785645,0.046929123236565166,129.62557411193848,0.5,0.5,0.5,0.5,0.0,69.0,2.0,2.0,2,2,0.0,276,0.0,0.0,0.0,0.0,0.0,0.0,0.0,0.0,0,0,0.0,0,0.96023635724248,0.9675460984677493,0.7942487425328414,0.986984662520365,0.02527987324975359,132.51261729946225,33.87583177155794,33.53952656193519,11.227230955528665,52.15016459757637,8.38297099845423,4674.864784474996,204.27891396785128,207.77442169189453,172.9043731689453,215.01950073242188,9.37848374548312,28190.490127563477,207.2246376811594,209.0,191.0,215.0,6.569136102855509,28597.0,66.8695652173913,69.0,2.0,122.0,27.823039889895096,9228.0,59.41044500599737,59.54090881347656,1.52972412109375,108.36053466796876,20.505062761985073,8198.641410827637,144.86846896185392,142.65345001220703,91.94715881347656,211.2626190185547,22.678792447685534,19991.84871673584,17.164868918659614,17.533157894736842,6.1875,23.13157894736842,3.1709759748122583,2368.7519107750268,140.35507246376812,137.0,79.0,211.0,29.532439352046453,19369.0,0.08852852994750392,0.13409687376244578,-1.4099284540421375,1.5703808690132448,0.8927344902310953,12.216937132755541,159.24568318122394,154.68986283848344,44.38477631085023,260.2081528017131,49.173729019753935,21975.904279008904,,,,,,0.0,,,,,,0.0,0.125117,0.125117,0.125117,0.125117,0.0,17.266146,0.178738,0.178738,0.178738,0.178738,0.0,24.665844,7.9925,7.9925,7.9925,7.9925,0.0,1102.965,5.5948,5.5948,5.5948,5.5948,0.0,772.0824,0.2246376811594203,0.0,0,7,1.0037747438444469,31,54.094202898550726,53.0,15.0,97.0,19.724336622543422,7465.0,0.8269690352159551,0.8459403905447072,0.6400941809619912,0.9727520435967304,0.0802318415460211,114.12172685980181,141
malchow_project\images\IMG_0809.jpg,IMG_0809.jpg,IMG-0809__qr-NOQR__9c4be3a3,140,,36.0,2.0,10.0,359.0,True,FeldNr: 36 | X=2;y = 10 | R4s,359.0,0.7,4705.0,3138.0,3294.0,2197.0,True,FeldNr: 36 | X=2;y = 10 | R4s,none,,,,,,,,,,,,,,,,,,,,,,,,,0.14,428.0,214.0,,,,,428.0,,,,,,214.0,,malchow_project\analysis\output\metadata\IMG-0809__qr-NOQR__9c4be3a3__qr.txt,malchow_project\analysis\output\metadata\IMG-0809__qr-NOQR__9c4be3a3__qr.json,container_interior_v2_raw,193.0,3294.0,0.0,2197.0,3101.0,2197.0,working_pixels,container_interior_v2_raw,"{""left"": 0, ""right"": 3138, ""top"": 274, ""bottom"": 4374}","[284, 4705, 0, 3138]","[1569, 2324]","{""left"": 0, ""right"": 0, ""top"": 0, ""bottom"": 0}",13753541.0,12.0,True,0.0,1.0,163.0,163.0,163.0,0.0,0.0,163.0,62.0,50.0,0.0,0.0,7.0,213.0,206.0,True,F:\claude_larvae_collection\analysis\models\larva_candidate_classifier_retrained.pt,0.5,128.0,raw_isolated_mask,64.0,206.0,144.0,62.0,144.0,0.9893519599665164,0.9893519599665164,4.0,malchow_project\analysis\output\labels\IMG-0809__qr-NOQR__9c4be3a3__labels.tif,malchow_project\analysis\output\labels\IMG-0809__qr-NOQR__9c4be3a3__labels_full_working.tif,malchow_project\analysis\output\labels\IMG-0809__qr-NOQR__9c4be3a3__labels_full_original.tif,malchow_project\analysis\output\overlays\IMG-0809__qr-NOQR__9c4be3a3__labeled.png,original_pixels,malchow_project\analysis\output\stats\IMG-0809__qr-NOQR__9c4be3a3__worms.csv,,,36.0,2.0,10.0,R4S,359.0,,,high,138,138,985.3623188405797,934.5,161,2279,473.4049815179078,135980,3.8297951725080064,3.9437067793470346,1.7998450657487206,6.184208829596566,0.7752527762423683,528.5117338061049,73.57800900199602,73.65918937926656,21.897091018626167,118.27618446195795,24.723969079211727,10153.76524227545,19.090917104649577,18.18559813535613,8.827944107237508,35.45381893707969,5.382140629103031,2634.5465604416418,128.0,128.0,128,128,0.0,17664,0.939206893461338,0.9605795741081238,0.6353968381881714,0.9906951189041138,0.05927915688336442,129.61055129766464,0.5,0.5,0.5,0.5,0.0,69.0,2.0,2.0,2,2,0.0,276,0.0,0.0,0.0,0.0,0.0,0.0,0.0,0.0,0,0,0.0,0,0.9589679232062478,0.9673174070700957,0.8314474639875046,0.9868396057934132,0.02443516514346911,132.3375734024622,34.275195403206865,34.49409035472411,14.317526556719258,53.86754980924449,8.966372108114859,4729.976965642547,206.9612067402273,208.38951110839838,183.9340057373047,217.088623046875,6.893173992669648,28560.646530151367,209.42028985507247,211.0,194.0,217.0,5.164182645600626,28900.0,66.57971014492753,67.0,9.0,123.5,26.580771161420596,9188.0,59.69887398982394,60.2252197265625,3.678970336914064,97.4123764038086,19.205876169607965,8238.444610595703,147.26233275040337,146.57127380371094,106.6115493774414,191.38710021972656,19.65939523652042,20322.201919555664,17.53311793187071,18.057526881720428,8.91304347826087,26.5,3.370138633965935,2419.570274598158,142.84057971014494,141.5,90.5,204.0,26.918028142446524,19712.0,0.04492474173438138,-0.061323878873252996,-1.549646257826468,1.5679121364421007,0.9404828723627493,6.19961435934463,160.61963334369776,157.53910524340094,50.72792206135786,259.4629867976521,52.141510510396955,22165.50940143029,,,,,,0.0,,,,,,0.0,0.125617,0.125617,0.125617,0.125617,0.0,17.335146,0.179452,0.179452,0.179452,0.179452,0.0,24.764376,7.960700000000001,7.9607,7.9607,7.9607,0.0,1098.5766,5.5725,5.5725,5.5725,5.5725,0.0,769.005,0.13043478260869565,0.0,0,4,0.6140221227679771,18,54.21739130434783,52.5,16.0,91.0,20.677834364868726,7482.0,0.8296791891794559,0.8480226897337031,0.6033057851239669,0.964401294498382,0.0851596675144969,114.49572810676491,140
malchow_project\images\IMG_0811.jpg,IMG_0811.jpg,IMG-0811__qr-NOQR__00beb081,384,,36.0,2.0,10.0,359.0,True,FeldNr: 36 | X=2;y =10 | R4s,359.0,0.7,4705.0,3138.0,3294.0,2197.0,True,FeldNr: 36 | X=2;y =10 | R4s,none,,,,,,,,,,,,,,,,,,,,,,,,,0.14,428.0,214.0,,,,,428.0,,,,,,214.0,,malchow_project\analysis\output\metadata\IMG-0811__qr-NOQR__00beb081__qr.txt,malchow_project\analysis\output\metadata\IMG-0811__qr-NOQR__00beb081__qr.json,container_interior_v2_raw,191.0,3294.0,0.0,2197.0,3103.0,2197.0,working_pixels,container_interior_v2_raw,"{""left"": 0, ""right"": 3138, ""top"": 270, ""bottom"": 4373}","[280, 4705, 0, 3138]","[1569, 2321]","{""left"": 0, ""right"": 0, ""top"": 0, ""bottom"": 0}",13149902.0,12.0,True,0.0,1.0,403.0,403.0,403.0,0.0,0.0,403.0,44.0,17.0,0.0,0.0,6.0,420.0,414.0,True,F:\claude_larvae_collection\analysis\models\larva_candidate_classifier_retrained.pt,0.5,128.0,raw_isolated_mask,64.0,414.0,403.0,11.0,403.0,0.9453470594111356,0.9453470594111356,19.0,malchow_project\analysis\output\labels\IMG-0811__qr-NOQR__00beb081__labels.tif,malchow_project\analysis\output\labels\IMG-0811__qr-NOQR__00beb081__labels_full_working.tif,malchow_project\analysis\output\labels\IMG-0811__qr-NOQR__00beb081__labels_full_original.tif,malchow_project\analysis\output\overlays\IMG-0811__qr-NOQR__00beb081__labeled.png,original_pixels,malchow_project\analysis\output\stats\IMG-0811__qr-NOQR__00beb081__worms.csv,,,36.0,2.0,10.0,R4S,359.0,,,high,382,382,1169.1230366492146,1126.5,156,2786,511.450854870959,446605,3.9940119383331467,4.038066026953491,1.960482929314619,6.011565405292644,0.6736030157862802,1525.712560443262,81.73452434195625,84.14648941404987,24.454148208036628,202.09596116292312,24.464734707370177,31222.588298627288,20.433642099776502,19.66566319476811,8.23581487943511,45.891294215032495,5.350720859765088,7805.651282114624,128.0,128.0,128,128,0.0,48896,0.9293945742215162,0.9388885498046875,0.5696429014205933,0.9867332577705384,0.044220535014139466,355.02872735261917,0.5,0.5,0.5,0.5,0.0,191.0,2.0,2.0,2,2,0.0,764,0.0,0.0,0.0,0.0,0.0,0.0,0.0,0.0,0,0,0.0,0,0.9644211643159057,0.9688512207500144,0.860127911228459,0.9860674421537972,0.01673854081980318,368.408884768676,37.568357603817894,37.87220981805545,14.093451279891855,59.55875562528286,8.797431104998422,14351.112604658436,197.5758742886688,198.91986083984375,161.80381774902344,216.38661193847656,10.244912725184825,75473.98397827148,203.9044502617801,205.0,172.0,217.0,6.676586275198602,77891.5,61.89921465968586,60.5,14.0,123.0,24.785026900060842,23645.5,54.01382510200221,55.94091796875,6.745285034179688,93.11322021484376,18.056597551284828,20633.281188964844,143.5620491866666,142.84485626220703,90.82315826416016,185.05645751953125,17.897012735721145,54840.70278930664,18.034653885075013,18.091269841269842,6.782608695652174,29.59375,3.5588878774760526,6889.237784098655,142.00523560209425,142.0,68.0,199.0,25.447438986943553,54246.0,0.03318120431224776,0.00854494757358705,-1.5308546754609105,1.56890261087535,0.8978407772092134,12.675220047278644,179.03966164953846,181.36143571373725,54.62741699796952,416.6761902332486,51.845484916759105,68393.15075012369,,,,,,0.0,,,,,,0.0,0.125117,0.125117,0.125117,0.125117,0.0,47.794694,0.178738,0.178738,0.178738,0.178738,0.0,68.277916,7.9925,7.9925,7.9925,7.9925,0.0,3053.1349999999998,5.5948,5.5948,5.5948,5.5948,0.0,2137.2136,0.4424083769633508,0.0,0,7,1.2039229231844593,169,62.99476439790576,64.5,15.0,159.0,21.196121415667196,24064.0,0.8262756338081129,0.8314954934511443,0.4711538461538461,0.966346153846154,0.07511619224869254,315.6372921146991,384
malchow_project\images\IMG_0812.jpg,IMG_0812.jpg,IMG-0812__qr-NOQR__bdb67395,390,,36.0,2.0,10.0,359.0,True,FeldNr: 36 | 10 | R4s | 359 | X=2;y =,359.0,0.7,4705.0,3138.0,3294.0,2197.0,True,FeldNr: 36 | 10 | R4s | 359 | X=2;y =,none,,,,,,,,,,,,,,,,,,,,,,,,,0.14,428.0,214.0,,,,,428.0,,,,,,214.0,,malchow_project\analysis\output\metadata\IMG-0812__qr-NOQR__bdb67395__qr.txt,malchow_project\analysis\output\metadata\IMG-0812__qr-NOQR__bdb67395__qr.json,container_interior_v2_raw,184.0,3294.0,0.0,2197.0,3110.0,2197.0,working_pixels,container_interior_v2_raw,"{""left"": 0, ""right"": 3138, ""top"": 261, ""bottom"": 4373}","[271, 4705, 0, 3138]","[1569, 2317]","{""left"": 0, ""right"": 0, ""top"": 0, ""bottom"": 0}",13820819.0,12.0,True,0.0,1.0,410.0,410.0,410.0,0.0,0.0,410.0,198.0,77.0,0.0,0.0,7.0,487.0,480.0,True,F:\claude_larvae_collection\analysis\models\larva_candidate_classifier_retrained.pt,0.5,128.0,raw_isolated_mask,64.0,480.0,409.0,71.0,409.0,0.991304570541238,0.991304570541238,19.0,malchow_project\analysis\output\labels\IMG-0812__qr-NOQR__bdb67395__labels.tif,malchow_project\analysis\output\labels\IMG-0812__qr-NOQR__bdb67395__labels_full_working.tif,malchow_project\analysis\output\labels\IMG-0812__qr-NOQR__bdb67395__labels_full_original.tif,malchow_project\analysis\output\overlays\IMG-0812__qr-NOQR__bdb67395__labeled.png,original_pixels,malchow_project\analysis\output\stats\IMG-0812__qr-NOQR__bdb67395__worms.csv,,,36.0,2.0,10.0,R4S,359.0,,,high,385,385,1176.4571428571428,1124.0,62,2707,527.3477800286929,452936,4.018342649645159,4.055171124048332,1.522570656244026,7.655183759742227,0.7056038905478718,1547.0619201133861,81.71151389100498,84.59474877718132,18.14992001364105,129.1593615173067,23.583406835870292,31458.93284803692,20.40506072109376,19.75161622860288,4.575189319481578,38.378291389397205,5.4646022250731985,7855.948377621098,128.0,128.0,128,128,0.0,49280,0.9344476582167984,0.9488652348518372,0.6095317602157593,0.9858609437942504,0.04895361743243342,359.7623484134674,0.5,0.5,0.5,0.5,0.0,192.5,2.0,2.0,2,2,0.0,770,0.0,0.0,0.0,0.0,0.0,0.0,0.0,0.0,0,0,0.0,0,0.9643780970371482,0.9691176772388462,0.7540787869547815,0.9914311317101578,0.020433716169706496,371.28556735930204,37.60035347044823,37.83016320718592,8.884866446580956,58.70825706489749,9.183912665527492,14476.136086122571,201.46436268199574,202.45016479492188,166.07972717285156,217.3333282470703,9.787230339329913,77563.77963256836,207.03636363636363,208.0,183.0,218.0,6.773491319776746,79709.0,60.43766233766234,59.0,3.0,125.0,25.523937084877222,23268.5,54.318244834998985,53.76153564453125,-2.637664794921875,101.92943572998048,18.469592341649502,20912.52426147461,147.14611784699676,147.79432678222656,94.53821563720705,188.8741912841797,18.272306580512364,56651.25537109375,18.166394803663966,18.39622641509434,2.2962962962962963,28.402439024390244,3.7401037711587675,6994.061999410626,146.5987012987013,146.0,70.0,202.0,25.99608090207668,56440.5,0.029518125458281946,0.1143953266351539,-1.5694735503865855,1.5679539442105994,0.9139935418737435,11.364478301438549,178.9905774590221,180.79393923934,48.59188309203678,282.24978336205567,51.06318021718477,68911.37232172351,,,,,,0.0,,,,,,0.0,0.125017,0.125017,0.125017,0.125017,0.0,48.131544999999996,0.178596,0.178596,0.178596,0.178596,0.0,68.75946,7.9989,7.9989,7.9989,7.9989,0.0,3079.5765,5.5992,5.5992,5.5992,5.5992,0.0,2155.692,0.3012987012987013,0.0,0,7,1.0065532030893103,116,62.4051948051948,63.0,15.0,110.0,20.414123328643246,24026.0,0.8260486657364515,0.8332513526807673,0.484375,0.9518072289156626,0.07087589153147188,318.02873630853384,390
malchow_project\images\IMG_0814.jpg,IMG_0814.jpg,IMG-0814__qr-NOQR__07423bf7,154,,38.0,2.0,12.0,216.0,True,FeldNr: 38 | X=2;y = 12 | R4s,216.0,0.7,4705.0,3138.0,3294.0,2197.0,True,FeldNr: 38 | X=2;y = 12 | R4s,none,,,,,,,,,,,,,,,,,,,,,,,,,0.14,428.0,214.0,,,,,428.0,,,,,,214.0,,malchow_project\analysis\output\metadata\IMG-0814__qr-NOQR__07423bf7__qr.txt,malchow_project\analysis\output\metadata\IMG-0814__qr-NOQR__07423bf7__qr.json,container_interior_v2_raw,174.0,3294.0,0.0,2197.0,3120.0,2197.0,working_pixels,container_interior_v2_raw,"{""left"": 0, ""right"": 3138, ""top"": 247, ""bottom"": 4374}","[257, 4705, 0, 3138]","[1569, 2310]","{""left"": 0, ""right"": 0, ""top"": 0, ""bottom"": 0}",13067192.0,12.0,True,0.0,1.0,161.0,161.0,161.0,0.0,0.0,161.0,81.0,49.0,0.0,0.0,4.0,210.0,206.0,True,F:\claude_larvae_collection\analysis\models\larva_candidate_classifier_retrained.pt,0.5,128.0,raw_isolated_mask,64.0,206.0,155.0,51.0,155.0,0.9342527105726924,0.9342527105726924,1.0,malchow_project\analysis\output\labels\IMG-0814__qr-NOQR__07423bf7__labels.tif,malchow_project\analysis\output\labels\IMG-0814__qr-NOQR__07423bf7__labels_full_working.tif,malchow_project\analysis\output\labels\IMG-0814__qr-NOQR__07423bf7__labels_full_original.tif,malchow_project\analysis\output\overlays\IMG-0814__qr-NOQR__07423bf7__labeled.png,original_pixels,malchow_project\analysis\output\stats\IMG-0814__qr-NOQR__07423bf7__worms.csv,,,38.0,2.0,12.0,R4S,216.0,,,high,154,154,1310.6103896103896,1189.5,269,2610,603.2413895025751,201834,4.021509554957011,4.086131158523928,1.8028931268737096,5.820270962510822,0.6015443793943874,619.3124714633797,86.2365710960437,85.27605204484146,32.13726093304196,126.55298614151005,23.359989761997447,13280.43194879073,21.657180242365662,20.6940513710219,9.881021222380877,37.50629777295173,5.95987439922049,3335.205757324312,128.0,128.0,128,128,0.0,19712,0.9466928173969318,0.9590260088443756,0.7697910666465759,0.991655707359314,0.039177561945603824,145.7906938791275,0.5,0.5,0.5,0.5,0.0,77.0,2.0,2.0,2,2,0.0,308,0.0,0.0,0.0,0.0,0.0,0.0,0.0,0.0,0,0,0.0,0,0.9655425188161568,0.9695910416598367,0.832074391969882,0.9851295283557334,0.016407903043574708,148.69354789768815,39.70255897965281,38.916813481611506,18.5067943613625,57.64681441119513,9.645304009623874,6114.194082866532,205.80420476740056,207.09151458740234,187.72384643554688,217.30039978027344,7.079169441946666,31693.847534179688,207.27272727272728,209.0,193.0,218.0,6.779701274843464,31920.0,71.29545454545455,72.0,21.0,128.0,20.945198775681796,10979.5,63.31010204166561,64.44755935668945,20.717071533203125,110.24708557128906,17.055493453950817,9749.755714416504,142.49410272573496,141.2994613647461,99.73110961914062,181.6258544921875,16.419565925798985,21944.091819763184,19.405100359978864,19.588352007469656,7.538461538461538,30.670886075949365,4.136968678612857,2988.385455436745,135.97727272727272,134.25,84.0,185.0,20.431884357438058,20940.5,0.054490049572283816,0.12027727515004599,-1.5649745535218305,1.5526084222678234,0.9237845762663772,8.391467634131708,188.5928122774356,183.5304832720494,76.2842712474619,283.37972567696687,51.78051265143755,29043.29309072508,,,,,,0.0,,,,,,0.0,0.125117,0.125117,0.125117,0.125117,0.0,19.268018,0.178738,0.178738,0.178738,0.178738,0.0,27.525652,7.992500000000001,7.9925,7.9925,7.9925,0.0,1230.845,5.5948,5.5948,5.5948,5.5948,0.0,861.5992,0.11688311688311688,0.0,0,4,0.6151470619434611,18,64.78571428571429,61.5,18.0,106.0,20.095837141097007,9977.0,0.8234777534728206,0.8175214660605661,0.6783849634528367,0.9659714599341384,0.07012043415656168,126.81557403481438,154
malchow_project\images\IMG_0815.jpg,IMG_0815.jpg,IMG-0815__qr-NOQR__ef329240,162,,38.0,2.0,12.0,216.0,True,FeldNr: 38 | X=2;y = 12 | R4s | 216,216.0,0.7,4705.0,3138.0,3294.0,2197.0,True,FeldNr: 38 | X=2;y = 12 | R4s | 216,none,,,,,,,,,,,,,,,,,,,,,,,,,0.14,428.0,214.0,,,,,428.0,,,,,,214.0,,malchow_project\analysis\output\metadata\IMG-0815__qr-NOQR__ef329240__qr.txt,malchow_project\analysis\output\metadata\IMG-0815__qr-NOQR__ef329240__qr.json,container_interior_v2_raw,178.0,3294.0,0.0,2197.0,3116.0,2197.0,working_pixels,container_interior_v2_raw,"{""left"": 0, ""right"": 3138, ""top"": 252, ""bottom"": 4371}","[262, 4705, 0, 3138]","[1569, 2311]","{""left"": 0, ""right"": 0, ""top"": 0, ""bottom"": 0}",13160642.0,12.0,True,0.0,1.0,168.0,168.0,168.0,0.0,0.0,168.0,159.0,115.0,0.0,0.0,29.0,283.0,254.0,True,F:\claude_larvae_collection\analysis\models\larva_candidate_classifier_retrained.pt,0.5,128.0,raw_isolated_mask,64.0,254.0,168.0,86.0,168.0,0.9421437974411366,0.9421437974411366,6.0,malchow_project\analysis\output\labels\IMG-0815__qr-NOQR__ef329240__labels.tif,malchow_project\analysis\output\labels\IMG-0815__qr-NOQR__ef329240__labels_full_working.tif,malchow_project\analysis\output\labels\IMG-0815__qr-NOQR__ef329240__labels_full_original.tif,malchow_project\analysis\output\overlays\IMG-0815__qr-NOQR__ef329240__labeled.png,original_pixels,malchow_project\analysis\output\stats\IMG-0815__qr-NOQR__ef329240__worms.csv,,,38.0,2.0,12.0,R4S,216.0,,,high,162,162,1269.2654320987654,1109.5,193,2674,603.0757890755248,205621,3.9589181437859273,4.040993774467909,1.6332579448003135,5.18474166653416,0.608018302590922,641.3447392933202,84.0726625577859,82.32972406780513,32.25223355222547,145.1458942863968,24.449144804024023,13619.771334361316,21.369058748943786,20.1804008330528,8.238077206489919,35.9677179566747,5.9753314648252625,3461.787517328893,128.0,128.0,128,128,0.0,20736,0.9489664869543947,0.9605970680713654,0.6849318146705627,0.9905030727386476,0.04471269901350182,153.73257088661194,0.5,0.5,0.5,0.5,0.0,81.0,2.0,2.0,2,2,0.0,324,0.0,0.0,0.0,0.0,0.0,0.0,0.0,0.0,0,0,0.0,0,0.9639408853471183,0.9688970763061602,0.7906463050956415,0.981223602865752,0.019653699288126873,156.15842342623316,39.00383032451682,37.58485508838186,15.67594437773643,58.34931484277965,9.765698007902557,6318.620512571724,206.87728005868416,208.3877182006836,179.73133850097656,217.3017578125,7.371535744137815,33514.119369506836,207.820987654321,210.0,177.0,218.0,6.988814773460132,33667.0,71.08641975308642,72.5,27.0,127.0,21.18072047928188,11516.0,63.24059328620817,65.13333892822266,24.291900634765625,106.1266098022461,16.110399010666615,10244.976112365723,143.636686772476,142.06485748291016,103.60535430908205,186.5767822265625,16.585039627054925,23269.143257141113,19.11348058069091,18.63764880952381,9.19047619047619,29.16470588235294,3.8169129996881965,3096.3838540719275,136.73456790123456,134.5,85.0,189.0,21.281474523318753,22151.0,0.06458983321566576,0.0225040259377167,-1.5618602150437595,1.569120795269025,0.886415179847025,10.463552980937854,184.56323652771482,178.99494936611666,67.84062043356595,364.7523086789973,54.745124930100715,29899.2443174898,,,,,,0.0,,,,,,0.0,0.125617,0.125617,0.125617,0.125617,0.0,20.349954,0.179452,0.179452,0.179452,0.179452,0.0,29.071224,7.960699999999999,7.9607,7.9607,7.9607,0.0,1289.6334,5.5725,5.5725,5.5725,5.5725,0.0,902.745,0.10493827160493827,0.0,0,6,0.6925336029370661,17,63.46913580246913,61.5,20.0,136.0,21.234617476487486,10282.0,0.8309419983079653,0.8285989363653035,0.6192159383033419,0.9544041450777202,0.07036757011238956,134.61260372589038,162
malchow_project\images\IMG_0817.jpg,IMG_0817.jpg,IMG-0817__qr-NOQR__5c033b05,281,,39.0,2.0,13.0,233.0,True,FeldNr: 39 | X=2;y =13 | R4s,233.0,0.7,4705.0,3138.0,3294.0,2197.0,True,FeldNr: 39 | X=2;y =13 | R4s,none,,,,,,,,,,,,,,,,,,,,,,,,,0.14,428.0,214.0,,,,,428.0,,,,,,214.0,,malchow_project\analysis\output\metadata\IMG-0817__qr-NOQR__5c033b05__qr.txt,malchow_project\analysis\output\metadata\IMG-0817__qr-NOQR__5c033b05__qr.json,container_interior_v2_raw,182.0,3294.0,0.0,2197.0,3112.0,2197.0,working_pixels,container_interior_v2_raw,"{""left"": 0, ""right"": 3138, ""top"": 258, ""bottom"": 4367}","[268, 4705, 0, 3138]","[1569, 2312]","{""left"": 0, ""right"": 0, ""top"": 0, ""bottom"": 0}",13189029.0,12.0,True,0.0,1.0,274.0,274.0,274.0,0.0,0.0,274.0,100.0,54.0,0.0,0.0,5.0,328.0,323.0,True,F:\claude_larvae_collection\analysis\models\larva_candidate_classifier_retrained.pt,0.5,128.0,raw_isolated_mask,64.0,323.0,291.0,32.0,291.0,0.9453704104568862,0.9453704104568862,10.0,malchow_project\analysis\output\labels\IMG-0817__qr-NOQR__5c033b05__labels.tif,malchow_project\analysis\output\labels\IMG-0817__qr-NOQR__5c033b05__labels_full_working.tif,malchow_project\analysis\output\labels\IMG-0817__qr-NOQR__5c033b05__labels_full_original.tif,malchow_project\analysis\output\overlays\IMG-0817__qr-NOQR__5c033b05__labeled.png,original_pixels,malchow_project\analysis\output\stats\IMG-0817__qr-NOQR__5c033b05__worms.csv,,,39.0,2.0,13.0,R4S,233.0,,,high,262,262,1289.8435114503816,1223.0,213,2826,643.6352057644918,337939,4.078938421367377,4.109747866833772,1.9387872154543184,5.780476166314863,0.5252630398656392,1068.6818663982529,85.47233006835462,87.35015503901616,29.28652641670716,154.56891080572277,25.170716344704285,22393.75047790891,21.042943710941223,20.567811429779287,8.525303114538486,55.88102116425149,6.334028939375256,5513.2512522666,128.0,128.0,128,128,0.0,33536,0.9402277974682,0.9525536000728608,0.60430508852005,0.9935564398765564,0.04480090822344282,246.3396829366684,0.5,0.5,0.5,0.5,0.0,131.0,2.0,2.0,2,2,0.0,524,0.0,0.0,0.0,0.0,0.0,0.0,0.0,0.0,0,0,0.0,0,0.9675030941280133,0.9699449230347913,0.8567172410990785,0.9849225042529436,0.01176010577201699,253.4858106615395,39.140736862713844,39.460965508768325,16.46815177937675,59.98478935048093,10.521645374753376,10254.873058031028,204.82089483828946,206.2306137084961,175.6496124267578,225.78375244140625,8.124637480271959,53663.074447631836,206.11068702290078,208.0,188.0,226.0,7.421050641899622,54001.0,65.5114503816794,68.0,7.0,120.0,23.37287008747281,17164.0,59.53591074470345,60.80016326904297,8.9100341796875,96.91291046142578,16.871758458870783,15598.408615112305,145.284984093586,142.55034637451172,98.69954681396484,203.4991607666016,18.075097612761997,38064.66583251953,18.945917728623883,19.478787878787877,7.0,28.160493827160494,4.2946051233526905,4963.830444899458,140.59923664122138,137.0,91.0,207.0,24.510410630997367,36837.0,-0.028370409538825685,0.0451344276379568,-1.5614120664971904,1.5627645529832757,0.8647129317197931,-7.43304729917233,186.45765563489633,186.3380951166243,65.25483399593904,349.4041122946064,56.23469148831317,48851.905776342835,,,,,,0.0,,,,,,0.0,0.125216,0.125216,0.125216,0.125216,0.0,32.806591999999995,0.178881,0.178881,0.178881,0.178881,0.0,46.866822000000006,7.986199999999999,7.9862,7.9862,7.9862,0.0,2092.3844,5.5903,5.5903,5.5903,5.5903,0.0,1464.6586,0.12213740458015267,0.0,0,5,0.6611600250686617,32,64.40076335877863,65.0,16.0,128.0,21.692108832982264,16873.0,0.8269172943662624,0.833105901785147,0.497550353837779,0.9444933920704844,0.06436344714659605,216.65233112396075,281
malchow_project\images\IMG_0818.jpg,IMG_0818.jpg,IMG-0818__qr-NOQR__94ec5f65,266,,39.0,2.0,13.0,233.0,True,FeldNr: 39 | x=2;y = 13 | R4s,233.0,0.7,4705.0,3138.0,3294.0,2197.0,True,FeldNr: 39 | x=2;y = 13 | R4s,none,,,,,,,,,,,,,,,,,,,,,,,,,0.14,428.0,214.0,,,,,428.0,,,,,,214.0,,malchow_project\analysis\output\metadata\IMG-0818__qr-NOQR__94ec5f65__qr.txt,malchow_project\analysis\output\metadata\IMG-0818__qr-NOQR__94ec5f65__qr.json,container_interior_v2_raw,190.0,3294.0,0.0,2197.0,3104.0,2197.0,working_pixels,container_interior_v2_raw,"{""left"": 0, ""right"": 3138, ""top"": 269, ""bottom"": 4373}","[279, 4705, 0, 3138]","[1569, 2321]","{""left"": 0, ""right"": 0, ""top"": 0, ""bottom"": 0}",13144550.0,12.0,True,0.0,1.0,274.0,274.0,274.0,0.0,0.0,274.0,126.0,41.0,0.0,0.0,4.0,315.0,311.0,True,F:\claude_larvae_collection\analysis\models\larva_candidate_classifier_retrained.pt,0.5,128.0,raw_isolated_mask,64.0,311.0,278.0,33.0,278.0,0.944641885138591,0.944641885138591,12.0,malchow_project\analysis\output\labels\IMG-0818__qr-NOQR__94ec5f65__labels.tif,malchow_project\analysis\output\labels\IMG-0818__qr-NOQR__94ec5f65__labels_full_working.tif,malchow_project\analysis\output\labels\IMG-0818__qr-NOQR__94ec5f65__labels_full_original.tif,malchow_project\analysis\output\overlays\IMG-0818__qr-NOQR__94ec5f65__labeled.png,original_pixels,malchow_project\analysis\output\stats\IMG-0818__qr-NOQR__94ec5f65__worms.csv,,,39.0,2.0,13.0,R4S,233.0,,,high,263,263,1315.231939163498,1237.0,115,2959,664.0729658811329,345906,4.038471742881896,4.060703476349451,1.5664273018685508,7.016163633625537,0.5401586927315027,1062.1180683779387,85.64351476581776,88.46991317405264,21.957191606654963,156.40769613632926,25.957711584938732,22524.24438341007,21.313797904133125,20.455880540149483,5.633331484310352,68.97427911951733,7.0260862994443345,5605.528848787012,128.0,128.0,128,128,0.0,33664,0.9443581543947808,0.9565465450286864,0.6975469589233398,0.9923462867736816,0.04112315003628668,248.36619460582733,0.5,0.5,0.5,0.5,0.0,131.5,2.0,2.0,2,2,0.0,526,0.0,0.0,0.0,0.0,0.0,0.0,0.0,0.0,0,0,0.0,0,0.9663847883508543,0.9692031049121552,0.7697085813308315,0.9897907657109256,0.016291260398569072,254.15919933627467,39.474347384505954,39.68623586128314,12.100518486599809,61.38009296890439,10.80858071700121,10381.753362125066,204.6464143470213,206.63780212402344,159.67233276367188,221.034912109375,9.32568862748889,53822.0069732666,206.9505703422053,208.0,185.0,223.0,7.364645639720858,54428.0,66.04752851711027,69.0,17.0,146.0,23.626156088158865,17370.5,58.70069757613846,60.29386901855469,8.454330444335938,97.3890380859375,17.109154163641257,15438.283462524414,145.94571677088285,145.0490264892578,89.26293182373047,185.6994781494141,17.518578193912425,38383.72351074219,19.357777142820378,19.3768115942029,6.388888888888889,29.50574712643678,4.300759116038123,5091.095388561759,140.90304182509504,138.0,56.0,195.0,24.53298741751633,37057.5,0.032133651556272125,-0.0057731364260394,-1.5673007952057156,1.5355230714780137,0.8943074184107002,8.451150359299568,187.30497864476825,188.06601717798213,55.35533905932738,411.1025971044414,59.035619501308084,49261.20938357405,,,,,,0.0,,,,,,0.0,0.125316,0.125316,0.125316,0.125316,0.0,32.958108,0.179023,0.179023,0.179023,0.179023,0.0,47.083048999999995,7.979799999999999,7.9798,7.9798,7.9798,0.0,2098.6874,5.5859,5.5859,5.5859,5.5859,0.0,1469.0917,0.11787072243346007,0.0,0,4,0.6341009371469952,31,64.25855513307985,66.0,17.0,149.0,22.924903810011607,16900.0,0.8332422092430909,0.8408203125,0.4503039264005257,0.9478260869565216,0.06539250008439752,219.1427010309329,266
